SampleID,Group,Transformation,Formula,Counts,Perc_Counts
RC2_0138_ICR-2_p1,Other,random,C10H7N1O1,1,3.85817e-05
RC2_0138_ICR-2_p1,Other,random,thymine_(_H)_C5H5N2O2,1,3.85817e-05
RC2_0138_ICR-2_p1,Other,random,C10H9N1,1,3.85817e-05
RC2_0138_ICR-2_p1,Other,random,C10H8N2O1,1,3.85817e-05
RC2_0138_ICR-2_p1,Other,random,C_10H_2O5P2,1,3.85817e-05
RC2_0138_ICR-2_p1,Other,random,C10H10N2O_1,1,3.85817e-05
RC2_0138_ICR-2_p1,Other,random,C10H10F1N3O5,1,3.85817e-05
RC2_0138_ICR-2_p1,Other,random,C_1H1N_1S1,1,3.85817e-05
RC2_0138_ICR-2_p1,Other,random,C11H20O7S1N1P1,1,3.85817e-05
RC2_0138_ICR-2_p1,Other,random,C12H10N2O2,1,3.85817e-05
RC2_0138_ICR-2_p1,Other,random,C8H9N1O_1,1,3.85817e-05
RC2_0138_ICR-2_p1,Other,random,C8H8N2,1,3.85817e-05
RC2_0138_ICR-2_p1,Other,random,C9H15O8N4P1,1,3.85817e-05
RC2_0138_ICR-2_p1,Other,random,C11H20O5N3P1,1,3.85817e-05
RC2_0138_ICR-2_p1,Other,random,C9H11O2N3,1,3.85817e-05
RC2_0138_ICR-2_p1,Other,random,C9H11N1O1,1,3.85817e-05
RC2_0138_ICR-2_p1,Other,random,C8H12N2O5S1,1,3.85817e-05
RC2_0138_ICR-2_p1,Other,random,C8H13N3O3,1,3.85817e-05
RC2_0138_ICR-2_p1,Other,random,C8H7N1O1,1,3.85817e-05
RC2_0138_ICR-2_p1,Other,random,C13H16N4O2,1,3.85817e-05
RC2_0138_ICR-2_p1,Other,random,C7H4O4S1,1,3.85817e-05
RC2_0138_ICR-2_p1,Other,random,C7H8O1N4,1,3.85817e-05
RC2_0138_ICR-2_p1,Other,random,C14H15O5N1,1,3.85817e-05
RC2_0138_ICR-2_p1,Other,random,C13H6N2O4,1,3.85817e-05
RC2_0138_ICR-2_p1,Other,random,C12H21N1O9,1,3.85817e-05
RC2_0138_ICR-2_p1,Other,random,C13H14O2N4,1,3.85817e-05
RC2_0138_ICR-2_p1,Other,random,C9H11O1N5,1,3.85817e-05
RC2_0138_ICR-2_p1,Other,random,C8H7N1,1,3.85817e-05
RC2_0138_ICR-2_p1,Other,random,C_4H1N2O1P1,1,3.85817e-05
RC2_0138_ICR-2_p1,Other,random,Cl2,1,3.85817e-05
RC2_0138_ICR-2_p1,Other,random,C7H13O7N2P1,1,3.85817e-05
RC2_0138_ICR-2_p1,Other,random,C7H9N1,1,3.85817e-05
RC2_0138_ICR-2_p1,Other,random,C5H2N4,1,3.85817e-05
RC2_0138_ICR-2_p1,Other,random,C6H4N2,1,3.85817e-05
RC2_0138_ICR-2_p1,Other,random,C6H3N1O3S1,1,3.85817e-05
RC2_0138_ICR-2_p1,Other,random,C18H30O1,1,3.85817e-05
RC2_0138_ICR-2_p1,Other,random,C6H10N2O2,1,3.85817e-05
RC2_0138_ICR-2_p1,Other,random,C6H10O3S1,1,3.85817e-05
RC2_0138_ICR-2_p1,Other,random,C6H10N1O7P1,1,3.85817e-05
RC2_0138_ICR-2_p1,Other,random,C19H28O1,1,3.85817e-05
RC2_0138_ICR-2_p1,Other,random,C6H11O5,1,3.85817e-05
RC2_0138_ICR-2_p1,Other,random,disaccharide (-H2O),1,3.85817e-05
RC2_0138_ICR-2_p1,Other,random,glucose-N-Phosphate (-H2O),1,3.85817e-05
RC2_0138_ICR-2_p1,Other,random,C1H5,1,3.85817e-05
RC2_0138_ICR-2_p1,Other,random,C5H12N4O_1,1,3.85817e-05
RC2_0138_ICR-2_p1,Other,random,adenine_(_H)_C5H4N5,1,3.85817e-05
RC2_0138_ICR-2_p1,Other,random,biotinyl (-H2O),1,3.85817e-05
RC2_0138_ICR-2_p1,Other,random,C5H6O1N2,1,3.85817e-05
RC2_0138_ICR-2_p1,Other,random,C6H5O_1N5,1,3.85817e-05
RC2_0138_ICR-2_p1,Other,random,deoxythymidine 5_ diphosphate (-H2O),1,3.85817e-05
RC2_0138_ICR-2_p1,Other,random,C19H26O1,1,3.85817e-05
RC2_0138_ICR-2_p1,Other,random,C6H8N4O1,1,3.85817e-05
RC2_0138_ICR-2_p1,Other,random,C18H26,1,3.85817e-05
RC2_0138_ICR-2_p1,Other,random,C18H26O_1,1,3.85817e-05
RC2_0138_ICR-2_p1,Other,random,C18H22O1,1,3.85817e-05
RC2_0138_ICR-2_p1,Other,random,C18H10O5,1,3.85817e-05
RC2_0138_ICR-2_p1,Other,random,C17H28N2O12S1,1,3.85817e-05
RC2_0138_ICR-2_p1,Other,random,C6H6O1N4,1,3.85817e-05
RC2_0138_ICR-2_p1,Other,random,Cysteine,1,3.85817e-05
RC2_0138_ICR-2_p1,Other,random,C1H_1,1,3.85817e-05
RC2_0138_ICR-2_p1,Other,random,C1H7N3,1,3.85817e-05
RC2_0138_ICR-2_p1,Other,random,C5H3O2N1,1,3.85817e-05
RC2_0138_ICR-2_p1,Other,random,C5H2O_1N4,1,3.85817e-05
RC2_0138_ICR-2_p1,Other,random,C5H2N4S1,1,3.85817e-05
RC2_0138_ICR-2_p1,Other,random,C4H8O1N2,1,3.85817e-05
RC2_0138_ICR-2_p1,Other,random,C4H11O2Cl2N2P1,1,3.85817e-05
RC2_0138_ICR-2_p1,Other,random,H3O1,1,3.85817e-05
RC2_0138_ICR-2_p1,Other,random,H3O3N1S1,1,3.85817e-05
RC2_0138_ICR-2_p1,Other,random,H3N1O_3S1,1,3.85817e-05
RC2_0138_ICR-2_p1,Other,random,H2O_1Cl1N1,1,3.85817e-05
RC2_0138_ICR-2_p1,Other,random,C4H3N1,1,3.85817e-05
RC2_0138_ICR-2_p1,Other,random,C2H5O1,1,3.85817e-05
RC2_0138_ICR-2_p1,Other,random,O_1H4N2,1,3.85817e-05
RC2_0138_ICR-2_p1,Other,random,O_2S2,1,3.85817e-05
RC2_0138_ICR-2_p1,Other,random,C2H_1O_1N1S1,1,3.85817e-05
RC2_0138_ICR-2_p1,Other,random,Lysine_C6H12N2O,1,3.85817e-05
RC2_0138_ICR-2_p1,Other,random,Lysine,1,3.85817e-05
RC2_0138_ICR-2_p1,Other,random,Arginine,1,3.85817e-05
RC2_0138_ICR-2_p1,Other,random,C3H2N2O_1,1,3.85817e-05
RC2_0138_ICR-2_p1,Other,random,C3H2N2O6P2,1,3.85817e-05
RC2_0138_ICR-2_p1,Other,random,tertiary amine,1,3.85817e-05
RC2_0138_ICR-2_p1,Other,random,pyridoxal phosphate (-H2O),1,3.85817e-05
RC2_0138_ICR-2_p1,Other,random,thymine (-H),1,3.85817e-05
RC2_0138_ICR-2_p1,Other,random,N1,1,3.85817e-05
RC2_0138_ICR-2_p1,Other,random,NH4,1,3.85817e-05
RC2_0138_ICR-2_p1,Other,random,C3H1N3O2,1,3.85817e-05
RC2_0138_ICR-2_p1,Other,random,NA_4,1,3.85817e-05
RC2_0138_ICR-2_p1,Other,random,isoprene addition (-H),1,3.85817e-05
RC2_0138_ICR-2_p1,Other,random,C10H13N1O1,1,3.85817e-05
RC2_0138_ICR-2_p1,Other,random,C10H24N4O_1,1,3.85817e-05
RC2_0138_ICR-2_p1,Other,random,C10H16O11N2P2,1,3.85817e-05
RC2_0138_ICR-2_p1,Other,random,Asparagine_C4H6N2O2,1,3.85817e-05
RC2_0138_ICR-2_p1,Other,random,Asparagine,1,3.85817e-05
RC2_0138_ICR-2_p1,Other,random,H_1O1,1,3.85817e-05
RC2_0138_ICR-2_p1,Other,random,C4H10N2O_1,1,3.85817e-05
RC2_0138_ICR-2_p1,Other,random,C3H3O2,1,3.85817e-05
RC2_0138_ICR-2_p1,Other,random,adenine (-H),1,3.85817e-05
RC2_0138_ICR-2_p1,Other,random,C20H28O1,1,3.85817e-05
RC2_0138_ICR-2_p1,Other,random,C20H12O1,1,3.85817e-05
RC2_0138_ICR-2_p1,Other,random,C1O_1N2,1,3.85817e-05
RC2_0138_ICR-2_p1,Other,random,C22H30O1,1,3.85817e-05
RC2_0138_ICR-2_p1,Other,random,C22H18N2O4,1,3.85817e-05
RC2_0138_ICR-2_p1,Other,random,C21H34O2,1,3.85817e-05
RC2_0138_ICR-2_p1,Other,random,C20H32O1,1,3.85817e-05
RC2_0138_ICR-2_p1,Other,random,C23H35N1O4S1,1,3.85817e-05
RC2_0138_ICR-2_p1,Other,random,H2N2O_1,1,3.85817e-05
RC2_0138_ICR-2_p1,Other,random,C3H7,1,3.85817e-05
RC2_0138_ICR-2_p1,Other,random,C3H8O1N2S2,1,3.85817e-05
RC2_0138_ICR-2_p1,Other,random,O1H1,1,3.85817e-05
RC2_0138_ICR-2_p1,Other,random,O3S1,1,3.85817e-05
RC2_0138_ICR-2_p1,Other,random,C4H2O1N2,1,3.85817e-05
RC2_0138_ICR-2_p1,Other,random,C2H2O4S1,1,3.85817e-05
RC2_0138_ICR-2_p1,Other,random,C5H12N2S2,1,3.85817e-05
RC2_0138_ICR-2_p1,Other,random,C7H12O1S1,2,7.71635e-05
RC2_0138_ICR-2_p1,Other,random,C7H16N1O1,2,7.71635e-05
RC2_0138_ICR-2_p1,Other,random,C5H7O3,2,7.71635e-05
RC2_0138_ICR-2_p1,Other,random,C18H34O1,2,7.71635e-05
RC2_0138_ICR-2_p1,Other,random,C18H28O1,2,7.71635e-05
RC2_0138_ICR-2_p1,Other,random,C18H14O7,2,7.71635e-05
RC2_0138_ICR-2_p1,Other,random,C18H24O1,2,7.71635e-05
RC2_0138_ICR-2_p1,Other,random,C17H12O7,2,7.71635e-05
RC2_0138_ICR-2_p1,Other,random,C18H24O11,2,7.71635e-05
RC2_0138_ICR-2_p1,Other,random,C1H5O2,2,7.71635e-05
RC2_0138_ICR-2_p1,Other,random,C14H8O2,2,7.71635e-05
RC2_0138_ICR-2_p1,Other,random,C9H12N2O11P2,2,7.71635e-05
RC2_0138_ICR-2_p1,Other,random,CH3COO-,2,7.71635e-05
RC2_0138_ICR-2_p1,Other,random,C10H12N5O3,2,7.71635e-05
RC2_0138_ICR-2_p1,Other,random,C11H18O9,2,7.71635e-05
RC2_0138_ICR-2_p1,Other,random,H4N1O3P1,2,7.71635e-05
RC2_0138_ICR-2_p1,Other,random,C5H12N1O3P1,2,7.71635e-05
RC2_0138_ICR-2_p1,Other,random,C20H30O3,2,7.71635e-05
RC2_0138_ICR-2_p1,Other,random,H_1S1O_1,2,7.71635e-05
RC2_0138_ICR-2_p1,Other,random,H_3N_3O3,2,7.71635e-05
RC2_0138_ICR-2_p1,Other,random,C2H8O4N1P1,2,7.71635e-05
RC2_0138_ICR-2_p1,Other,random,Methionine,2,7.71635e-05
RC2_0138_ICR-2_p1,Other,random,N2,2,7.71635e-05
RC2_0138_ICR-2_p1,Other,random,sulfate (-H2O),2,7.71635e-05
RC2_0138_ICR-2_p1,Other,random,thymidine 5_ monophosphate (-H2O),2,7.71635e-05
RC2_0138_ICR-2_p1,Other,random,Methionine_C5H9NOS,2,7.71635e-05
RC2_0138_ICR-2_p1,Other,random,C3H8N1O3P1,2,7.71635e-05
RC2_0138_ICR-2_p1,Other,random,O1N1,2,7.71635e-05
RC2_0138_ICR-2_p1,Other,random,C4H6N1O_2P_1,2,7.71635e-05
RC2_0138_ICR-2_p1,Other,random,C8H15N1O1,2,7.71635e-05
RC2_0138_ICR-2_p1,Other,random,C8H8O_1N2,2,7.71635e-05
RC2_0138_ICR-2_p1,Other,random,C15H30O_1,2,7.71635e-05
RC2_0138_ICR-2_p1,Other,random,C14H12N6O2,2,7.71635e-05
RC2_0138_ICR-2_p1,Other,random,C8H14N1O8P1,2,7.71635e-05
RC2_0138_ICR-2_p1,Other,random,C8H13N1O4,2,7.71635e-05
RC2_0138_ICR-2_p1,Other,random,C8H5N1O2,2,7.71635e-05
RC2_0138_ICR-2_p1,Other,random,C_7H_2O4P2,2,7.71635e-05
RC2_0138_ICR-2_p1,Other,random,C2H4N2,2,7.71635e-05
RC2_0138_ICR-2_p1,Other,random,H7O6P1,2,7.71635e-05
RC2_0138_ICR-2_p1,Other,random,C4H9O7P1,2,7.71635e-05
RC2_0138_ICR-2_p1,Other,random,H2O3S1,2,7.71635e-05
RC2_0138_ICR-2_p1,Other,random,acetylation (-H),2,7.71635e-05
RC2_0138_ICR-2_p1,Other,random,H3O_1N1S1,2,7.71635e-05
RC2_0138_ICR-2_p1,Other,random,C5H10N1O6P1,2,7.71635e-05
RC2_0138_ICR-2_p1,Other,random,C2H5N1O_1S1,2,7.71635e-05
RC2_0138_ICR-2_p1,Other,random,C4H7O3N1,2,7.71635e-05
RC2_0138_ICR-2_p1,Other,random,C4H6N1O2S_1,2,7.71635e-05
RC2_0138_ICR-2_p1,Other,random,C9H7N1O4,2,7.71635e-05
RC2_0138_ICR-2_p1,Other,random,C11H17N1O7,2,7.71635e-05
RC2_0138_ICR-2_p1,Other,random,transamination (-O),2,7.71635e-05
RC2_0138_ICR-2_p1,Other,random,uridine 5_ monophosphate (-H2O),2,7.71635e-05
RC2_0138_ICR-2_p1,Other,random,uridine 5_ diphosphate (-H2O),2,7.71635e-05
RC2_0138_ICR-2_p1,Other,random,C9H11N1O2,2,7.71635e-05
RC2_0138_ICR-2_p1,Other,random,C9H16N1O7P1,2,7.71635e-05
RC2_0138_ICR-2_p1,Other,random,C8H15O6N1,2,7.71635e-05
RC2_0138_ICR-2_p1,Other,random,C8H8N1O1,3,0.000115745
RC2_0138_ICR-2_p1,Other,random,C11H9N1O3,3,0.000115745
RC2_0138_ICR-2_p1,Other,random,C12H10O12,3,0.000115745
RC2_0138_ICR-2_p1,Other,random,C12H16O12,3,0.000115745
RC2_0138_ICR-2_p1,Other,random,C9H15N1O4,3,0.000115745
RC2_0138_ICR-2_p1,Other,random,C_1H1N1O_2S1,3,0.000115745
RC2_0138_ICR-2_p1,Other,random,C6H6N1O2,3,0.000115745
RC2_0138_ICR-2_p1,Other,random,C6H12O7N1P1,3,0.000115745
RC2_0138_ICR-2_p1,Other,random,C6H5N1O1,3,0.000115745
RC2_0138_ICR-2_p1,Other,random,C7H11O3N1,3,0.000115745
RC2_0138_ICR-2_p1,Other,random,C16H28,3,0.000115745
RC2_0138_ICR-2_p1,Other,random,C7H13N1O4,3,0.000115745
RC2_0138_ICR-2_p1,Other,random,C7H3N1O2,3,0.000115745
RC2_0138_ICR-2_p1,Other,random,C12H8S2,3,0.000115745
RC2_0138_ICR-2_p1,Other,random,C12H17O3N1,3,0.000115745
RC2_0138_ICR-2_p1,Other,random,C8H5O1N1,3,0.000115745
RC2_0138_ICR-2_p1,Other,random,C8H11N1O6,3,0.000115745
RC2_0138_ICR-2_p1,Other,random,C8H11N1,3,0.000115745
RC2_0138_ICR-2_p1,Other,random,C8H15N1O3,3,0.000115745
RC2_0138_ICR-2_p1,Other,random,C8H12O1S2,3,0.000115745
RC2_0138_ICR-2_p1,Other,random,C8H13O2N1,3,0.000115745
RC2_0138_ICR-2_p1,Other,random,C8H14N1O1,3,0.000115745
RC2_0138_ICR-2_p1,Other,random,C7H5N1O2,3,0.000115745
RC2_0138_ICR-2_p1,Other,random,C7H5N1O3,3,0.000115745
RC2_0138_ICR-2_p1,Other,random,C5H13O_1N1,3,0.000115745
RC2_0138_ICR-2_p1,Other,random,C5H4N1,3,0.000115745
RC2_0138_ICR-2_p1,Other,random,C1H4N_1O5P1,3,0.000115745
RC2_0138_ICR-2_p1,Other,random,C5H9O4,3,0.000115745
RC2_0138_ICR-2_p1,Other,random,C5H7N1O4,3,0.000115745
RC2_0138_ICR-2_p1,Other,random,C1H2N2,3,0.000115745
RC2_0138_ICR-2_p1,Other,random,C1H3N1S1,3,0.000115745
RC2_0138_ICR-2_p1,Other,random,C6H11O8P1,3,0.000115745
RC2_0138_ICR-2_p1,Other,random,C18H32O1,3,0.000115745
RC2_0138_ICR-2_p1,Other,random,C6H1N1O1,3,0.000115745
RC2_0138_ICR-2_p1,Other,random,C_7H_4O5P2,3,0.000115745
RC2_0138_ICR-2_p1,Other,random,C_8H_9N1O1P2S1,3,0.000115745
RC2_0138_ICR-2_p1,Other,random,C17H16O2,3,0.000115745
RC2_0138_ICR-2_p1,Other,random,C6H7N1,3,0.000115745
RC2_0138_ICR-2_p1,Other,random,C5H11O8P1,3,0.000115745
RC2_0138_ICR-2_p1,Other,random,Tyrosine_C9H9NO2,3,0.000115745
RC2_0138_ICR-2_p1,Other,random,C3H7N1O1S1,3,0.000115745
RC2_0138_ICR-2_p1,Other,random,O3P1,3,0.000115745
RC2_0138_ICR-2_p1,Other,random,H_1O3S1,3,0.000115745
RC2_0138_ICR-2_p1,Other,random,C4H3F1N2O1,3,0.000115745
RC2_0138_ICR-2_p1,Other,random,C4H6O1S1,3,0.000115745
RC2_0138_ICR-2_p1,Other,random,C4H7N1O1S1,3,0.000115745
RC2_0138_ICR-2_p1,Other,random,C5H10O3N1P1,3,0.000115745
RC2_0138_ICR-2_p1,Other,random,C5H10O7P1,3,0.000115745
RC2_0138_ICR-2_p1,Other,random,Serine,3,0.000115745
RC2_0138_ICR-2_p1,Other,random,H1O3S1,3,0.000115745
RC2_0138_ICR-2_p1,Other,random,Tyrosine,3,0.000115745
RC2_0138_ICR-2_p1,Other,random,H_1O_2Cl3,3,0.000115745
RC2_0138_ICR-2_p1,Other,random,C3H10N1,3,0.000115745
RC2_0138_ICR-2_p1,Other,random,N_1O1,3,0.000115745
RC2_0138_ICR-2_p1,Other,random,primary amine,4,0.000154327
RC2_0138_ICR-2_p1,Other,random,C3H3N,4,0.000154327
RC2_0138_ICR-2_p1,Other,random,C9H9N1O3,4,0.000154327
RC2_0138_ICR-2_p1,Other,random,C3H1N2O3P1,4,0.000154327
RC2_0138_ICR-2_p1,Other,random,C8H9N1O1,4,0.000154327
RC2_0138_ICR-2_p1,Other,random,H_1S1,4,0.000154327
RC2_0138_ICR-2_p1,Other,random,C9H13N1O2,4,0.000154327
RC2_0138_ICR-2_p1,Other,random,C9H7N1O3,4,0.000154327
RC2_0138_ICR-2_p1,Other,random,C4H10O5P1,4,0.000154327
RC2_0138_ICR-2_p1,Other,random,C8H13N2O9P1,4,0.000154327
RC2_0138_ICR-2_p1,Other,random,C7H7O_1N1,4,0.000154327
RC2_0138_ICR-2_p1,Other,random,C14H26O1,4,0.000154327
RC2_0138_ICR-2_p1,Other,random,C3H8N1,4,0.000154327
RC2_0138_ICR-2_p1,Other,random,PO43,4,0.000154327
RC2_0138_ICR-2_p1,Other,random,C3H_1N1O_2,4,0.000154327
RC2_0138_ICR-2_p1,Other,random,C12H11O4,4,0.000154327
RC2_0138_ICR-2_p1,Other,random,C14H10O2S2,4,0.000154327
RC2_0138_ICR-2_p1,Other,random,C7H5N1O1,4,0.000154327
RC2_0138_ICR-2_p1,Other,random,C18H12O5,4,0.000154327
RC2_0138_ICR-2_p1,Other,random,C6H7N1O4,4,0.000154327
RC2_0138_ICR-2_p1,Other,random,C18H12O7,4,0.000154327
RC2_0138_ICR-2_p1,Other,random,C18H12O6,4,0.000154327
RC2_0138_ICR-2_p1,Other,random,H2N1,4,0.000154327
RC2_0138_ICR-2_p1,Other,random,C6H5N1,4,0.000154327
RC2_0138_ICR-2_p1,Other,random,H1S2O3,4,0.000154327
RC2_0138_ICR-2_p1,Other,random,C6H8N1S1,4,0.000154327
RC2_0138_ICR-2_p1,Other,random,C4H9N1O_2,4,0.000154327
RC2_0138_ICR-2_p1,Other,random,C16H12O5,4,0.000154327
RC2_0138_ICR-2_p1,Other,random,C2H6N1O3P1,4,0.000154327
RC2_0138_ICR-2_p1,Other,random,C4H4N1P_1,4,0.000154327
RC2_0138_ICR-2_p1,Other,random,C7H13N1O2,4,0.000154327
RC2_0138_ICR-2_p1,Other,random,C7H1N1O3,4,0.000154327
RC2_0138_ICR-2_p1,Other,random,Glutamic_Acid_C5H7NO3,4,0.000154327
RC2_0138_ICR-2_p1,Other,random,C5H8O1S1,4,0.000154327
RC2_0138_ICR-2_p1,Other,random,glcnac_C8H13N1O5,4,0.000154327
RC2_0138_ICR-2_p1,Other,random,Glutamic Acid,4,0.000154327
RC2_0138_ICR-2_p1,Other,random,C5H9N1O3,4,0.000154327
RC2_0138_ICR-2_p1,Other,random,C6H11O_1N1,4,0.000154327
RC2_0138_ICR-2_p1,Other,random,C5H5N1O1,4,0.000154327
RC2_0138_ICR-2_p1,Other,random,C10H15O6N1,4,0.000154327
RC2_0138_ICR-2_p1,Other,random,Proline,4,0.000154327
RC2_0138_ICR-2_p1,Other,random,Proline_C5H7NO,4,0.000154327
RC2_0138_ICR-2_p1,Other,random,C_2N_1O1P1,5,0.000192909
RC2_0138_ICR-2_p1,Other,random,C7H1N_1O1,5,0.000192909
RC2_0138_ICR-2_p1,Other,random,C15H24,5,0.000192909
RC2_0138_ICR-2_p1,Other,random,C7H7N1O2,5,0.000192909
RC2_0138_ICR-2_p1,Other,random,O2S1,5,0.000192909
RC2_0138_ICR-2_p1,Other,random,C3H6N1O4P1,5,0.000192909
RC2_0138_ICR-2_p1,Other,random,O1S1,5,0.000192909
RC2_0138_ICR-2_p1,Other,random,C12_C13,5,0.000192909
RC2_0138_ICR-2_p1,Other,random,H2N1O_1,5,0.000192909
RC2_0138_ICR-2_p1,Other,random,C10H17N2O7P1,5,0.000192909
RC2_0138_ICR-2_p1,Other,random,C5H3N1,5,0.000192909
RC2_0138_ICR-2_p1,Other,random,H1O1P1S_1,5,0.000192909
RC2_0138_ICR-2_p1,Other,random,C6H3N1,5,0.000192909
RC2_0138_ICR-2_p1,Other,random,C16H10O7,5,0.000192909
RC2_0138_ICR-2_p1,Other,random,C6H9N1O3,5,0.000192909
RC2_0138_ICR-2_p1,Other,random,C6H4O1N1,5,0.000192909
RC2_0138_ICR-2_p1,Other,random,C6H7O1N1,5,0.000192909
RC2_0138_ICR-2_p1,Other,random,C6H3N1O1,5,0.000192909
RC2_0138_ICR-2_p1,Other,random,C6H5N1O_1,5,0.000192909
RC2_0138_ICR-2_p1,Other,random,C4H9N1,5,0.000192909
RC2_0138_ICR-2_p1,Other,random,C17H22O9,5,0.000192909
RC2_0138_ICR-2_p1,Other,random,C6H9O2N1,6,0.00023149
RC2_0138_ICR-2_p1,Other,random,C6H11N1O2,6,0.00023149
RC2_0138_ICR-2_p1,Other,random,C5H9N1,6,0.00023149
RC2_0138_ICR-2_p1,Other,random,C5H1N1O3,6,0.00023149
RC2_0138_ICR-2_p1,Other,random,C5H12N1,6,0.00023149
RC2_0138_ICR-2_p1,Other,random,C15H8O6,6,0.00023149
RC2_0138_ICR-2_p1,Other,random,C2H3N1O_2,6,0.00023149
RC2_0138_ICR-2_p1,Other,random,C5H11N1O1,6,0.00023149
RC2_0138_ICR-2_p1,Other,random,H2N_1O4P1,6,0.00023149
RC2_0138_ICR-2_p1,Other,random,C12H20O10,6,0.00023149
RC2_0138_ICR-2_p1,Other,random,C12H20O9,6,0.00023149
RC2_0138_ICR-2_p1,Other,random,C9H8N1O4,6,0.00023149
RC2_0138_ICR-2_p1,Other,random,C9H5N1O3,6,0.00023149
RC2_0138_ICR-2_p1,Other,random,carbamoyl P transfer (-H2PO4),6,0.00023149
RC2_0138_ICR-2_p1,Other,random,C1H_1N1,6,0.00023149
RC2_0138_ICR-2_p1,Other,random,C1H4O1S1,6,0.00023149
RC2_0138_ICR-2_p1,Other,random,C5H5O3N1,6,0.00023149
RC2_0138_ICR-2_p1,Other,random,Isoleucine_C6H11NO,6,0.00023149
RC2_0138_ICR-2_p1,Other,random,Isoleucine,6,0.00023149
RC2_0138_ICR-2_p1,Other,random,C9H9N1O4,6,0.00023149
RC2_0138_ICR-2_p1,Other,random,C8H7N1O2,6,0.00023149
RC2_0138_ICR-2_p1,Other,random,C16H28O8,7,0.000270072
RC2_0138_ICR-2_p1,Other,random,C2H3NO_1,7,0.000270072
RC2_0138_ICR-2_p1,Other,random,H2S,7,0.000270072
RC2_0138_ICR-2_p1,Other,random,C2H6N1O2P1,7,0.000270072
RC2_0138_ICR-2_p1,Other,random,C3H1N1O_1,7,0.000270072
RC2_0138_ICR-2_p1,Other,random,C3H3N_1O4,7,0.000270072
RC2_0138_ICR-2_p1,Other,random,C8H15N1O2,7,0.000270072
RC2_0138_ICR-2_p1,Other,random,Valine,7,0.000270072
RC2_0138_ICR-2_p1,Other,random,Valine_C5H9NO,7,0.000270072
RC2_0138_ICR-2_p1,Other,random,NO3,7,0.000270072
RC2_0138_ICR-2_p1,Other,random,C3H3O3N1,7,0.000270072
RC2_0138_ICR-2_p1,Other,random,C3H3N1O_1,7,0.000270072
RC2_0138_ICR-2_p1,Other,random,C10H15O2N1,7,0.000270072
RC2_0138_ICR-2_p1,Other,random,C5H3N1O1,7,0.000270072
RC2_0138_ICR-2_p1,Other,random,C6H11N1O4,7,0.000270072
RC2_0138_ICR-2_p1,Other,random,C5H7N1,7,0.000270072
RC2_0138_ICR-2_p1,Other,random,C10H7N1O3,7,0.000270072
RC2_0138_ICR-2_p1,Other,random,palmitoylation (-H2O),7,0.000270072
RC2_0138_ICR-2_p1,Other,random,C11H13N1O8P1,7,0.000270072
RC2_0138_ICR-2_p1,Other,random,C5H9O7P1,8,0.000308654
RC2_0138_ICR-2_p1,Other,random,Alanine,8,0.000308654
RC2_0138_ICR-2_p1,Other,random,C13H10O1,8,0.000308654
RC2_0138_ICR-2_p1,Other,random,C5H2N5O_4P_1,8,0.000308654
RC2_0138_ICR-2_p1,Other,random,C6H3N1O2,8,0.000308654
RC2_0138_ICR-2_p1,Other,random,C18H30O7,8,0.000308654
RC2_0138_ICR-2_p1,Other,random,C15H8O4,8,0.000308654
RC2_0138_ICR-2_p1,Other,random,C17H18O5,8,0.000308654
RC2_0138_ICR-2_p1,Other,random,C2H3Cl_1O2S1,8,0.000308654
RC2_0138_ICR-2_p1,Other,random,H_2S1,8,0.000308654
RC2_0138_ICR-2_p1,Other,random,C3H6N1O2,8,0.000308654
RC2_0138_ICR-2_p1,Other,random,C4H9O6P1,8,0.000308654
RC2_0138_ICR-2_p1,Other,random,C15H26O1,8,0.000308654
RC2_0138_ICR-2_p1,Other,random,C4H11N1O2,8,0.000308654
RC2_0138_ICR-2_p1,Other,random,H_2S1C1,8,0.000308654
RC2_0138_ICR-2_p1,Other,random,C4H4O4S_1,9,0.000347236
RC2_0138_ICR-2_p1,Other,random,C1H4S1,9,0.000347236
RC2_0138_ICR-2_p1,Other,random,C3H3N1O2,9,0.000347236
RC2_0138_ICR-2_p1,Other,random,CHN_1O2,9,0.000347236
RC2_0138_ICR-2_p1,Other,random,C3H7N1O_1,9,0.000347236
RC2_0138_ICR-2_p1,Other,random,Alanine_C3H5NO,9,0.000347236
RC2_0138_ICR-2_p1,Other,random,C1H1N1,9,0.000347236
RC2_0138_ICR-2_p1,Other,random,C4H5N1,9,0.000347236
RC2_0138_ICR-2_p1,Other,random,C15H28O1,9,0.000347236
RC2_0138_ICR-2_p1,Other,random,C2H6S1,9,0.000347236
RC2_0138_ICR-2_p1,Other,random,Aspartic_Acid_C4H5NO3,9,0.000347236
RC2_0138_ICR-2_p1,Other,random,C5H9N1O2,9,0.000347236
RC2_0138_ICR-2_p1,Other,random,C1H3O6P1,9,0.000347236
RC2_0138_ICR-2_p1,Other,random,C6H11O6P1,10,0.000385817
RC2_0138_ICR-2_p1,Other,random,Na_H,10,0.000385817
RC2_0138_ICR-2_p1,Other,random,C15H22O2,10,0.000385817
RC2_0138_ICR-2_p1,Other,random,C3H7N1,10,0.000385817
RC2_0138_ICR-2_p1,Other,random,Aspartic Acid,10,0.000385817
RC2_0138_ICR-2_p1,Other,random,C4H3O2N1,10,0.000385817
RC2_0138_ICR-2_p1,Other,random,C4H7N1O1,10,0.000385817
RC2_0138_ICR-2_p1,Other,random,H1O4S_1P1,10,0.000385817
RC2_0138_ICR-2_p1,Other,random,C2H5N,10,0.000385817
RC2_0138_ICR-2_p1,Other,random,C2H5N1,10,0.000385817
RC2_0138_ICR-2_p1,Other,random,H2O_1S1,10,0.000385817
RC2_0138_ICR-2_p1,Other,random,C6H9O2P_1,10,0.000385817
RC2_0138_ICR-2_p1,Other,random,C7H7Cl1,10,0.000385817
RC2_0138_ICR-2_p1,Other,random,H5N1,11,0.000424399
RC2_0138_ICR-2_p1,Other,random,C10H6O1,11,0.000424399
RC2_0138_ICR-2_p1,Other,random,C3H5N1O_1,11,0.000424399
RC2_0138_ICR-2_p1,Other,random,C13H16O2P_2S_1,11,0.000424399
RC2_0138_ICR-2_p1,Other,random,C5H7N1O2,11,0.000424399
RC2_0138_ICR-2_p1,Other,random,C1H3N1O_1,11,0.000424399
RC2_0138_ICR-2_p1,Other,random,Threonine,11,0.000424399
RC2_0138_ICR-2_p1,Other,random,Threonine_C4H7NO2,11,0.000424399
RC2_0138_ICR-2_p1,Other,random,C4H5N1O2,11,0.000424399
RC2_0138_ICR-2_p1,Other,random,H5O1N_1,11,0.000424399
RC2_0138_ICR-2_p1,Other,random,C14H22,11,0.000424399
RC2_0138_ICR-2_p1,Other,random,C4H9O1N1,11,0.000424399
RC2_0138_ICR-2_p1,Other,random,O_1S1,12,0.000462981
RC2_0138_ICR-2_p1,Other,random,C3H7O1N1,12,0.000462981
RC2_0138_ICR-2_p1,Other,random,C12H12O10,12,0.000462981
RC2_0138_ICR-2_p1,Other,random,C12H20O5,12,0.000462981
RC2_0138_ICR-2_p1,Other,random,C2H1N1O2,12,0.000462981
RC2_0138_ICR-2_p1,Other,random,C2H3N_1O2,12,0.000462981
RC2_0138_ICR-2_p1,Other,random,C2H5N1O2,12,0.000462981
RC2_0138_ICR-2_p1,Other,random,H3N_1O1,12,0.000462981
RC2_0138_ICR-2_p1,Other,random,C15H24O3,12,0.000462981
RC2_0138_ICR-2_p1,Other,random,C4H7N1,12,0.000462981
RC2_0138_ICR-2_p1,Other,random,C4H5N1O_1,12,0.000462981
RC2_0138_ICR-2_p1,Other,random,C15H22O1,12,0.000462981
RC2_0138_ICR-2_p1,Other,random,H1O2N_1,12,0.000462981
RC2_0138_ICR-2_p1,Other,random,H1C1O5P1,12,0.000462981
RC2_0138_ICR-2_p1,Other,random,Glycine_C2H3NO,12,0.000462981
RC2_0138_ICR-2_p1,Other,random,Glycine,12,0.000462981
RC2_0138_ICR-2_p1,Other,random,C1H_1N1O_1,12,0.000462981
RC2_0138_ICR-2_p1,Other,random,C_1H_5N_1O2,12,0.000462981
RC2_0138_ICR-2_p1,Other,random,C10H8O1,13,0.000501563
RC2_0138_ICR-2_p1,Other,random,C10H10,13,0.000501563
RC2_0138_ICR-2_p1,Other,random,C6H12O7,13,0.000501563
RC2_0138_ICR-2_p1,Other,random,C5H5N1,13,0.000501563
RC2_0138_ICR-2_p1,Other,random,C5H13N1O2P1,13,0.000501563
RC2_0138_ICR-2_p1,Other,random,C1H4O_1S1,13,0.000501563
RC2_0138_ICR-2_p1,Other,random,C1H1N1O_1,13,0.000501563
RC2_0138_ICR-2_p1,Other,random,H1O1N_1,13,0.000501563
RC2_0138_ICR-2_p1,Other,random,S1,13,0.000501563
RC2_0138_ICR-2_p1,Other,random,C2H5N1O1,13,0.000501563
RC2_0138_ICR-2_p1,Other,random,C6H9N1O4,13,0.000501563
RC2_0138_ICR-2_p1,Other,random,C14H26O2,13,0.000501563
RC2_0138_ICR-2_p1,Other,random,C2H2O2S_1,13,0.000501563
RC2_0138_ICR-2_p1,Other,random,C2H3N1O2,13,0.000501563
RC2_0138_ICR-2_p1,Other,random,C13H10O3,13,0.000501563
RC2_0138_ICR-2_p1,Other,random,C13H20O_1,13,0.000501563
RC2_0138_ICR-2_p1,Other,random,C3H7O5P1,13,0.000501563
RC2_0138_ICR-2_p1,Other,random,C3H7N1O2,13,0.000501563
RC2_0138_ICR-2_p1,Other,random,CHN_1O,13,0.000501563
RC2_0138_ICR-2_p1,Other,random,C11H6O1,13,0.000501563
RC2_0138_ICR-2_p1,Other,random,C15H16O7,14,0.000540144
RC2_0138_ICR-2_p1,Other,random,C15H12O7,14,0.000540144
RC2_0138_ICR-2_p1,Other,random,H_1O2N_1,14,0.000540144
RC2_0138_ICR-2_p1,Other,random,C12H20O8,14,0.000540144
RC2_0138_ICR-2_p1,Other,random,C3H7O6P1,14,0.000540144
RC2_0138_ICR-2_p1,Other,random,C8H12O8,14,0.000540144
RC2_0138_ICR-2_p1,Other,random,C16H20O3,14,0.000540144
RC2_0138_ICR-2_p1,Other,random,C3H3N1O1,14,0.000540144
RC2_0138_ICR-2_p1,Other,random,H_1N1O2,14,0.000540144
RC2_0138_ICR-2_p1,Other,random,C2HN_1O,14,0.000540144
RC2_0138_ICR-2_p1,Other,random,C5H3Cl1O2,14,0.000540144
RC2_0138_ICR-2_p1,Other,random,H16,14,0.000540144
RC2_0138_ICR-2_p1,Other,random,secondary amine,14,0.000540144
RC2_0138_ICR-2_p1,Other,random,CH5NO_1,14,0.000540144
RC2_0138_ICR-2_p1,Other,random,C12H22O1,15,0.000578726
RC2_0138_ICR-2_p1,Other,random,C5H3Cl1O_2,15,0.000578726
RC2_0138_ICR-2_p1,Other,random,H3O_1N1,15,0.000578726
RC2_0138_ICR-2_p1,Other,random,C16H24O2,15,0.000578726
RC2_0138_ICR-2_p1,Other,random,C6H6O8,15,0.000578726
RC2_0138_ICR-2_p1,Other,random,C2H5O_1N1,15,0.000578726
RC2_0138_ICR-2_p1,Other,random,NA_1,15,0.000578726
RC2_0138_ICR-2_p1,Other,random,CH_1N_1O,15,0.000578726
RC2_0138_ICR-2_p1,Other,random,C1H1O1N1,16,0.000617308
RC2_0138_ICR-2_p1,Other,random,C_1H_1N1,16,0.000617308
RC2_0138_ICR-2_p1,Other,random,C2H7N1,16,0.000617308
RC2_0138_ICR-2_p1,Other,random,N1H_3,16,0.000617308
RC2_0138_ICR-2_p1,Other,random,C12H24O2,16,0.000617308
RC2_0138_ICR-2_p1,Other,random,C2H7O1N1,16,0.000617308
RC2_0138_ICR-2_p1,Other,random,C10H16O8,16,0.000617308
RC2_0138_ICR-2_p1,Other,random,H_1N1,16,0.000617308
RC2_0138_ICR-2_p1,Other,random,C4O8,16,0.000617308
RC2_0138_ICR-2_p1,Other,random,2ndIP,17,0.00065589
RC2_0138_ICR-2_p1,Other,random,CH3NO,17,0.00065589
RC2_0138_ICR-2_p1,Other,random,C1H3N1O2,17,0.00065589
RC2_0138_ICR-2_p1,Other,random,H1N1,17,0.00065589
RC2_0138_ICR-2_p1,Other,random,NH_CH2,17,0.00065589
RC2_0138_ICR-2_p1,Other,random,C5H5N_1O1,17,0.00065589
RC2_0138_ICR-2_p1,Other,random,C6H5Cl1,18,0.000694471
RC2_0138_ICR-2_p1,Other,random,C11H12O3,18,0.000694471
RC2_0138_ICR-2_p1,Other,random,C2H3N,18,0.000694471
RC2_0138_ICR-2_p1,Other,random,H1O3P1,18,0.000694471
RC2_0138_ICR-2_p1,Other,random,H1N1O1,18,0.000694471
RC2_0138_ICR-2_p1,Other,random,C5H7N_1,18,0.000694471
RC2_0138_ICR-2_p1,Other,random,C11H10,18,0.000694471
RC2_0138_ICR-2_p1,Other,random,C14H20O2,18,0.000694471
RC2_0138_ICR-2_p1,Other,random,phosphate,18,0.000694471
RC2_0138_ICR-2_p1,Other,random,C2H7N1O_1,18,0.000694471
RC2_0138_ICR-2_p1,Other,random,CH3N,18,0.000694471
RC2_0138_ICR-2_p1,Other,random,C15H18O3,18,0.000694471
RC2_0138_ICR-2_p1,Other,random,H_1N1O1,19,0.000733053
RC2_0138_ICR-2_p1,Other,random,C8H14O6,19,0.000733053
RC2_0138_ICR-2_p1,Other,random,H_1O1N_1,19,0.000733053
RC2_0138_ICR-2_p1,Other,random,C1H1O4P1,19,0.000733053
RC2_0138_ICR-2_p1,Other,random,C_1H1O2P1,19,0.000733053
RC2_0138_ICR-2_p1,Other,random,H3N1,19,0.000733053
RC2_0138_ICR-2_p1,Other,random,C1H5N1,19,0.000733053
RC2_0138_ICR-2_p1,Other,random,C7H12O6,19,0.000733053
RC2_0138_ICR-2_p1,Other,random,C3H5O5P1,20,0.000771635
RC2_0138_ICR-2_p1,Other,random,C11H6O3,20,0.000771635
RC2_0138_ICR-2_p1,Other,random,C12H10O4,20,0.000771635
RC2_0138_ICR-2_p1,Other,random,C2O7,21,0.000810216
RC2_0138_ICR-2_p1,Other,random,C12H16O2,21,0.000810216
RC2_0138_ICR-2_p1,Other,random,C13H16O3,21,0.000810216
RC2_0138_ICR-2_p1,Other,random,C11H8O3,22,0.000848798
RC2_0138_ICR-2_p1,Other,random,C12H16O4,22,0.000848798
RC2_0138_ICR-2_p1,Other,random,C12H20O3,22,0.000848798
RC2_0138_ICR-2_p1,Other,random,C14H14O6,22,0.000848798
RC2_0138_ICR-2_p1,Other,random,C9H6O1,22,0.000848798
RC2_0138_ICR-2_p1,Other,random,H3O4P1,22,0.000848798
RC2_0138_ICR-2_p1,Other,random,C10H6O2,23,0.00088738
RC2_0138_ICR-2_p1,Other,random,H1O2P1,23,0.00088738
RC2_0138_ICR-2_p1,Other,random,H1O2N1,23,0.00088738
RC2_0138_ICR-2_p1,Other,random,C8H12O7,23,0.00088738
RC2_0138_ICR-2_p1,Other,random,glucose_C6H12O6,23,0.00088738
RC2_0138_ICR-2_p1,Other,random,H1O4P1,23,0.00088738
RC2_0138_ICR-2_p1,Other,random,C15H16O8,23,0.00088738
RC2_0138_ICR-2_p1,Other,random,C12H8O3,24,0.000925962
RC2_0138_ICR-2_p1,Other,random,C8H10O_2,24,0.000925962
RC2_0138_ICR-2_p1,Other,random,C12H20,24,0.000925962
RC2_0138_ICR-2_p1,Other,random,C2H_6O7,24,0.000925962
RC2_0138_ICR-2_p1,Other,random,C_1H1O1P1,24,0.000925962
RC2_0138_ICR-2_p1,Other,random,C5H13N1O3P1,24,0.000925962
RC2_0138_ICR-2_p1,Other,random,C2H5O4P1,24,0.000925962
RC2_0138_ICR-2_p1,Other,random,C10H10O1,24,0.000925962
RC2_0138_ICR-2_p1,Other,random,C2H1O1Cl1,25,0.000964543
RC2_0138_ICR-2_p1,Other,random,H5O_1N1,25,0.000964543
RC2_0138_ICR-2_p1,Other,random,C10H18O4,25,0.000964543
RC2_0138_ICR-2_p1,Other,random,C12H12O2,25,0.000964543
RC2_0138_ICR-2_p1,Other,random,C9H8O2,25,0.000964543
RC2_0138_ICR-2_p1,Other,random,H3O2P1,27,0.00104171
RC2_0138_ICR-2_p1,Other,random,C9H6O5,28,0.00108029
RC2_0138_ICR-2_p1,Other,random,C11H8O4,28,0.00108029
RC2_0138_ICR-2_p1,Other,random,C10H16O1,28,0.00108029
RC2_0138_ICR-2_p1,Other,random,C10H10O2,28,0.00108029
RC2_0138_ICR-2_p1,Other,random,C11H12O6,28,0.00108029
RC2_0138_ICR-2_p1,Other,random,C10H14O3,28,0.00108029
RC2_0138_ICR-2_p1,Other,random,C10H18O1,29,0.00111887
RC2_0138_ICR-2_p1,Other,random,C5H10O5,29,0.00111887
RC2_0138_ICR-2_p1,Other,random,H_1Cl1,30,0.00115745
RC2_0138_ICR-2_p1,Other,random,C10H14O2,30,0.00115745
RC2_0138_ICR-2_p1,Other,random,C10H4O5,30,0.00115745
RC2_0138_ICR-2_p1,Other,random,Glucuronic Acid (-H2O),31,0.00119603
RC2_0138_ICR-2_p1,Other,random,H1Cl1,31,0.00119603
RC2_0138_ICR-2_p1,Other,random,C9H10O2,31,0.00119603
RC2_0138_ICR-2_p1,Other,random,C6H8O6,31,0.00119603
RC2_0138_ICR-2_p1,Other,random,C4H4O5,32,0.00123462
RC2_0138_ICR-2_p1,Other,random,C9H6O3,32,0.00123462
RC2_0138_ICR-2_p1,Other,random,C10H8O3,32,0.00123462
RC2_0138_ICR-2_p1,Other,random,C9H6O2,32,0.00123462
RC2_0138_ICR-2_p1,Other,random,C10H12O2,32,0.00123462
RC2_0138_ICR-2_p1,Other,random,C10H12O3,32,0.00123462
RC2_0138_ICR-2_p1,Other,random,C9H8O1,32,0.00123462
RC2_0138_ICR-2_p1,Other,random,C9H10,32,0.00123462
RC2_0138_ICR-2_p1,Other,random,C8H4O2,32,0.00123462
RC2_0138_ICR-2_p1,Other,random,C10H12,33,0.0012732
RC2_0138_ICR-2_p1,Other,random,C10H14O1,33,0.0012732
RC2_0138_ICR-2_p1,Other,random,H_1O_2Cl1,33,0.0012732
RC2_0138_ICR-2_p1,Other,random,C6H10O6,34,0.00131178
RC2_0138_ICR-2_p1,Other,random,C9H14O1,34,0.00131178
RC2_0138_ICR-2_p1,Other,random,C10H12O1,34,0.00131178
RC2_0138_ICR-2_p1,Other,random,C6H12O5,35,0.00135036
RC2_0138_ICR-2_p1,Other,random,C4H9O3P1,35,0.00135036
RC2_0138_ICR-2_p1,Other,random,H_1Cl1O_1,35,0.00135036
RC2_0138_ICR-2_p1,Other,random,C11H10O4,35,0.00135036
RC2_0138_ICR-2_p1,Other,random,C8H6O3,36,0.00138894
RC2_0138_ICR-2_p1,Other,random,H_3Cl1,36,0.00138894
RC2_0138_ICR-2_p1,Other,random,C8H8,36,0.00138894
RC2_0138_ICR-2_p1,Other,random,C9H10O3,36,0.00138894
RC2_0138_ICR-2_p1,Other,random,C6H6O6,36,0.00138894
RC2_0138_ICR-2_p1,Other,random,C10H16,36,0.00138894
RC2_0138_ICR-2_p1,Other,random,C7H6,36,0.00138894
RC2_0138_ICR-2_p1,Other,random,C7H4O6,36,0.00138894
RC2_0138_ICR-2_p1,Other,random,C7H12O5,37,0.00142752
RC2_0138_ICR-2_p1,Other,random,C4H8O5,37,0.00142752
RC2_0138_ICR-2_p1,Other,random,C1H5O2P1,37,0.00142752
RC2_0138_ICR-2_p1,Other,random,C6H8O5,37,0.00142752
RC2_0138_ICR-2_p1,Other,random,C8H4O3,37,0.00142752
RC2_0138_ICR-2_p1,Other,random,C8H14O4,38,0.00146611
RC2_0138_ICR-2_p1,Other,random,C6H10O5,38,0.00146611
RC2_0138_ICR-2_p1,Other,random,C10H8O4,38,0.00146611
RC2_0138_ICR-2_p1,Other,random,C6H12O4,40,0.00154327
RC2_0138_ICR-2_p1,Other,random,C7H12O4,41,0.00158185
RC2_0138_ICR-2_p1,Other,random,C8H6O2,41,0.00158185
RC2_0138_ICR-2_p1,Other,random,C3H8O4,41,0.00158185
RC2_0138_ICR-2_p1,Other,random,C1H3Cl1,42,0.00162043
RC2_0138_ICR-2_p1,Other,random,C3H2O5,43,0.00165901
RC2_0138_ICR-2_p1,Other,random,C8H10O1,44,0.0016976
RC2_0138_ICR-2_p1,Other,random,C8H12,44,0.0016976
RC2_0138_ICR-2_p1,Other,random,C8H14O1,44,0.0016976
RC2_0138_ICR-2_p1,Other,random,C7H4O1,45,0.00173618
RC2_0138_ICR-2_p1,Other,random,C7H4,45,0.00173618
RC2_0138_ICR-2_p1,Other,random,C6H4O1,46,0.00177476
RC2_0138_ICR-2_p1,Other,random,C9H16O3,46,0.00177476
RC2_0138_ICR-2_p1,Other,random,C4O2,46,0.00177476
RC2_0138_ICR-2_p1,Other,random,H2O4,46,0.00177476
RC2_0138_ICR-2_p1,Other,random,C9H12O1,47,0.00181334
RC2_0138_ICR-2_p1,Other,random,C7H8,47,0.00181334
RC2_0138_ICR-2_p1,Other,random,H4O3,48,0.00185192
RC2_0138_ICR-2_p1,Other,random,CH6O2,48,0.00185192
RC2_0138_ICR-2_p1,Other,random,C6O2,48,0.00185192
RC2_0138_ICR-2_p1,Other,random,O4,48,0.00185192
RC2_0138_ICR-2_p1,Other,random,C6H6O5,49,0.00189051
RC2_0138_ICR-2_p1,Other,random,D-Ribose (-H2O) (ribosylation),49,0.00189051
RC2_0138_ICR-2_p1,Other,random,C5O5H8,49,0.00189051
RC2_0138_ICR-2_p1,Other,random,C7H4O2,49,0.00189051
RC2_0138_ICR-2_p1,Other,random,C8H16,50,0.00192909
RC2_0138_ICR-2_p1,Other,random,C6H14O_1,50,0.00192909
RC2_0138_ICR-2_p1,Other,random,C7H10O4,50,0.00192909
RC2_0138_ICR-2_p1,Other,random,C5H10O4,51,0.00196767
RC2_0138_ICR-2_p1,Other,random,pentose_C5H8O4,51,0.00196767
RC2_0138_ICR-2_p1,Other,random,C7H12O3,52,0.00200625
RC2_0138_ICR-2_p1,Other,random,C6H10O4,52,0.00200625
RC2_0138_ICR-2_p1,Other,random,C3H6O4,52,0.00200625
RC2_0138_ICR-2_p1,Other,random,C7H10O5,52,0.00200625
RC2_0138_ICR-2_p1,Other,random,C8H8O1,52,0.00200625
RC2_0138_ICR-2_p1,Other,random,C8H6O1,52,0.00200625
RC2_0138_ICR-2_p1,Other,random,C5H2O,53,0.00204483
RC2_0138_ICR-2_p1,Other,random,C6H4,54,0.00208341
RC2_0138_ICR-2_p1,Other,random,C7H6O2,54,0.00208341
RC2_0138_ICR-2_p1,Other,random,C2H6O4,54,0.00208341
RC2_0138_ICR-2_p1,Other,random,C3H6O3,55,0.002122
RC2_0138_ICR-2_p1,Other,random,CH2O4,55,0.002122
RC2_0138_ICR-2_p1,Other,random,C6H4O2,56,0.00216058
RC2_0138_ICR-2_p1,Other,random,C7H8O4,56,0.00216058
RC2_0138_ICR-2_p1,Other,random,C7H8O1,56,0.00216058
RC2_0138_ICR-2_p1,Other,random,C4H8O4,56,0.00216058
RC2_0138_ICR-2_p1,Other,random,C8H8O2,56,0.00216058
RC2_0138_ICR-2_p1,Other,random,H10,57,0.00219916
RC2_0138_ICR-2_p1,Other,random,C8H8O3,57,0.00219916
RC2_0138_ICR-2_p1,Other,random,C6H4O3,57,0.00219916
RC2_0138_ICR-2_p1,Other,random,C6H8O4,58,0.00223774
RC2_0138_ICR-2_p1,Other,random,C4H8O3,58,0.00223774
RC2_0138_ICR-2_p1,Other,random,C4H6O4,58,0.00223774
RC2_0138_ICR-2_p1,Other,random,C7H6O3,58,0.00223774
RC2_0138_ICR-2_p1,Other,random,C6H14,59,0.00227632
RC2_0138_ICR-2_p1,Other,random,C7H4O4,59,0.00227632
RC2_0138_ICR-2_p1,Other,random,C4H2O4,59,0.00227632
RC2_0138_ICR-2_p1,Other,random,C6H14O1,60,0.0023149
RC2_0138_ICR-2_p1,Other,random,C2H4O4,60,0.0023149
RC2_0138_ICR-2_p1,Other,random,C1H4O3,60,0.0023149
RC2_0138_ICR-2_p1,Other,random,C7H10O1,61,0.00235349
RC2_0138_ICR-2_p1,Other,random,C_2H2O2,62,0.00239207
RC2_0138_ICR-2_p1,Other,random,C3H8O3,62,0.00239207
RC2_0138_ICR-2_p1,Other,random,C4H4O4,63,0.00243065
RC2_0138_ICR-2_p1,Other,random,C5H2O3,63,0.00243065
RC2_0138_ICR-2_p1,Other,random,C5H6O4,64,0.00246923
RC2_0138_ICR-2_p1,Other,random,C3H4O4,65,0.00250781
RC2_0138_ICR-2_p1,Other,random,C6H8,65,0.00250781
RC2_0138_ICR-2_p1,Other,random,C7H8O3,65,0.00250781
RC2_0138_ICR-2_p1,Other,random,erythose (-H2O),65,0.00250781
RC2_0138_ICR-2_p1,Other,random,C5H2O2,66,0.00254639
RC2_0138_ICR-2_p1,Other,random,C5H4O2,66,0.00254639
RC2_0138_ICR-2_p1,Other,random,CH_2O3,66,0.00254639
RC2_0138_ICR-2_p1,Other,random,C2H8O,67,0.00258498
RC2_0138_ICR-2_p1,Other,random,C4H2O3,67,0.00258498
RC2_0138_ICR-2_p1,Other,random,C7H10O3,67,0.00258498
RC2_0138_ICR-2_p1,Other,random,C6H6O2,68,0.00262356
RC2_0138_ICR-2_p1,Other,random,C_1H4O2,68,0.00262356
RC2_0138_ICR-2_p1,Other,random,C5H8O3,68,0.00262356
RC2_0138_ICR-2_p1,Other,random,C4H2O_1,68,0.00262356
RC2_0138_ICR-2_p1,Other,random,C_1O3,69,0.00266214
RC2_0138_ICR-2_p1,Other,random,C2H2O4,69,0.00266214
RC2_0138_ICR-2_p1,Other,random,C6H10O2,70,0.00270072
RC2_0138_ICR-2_p1,Other,random,C4O3,70,0.00270072
RC2_0138_ICR-2_p1,Other,random,C6H8O2,70,0.00270072
RC2_0138_ICR-2_p1,Other,random,C5H10O2,71,0.0027393
RC2_0138_ICR-2_p1,Other,random,H4O2,71,0.0027393
RC2_0138_ICR-2_p1,Other,random,O3,71,0.0027393
RC2_0138_ICR-2_p1,Other,random,C_3H_2O3,71,0.0027393
RC2_0138_ICR-2_p1,Other,random,H2O2,72,0.00277788
RC2_0138_ICR-2_p1,Other,random,C4O,72,0.00277788
RC2_0138_ICR-2_p1,Other,random,C4,73,0.00281647
RC2_0138_ICR-2_p1,Other,random,C3,73,0.00281647
RC2_0138_ICR-2_p1,Other,random,C5H6O1,73,0.00281647
RC2_0138_ICR-2_p1,Other,random,H6,73,0.00281647
RC2_0138_ICR-2_p1,Other,random,C5H4,73,0.00281647
RC2_0138_ICR-2_p1,Other,random,C6H6O3,73,0.00281647
RC2_0138_ICR-2_p1,Other,random,C2H6O2,73,0.00281647
RC2_0138_ICR-2_p1,Other,random,C5H10O1,74,0.00285505
RC2_0138_ICR-2_p1,Other,random,C5H4O4,75,0.00289363
RC2_0138_ICR-2_p1,Other,random,C6H8O3,75,0.00289363
RC2_0138_ICR-2_p1,Other,random,C6H10O1,76,0.00293221
RC2_0138_ICR-2_p1,Other,random,C6H4O4,76,0.00293221
RC2_0138_ICR-2_p1,Other,random,C4H8O_1,76,0.00293221
RC2_0138_ICR-2_p1,Other,random,C6H8O,76,0.00293221
RC2_0138_ICR-2_p1,Other,random,C5H4O1,76,0.00293221
RC2_0138_ICR-2_p1,Other,random,NA_3,76,0.00293221
RC2_0138_ICR-2_p1,Other,random,#N/A-2,76,0.00293221
RC2_0138_ICR-2_p1,Other,random,C6H10O3,77,0.00297079
RC2_0138_ICR-2_p1,Other,random,acetotacetate_(_H2O)_C4H4O2,77,0.00297079
RC2_0138_ICR-2_p1,Other,random,C5H6O2,78,0.00300938
RC2_0138_ICR-2_p1,Other,random,C4H10O,78,0.00300938
RC2_0138_ICR-2_p1,Other,random,C3O_1,78,0.00300938
RC2_0138_ICR-2_p1,Other,random,H2O3,78,0.00300938
RC2_0138_ICR-2_p1,Other,random,C5H8O_1,79,0.00304796
RC2_0138_ICR-2_p1,Other,random,C3H8O1,80,0.00308654
RC2_0138_ICR-2_p1,Other,random,C5H6,80,0.00308654
RC2_0138_ICR-2_p1,Other,random,C1H2O3,80,0.00308654
RC2_0138_ICR-2_p1,Other,random,H_2O3,80,0.00308654
RC2_0138_ICR-2_p1,Other,random,C3O3,80,0.00308654
RC2_0138_ICR-2_p1,Other,random,C4H8O2,80,0.00308654
RC2_0138_ICR-2_p1,Other,random,malonyl group (-H2O),81,0.00312512
RC2_0138_ICR-2_p1,Other,random,C3H2O_2,81,0.00312512
RC2_0138_ICR-2_p1,Other,random,C5H8O2,82,0.0031637
RC2_0138_ICR-2_p1,Other,random,O2H6,82,0.0031637
RC2_0138_ICR-2_p1,Other,random,C4H12O_1,82,0.0031637
RC2_0138_ICR-2_p1,Other,random,C_2O2,82,0.0031637
RC2_0138_ICR-2_p1,Other,random,C2H6O3,83,0.00320228
RC2_0138_ICR-2_p1,Other,random,C4H2O2,83,0.00320228
RC2_0138_ICR-2_p1,Other,random,C3H2O1,83,0.00320228
RC2_0138_ICR-2_p1,Other,random,C5H6O3,83,0.00320228
RC2_0138_ICR-2_p1,Other,random,C5H4O3,84,0.00324087
RC2_0138_ICR-2_p1,Other,random,C5H8O1,84,0.00324087
RC2_0138_ICR-2_p1,Other,random,H8,84,0.00324087
RC2_0138_ICR-2_p1,Other,random,C2H2O3,85,0.00327945
RC2_0138_ICR-2_p1,Other,random,C3H4O3,85,0.00327945
RC2_0138_ICR-2_p1,Other,random,C_1H2O2,85,0.00327945
RC2_0138_ICR-2_p1,Other,random,C4H4,86,0.00331803
RC2_0138_ICR-2_p1,Other,random,C4H6O2,86,0.00331803
RC2_0138_ICR-2_p1,Other,random,C2O3,87,0.00335661
RC2_0138_ICR-2_p1,Other,random,C4H2,88,0.00339519
RC2_0138_ICR-2_p1,Other,random,C4H8,88,0.00339519
RC2_0138_ICR-2_p1,Other,random,C3H2O_1,88,0.00339519
RC2_0138_ICR-2_p1,Other,random,C4H4O3,89,0.00343377
RC2_0138_ICR-2_p1,Other,random,C4H6,89,0.00343377
RC2_0138_ICR-2_p1,Other,random,C3H6O2,89,0.00343377
RC2_0138_ICR-2_p1,Other,random,CO3,90,0.00347236
RC2_0138_ICR-2_p1,Other,random,C4H2O,90,0.00347236
RC2_0138_ICR-2_p1,Other,random,C1H6O1,91,0.00351094
RC2_0138_ICR-2_p1,Other,random,acetotacetate (-H2O),92,0.00354952
RC2_0138_ICR-2_p1,Other,random,C2H4O3,92,0.00354952
RC2_0138_ICR-2_p1,Other,random,CH_4O3,92,0.00354952
RC2_0138_ICR-2_p1,Other,random,C3O,93,0.0035881
RC2_0138_ICR-2_p1,Other,random,C4H6O_1,93,0.0035881
RC2_0138_ICR-2_p1,Other,random,C2H_2O_1,94,0.00362668
RC2_0138_ICR-2_p1,Other,random,C5H8,94,0.00362668
RC2_0138_ICR-2_p1,Other,random,C_1O2,95,0.00366526
RC2_0138_ICR-2_p1,Other,random,CH_4O2,95,0.00366526
RC2_0138_ICR-2_p1,Other,random,CH6,95,0.00366526
RC2_0138_ICR-2_p1,Other,random,C3H6O_1,95,0.00366526
RC2_0138_ICR-2_p1,Other,random,H_4O2,95,0.00366526
RC2_0138_ICR-2_p1,Other,random,C4H4O1,96,0.00370385
RC2_0138_ICR-2_p1,Other,random,C4H8O1,96,0.00370385
RC2_0138_ICR-2_p1,Other,random,C1H4O2,96,0.00370385
RC2_0138_ICR-2_p1,Other,random,C2H8,97,0.00374243
RC2_0138_ICR-2_p1,Other,random,C_2H_2O2,97,0.00374243
RC2_0138_ICR-2_p1,Other,random,C2H8O_1,99,0.00381959
RC2_0138_ICR-2_p1,Other,random,C3H4O_2,99,0.00381959
RC2_0138_ICR-2_p1,Other,random,C_1H4O,99,0.00381959
RC2_0138_ICR-2_p1,Other,random,C3H6O1,102,0.00393534
RC2_0138_ICR-2_p1,Other,random,C2H_2O2,103,0.00397392
RC2_0138_ICR-2_p1,Other,random,Carboxylation_CO2,104,0.0040125
RC2_0138_ICR-2_p1,Other,random,C3H4O2,104,0.0040125
RC2_0138_ICR-2_p1,Other,random,C2O_1,104,0.0040125
RC2_0138_ICR-2_p1,Other,random,Carboxylation,105,0.00405108
RC2_0138_ICR-2_p1,Other,random,C2H2O2,105,0.00405108
RC2_0138_ICR-2_p1,Other,random,C1H2O2,105,0.00405108
RC2_0138_ICR-2_p1,Other,random,C3O2,106,0.00408966
RC2_0138_ICR-2_p1,Other,random,C2H4O1,107,0.00412825
RC2_0138_ICR-2_p1,Other,random,C_1H_2O2,107,0.00412825
RC2_0138_ICR-2_p1,Other,random,C3H4O_1,107,0.00412825
RC2_0138_ICR-2_p1,Other,random,C3H4,108,0.00416683
RC2_0138_ICR-2_p1,Other,random,H_2O2,108,0.00416683
RC2_0138_ICR-2_p1,Other,random,C2H4O2,108,0.00416683
RC2_0138_ICR-2_p1,Other,random,C3H4O1,109,0.00420541
RC2_0138_ICR-2_p1,Other,random,C2H_2O,110,0.00424399
RC2_0138_ICR-2_p1,Other,random,C4H4O_1,111,0.00428257
RC2_0138_ICR-2_p1,Other,random,C4H6O1,112,0.00432115
RC2_0138_ICR-2_p1,Other,random,malonyl_group_(_H2O)_C3H2O3,113,0.00435974
RC2_0138_ICR-2_p1,Other,random,C3H2O2,113,0.00435974
RC2_0138_ICR-2_p1,Other,random,C3H2,113,0.00435974
RC2_0138_ICR-2_p1,Other,random,C2H2O_1,115,0.0044369
RC2_0138_ICR-2_p1,Other,random,C_1H_4O2,116,0.00447548
RC2_0138_ICR-2_p1,Other,random,C_1H2O,116,0.00447548
RC2_0138_ICR-2_p1,Other,random,H4O,119,0.00459123
RC2_0138_ICR-2_p1,Other,random,C2H_2,119,0.00459123
RC2_0138_ICR-2_p1,Other,random,C2H6O1,120,0.00462981
RC2_0138_ICR-2_p1,Other,random,CH6O_1,120,0.00462981
RC2_0138_ICR-2_p1,Other,random,C2,121,0.00466839
RC2_0138_ICR-2_p1,Other,random,C3H8,121,0.00466839
RC2_0138_ICR-2_p1,Other,random,glyoxylate (-H2O),122,0.00470697
RC2_0138_ICR-2_p1,Other,random,CH_4,122,0.00470697
RC2_0138_ICR-2_p1,Other,random,C2O1,123,0.00474555
RC2_0138_ICR-2_p1,Other,random,glyoxylate_(_H2O)_C2O2,124,0.00478414
RC2_0138_ICR-2_p1,Other,random,H_6O1,125,0.00482272
RC2_0138_ICR-2_p1,Other,random,O2,125,0.00482272
RC2_0138_ICR-2_p1,Other,random,C3H6,126,0.0048613
RC2_0138_ICR-2_p1,Other,random,C1H4O1,126,0.0048613
RC2_0138_ICR-2_p1,Other,random,C1H_2O2,127,0.00489988
RC2_0138_ICR-2_p1,Other,random,H_4O1,127,0.00489988
RC2_0138_ICR-2_p1,Other,random,acetylation_(_H2O)_C2H2O,128,0.00493846
RC2_0138_ICR-2_p1,Other,random,C2H4O_1,130,0.00501563
RC2_0138_ICR-2_p1,Other,random,C2H2,131,0.00505421
RC2_0138_ICR-2_p1,Other,random,C_1H_6O2,131,0.00505421
RC2_0138_ICR-2_p1,Other,random,C_1H_2O1,132,0.00509279
RC2_0138_ICR-2_p1,Other,random,acetylation (-H2O),134,0.00516995
RC2_0138_ICR-2_p1,Other,random,H4,136,0.00524712
RC2_0138_ICR-2_p1,Other,random,CH4_O,136,0.00524712
RC2_0138_ICR-2_p1,Other,random,CH_4O,136,0.00524712
RC2_0138_ICR-2_p1,Other,random,H_2C1O1,140,0.00540144
RC2_0138_ICR-2_p1,Other,random,H_2C1,140,0.00540144
RC2_0138_ICR-2_p1,Other,random,C1H4,140,0.00540144
RC2_0138_ICR-2_p1,Other,random,O1,145,0.00559435
RC2_0138_ICR-2_p1,Other,random,C1H2O1,145,0.00559435
RC2_0138_ICR-2_p1,Other,random,hydroxylation (-H),145,0.00559435
RC2_0138_ICR-2_p1,Other,random,ethyl addition (-H2O),145,0.00559435
RC2_0138_ICR-2_p1,Other,random,ethyl addition_(_H2O)_C2H4,146,0.00563293
RC2_0138_ICR-2_p1,Other,random,C_1O1,147,0.00567152
RC2_0138_ICR-2_p1,Other,random,C2H6O_1,149,0.00574868
RC2_0138_ICR-2_p1,Other,random,C1,149,0.00574868
RC2_0138_ICR-2_p1,Other,random,methanol (-H2O),156,0.00601875
RC2_0138_ICR-2_p1,Other,random,CH2,156,0.00601875
RC2_0138_ICR-2_p1,Other,random,H2O,160,0.00617308
RC2_0138_ICR-2_p1,Other,random,condensation/dehydration,160,0.00617308
RC2_0138_ICR-2_p1,Other,random,hydrogenation/dehydrogenation,161,0.00621166
RC2_0138_ICR-2_p1,Other,random,H2,161,0.00621166
RC2_0138_ICR-2_p1,Other,random,Formic Acid (-H2O),175,0.0067518
RC2_0138_ICR-2_p1,Other,random,Formic Acid_(_H2O)_CO,175,0.0067518
RC2_0138_ICR-2_p1,Other,random,H_2O1,181,0.00698329
