Sample_ID,Parent_ID,your_site_4digit,replicate
RC2_0031_ICR-1,RC2_0031,0031,1
RC2_0031_ICR-2,RC2_0031,0031,2
RC2_0031_ICR-3,RC2_0031,0031,3
RC2_0032_ICR-1,RC2_0032,0032,1
RC2_0032_ICR-2,RC2_0032,0032,2
RC2_0032_ICR-3,RC2_0032,0032,3
RC2_0033_ICR-1,RC2_0033,0033,1
RC2_0033_ICR-2,RC2_0033,0033,2
RC2_0033_ICR-3,RC2_0033,0033,3
RC2_0034_ICR-1,RC2_0034,0034,1
RC2_0034_ICR-2,RC2_0034,0034,2
RC2_0034_ICR-3,RC2_0034,0034,3
RC2_0035_ICR-1,RC2_0035,0035,1
RC2_0035_ICR-2,RC2_0035,0035,2
RC2_0035_ICR-3,RC2_0035,0035,3
RC2_0036_ICR-1,RC2_0036,0036,1
RC2_0036_ICR-2,RC2_0036,0036,2
RC2_0036_ICR-3,RC2_0036,0036,3
RC2_0037_ICR-1,RC2_0037,0037,1
RC2_0037_ICR-2,RC2_0037,0037,2
RC2_0037_ICR-3,RC2_0037,0037,3
RC2_0038_ICR-1,RC2_0038,0038,1
RC2_0038_ICR-2,RC2_0038,0038,2
RC2_0038_ICR-3,RC2_0038,0038,3
RC2_0039_ICR-1,RC2_0039,0039,1
RC2_0039_ICR-2,RC2_0039,0039,2
RC2_0039_ICR-3,RC2_0039,0039,3
RC2_0040_ICR-1,RC2_0040,0040,1
RC2_0040_ICR-2,RC2_0040,0040,2
RC2_0040_ICR-3,RC2_0040,0040,3
RC2_0041_ICR-1,RC2_0041,0041,1
RC2_0041_ICR-2,RC2_0041,0041,2
RC2_0041_ICR-3,RC2_0041,0041,3
RC2_0042_ICR-1,RC2_0042,0042,1
RC2_0042_ICR-2,RC2_0042,0042,2
RC2_0042_ICR-3,RC2_0042,0042,3
RC2_0043_ICR-1,RC2_0043,0043,1
RC2_0043_ICR-2,RC2_0043,0043,2
RC2_0043_ICR-3,RC2_0043,0043,3
RC2_0044_ICR-1,RC2_0044,0044,1
RC2_0044_ICR-2,RC2_0044,0044,2
RC2_0044_ICR-3,RC2_0044,0044,3
RC2_0045_ICR-1,RC2_0045,0045,1
RC2_0045_ICR-2,RC2_0045,0045,2
RC2_0045_ICR-3,RC2_0045,0045,3
RC2_0046_ICR-1,RC2_0046,0046,1
RC2_0046_ICR-2,RC2_0046,0046,2
RC2_0046_ICR-3,RC2_0046,0046,3
RC2_0048_ICR-1,RC2_0048,0048,1
RC2_0048_ICR-2,RC2_0048,0048,2
RC2_0048_ICR-3,RC2_0048,0048,3
RC2_0049_ICR-1,RC2_0049,0049,1
RC2_0049_ICR-2,RC2_0049,0049,2
RC2_0049_ICR-3,RC2_0049,0049,3
RC2_0050_ICR-1,RC2_0050,0050,1
RC2_0050_ICR-2,RC2_0050,0050,2
RC2_0050_ICR-3,RC2_0050,0050,3
RC2_0051_ICR-1,RC2_0051,0051,1
RC2_0051_ICR-2,RC2_0051,0051,2
RC2_0051_ICR-3,RC2_0051,0051,3
RC2_0052_ICR-1,RC2_0052,0052,1
RC2_0052_ICR-2,RC2_0052,0052,2
RC2_0052_ICR-3,RC2_0052,0052,3
RC2_0053_ICR-1,RC2_0053,0053,1
RC2_0053_ICR-2,RC2_0053,0053,2
RC2_0053_ICR-3,RC2_0053,0053,3
RC2_0054_ICR-1,RC2_0054,0054,1
RC2_0054_ICR-2,RC2_0054,0054,2
RC2_0054_ICR-3,RC2_0054,0054,3
RC2_0055_ICR-1,RC2_0055,0055,1
RC2_0055_ICR-2,RC2_0055,0055,2
RC2_0055_ICR-3,RC2_0055,0055,3
RC2_0056_ICR-1,RC2_0056,0056,1
RC2_0056_ICR-2,RC2_0056,0056,2
RC2_0056_ICR-3,RC2_0056,0056,3
RC2_0057_ICR-1,RC2_0057,0057,1
RC2_0057_ICR-2,RC2_0057,0057,2
RC2_0057_ICR-3,RC2_0057,0057,3
RC2_0058_ICR-1,RC2_0058,0058,1
RC2_0058_ICR-2,RC2_0058,0058,2
RC2_0058_ICR-3,RC2_0058,0058,3
RC2_0059_ICR-1,RC2_0059,0059,1
RC2_0059_ICR-2,RC2_0059,0059,2
RC2_0059_ICR-3,RC2_0059,0059,3
RC2_0060_ICR-1,RC2_0060,0060,1
RC2_0060_ICR-2,RC2_0060,0060,2
RC2_0060_ICR-3,RC2_0060,0060,3
RC2_0061_ICR-1,RC2_0061,0061,1
RC2_0061_ICR-2,RC2_0061,0061,2
RC2_0061_ICR-3,RC2_0061,0061,3
RC2_0062_ICR-1,RC2_0062,0062,1
RC2_0062_ICR-2,RC2_0062,0062,2
RC2_0062_ICR-3,RC2_0062,0062,3
RC2_0063_ICR-1,RC2_0063,0063,1
RC2_0063_ICR-2,RC2_0063,0063,2
RC2_0063_ICR-3,RC2_0063,0063,3
RC2_0064_ICR-1,RC2_0064,0064,1
RC2_0064_ICR-2,RC2_0064,0064,2
RC2_0064_ICR-3,RC2_0064,0064,3
RC2_0065_ICR-1,RC2_0065,0065,1
RC2_0065_ICR-2,RC2_0065,0065,2
RC2_0065_ICR-3,RC2_0065,0065,3
RC2_0066_ICR-1,RC2_0066,0066,1
RC2_0066_ICR-2,RC2_0066,0066,2
RC2_0066_ICR-3,RC2_0066,0066,3
RC2_0067_ICR-1,RC2_0067,0067,1
RC2_0067_ICR-2,RC2_0067,0067,2
RC2_0067_ICR-3,RC2_0067,0067,3
RC2_0068_ICR-1,RC2_0068,0068,1
RC2_0068_ICR-2,RC2_0068,0068,2
RC2_0068_ICR-3,RC2_0068,0068,3
RC2_0069_ICR-1,RC2_0069,0069,1
RC2_0069_ICR-2,RC2_0069,0069,2
RC2_0069_ICR-3,RC2_0069,0069,3
RC2_0070_ICR-1,RC2_0070,0070,1
RC2_0070_ICR-2,RC2_0070,0070,2
RC2_0070_ICR-3,RC2_0070,0070,3
RC2_0071_ICR-1,RC2_0071,0071,1
RC2_0071_ICR-2,RC2_0071,0071,2
RC2_0071_ICR-3,RC2_0071,0071,3
RC2_0072_ICR-1,RC2_0072,0072,1
RC2_0072_ICR-2,RC2_0072,0072,2
RC2_0072_ICR-3,RC2_0072,0072,3
RC2_0073_ICR-1,RC2_0073,0073,1
RC2_0073_ICR-2,RC2_0073,0073,2
RC2_0073_ICR-3,RC2_0073,0073,3
RC2_0074_ICR-1,RC2_0074,0074,1
RC2_0074_ICR-2,RC2_0074,0074,2
RC2_0074_ICR-3,RC2_0074,0074,3
RC2_0075_ICR-1,RC2_0075,0075,1
RC2_0075_ICR-2,RC2_0075,0075,2
RC2_0075_ICR-3,RC2_0075,0075,3
RC2_0076_ICR-1,RC2_0076,0076,1
RC2_0076_ICR-2,RC2_0076,0076,2
RC2_0076_ICR-3,RC2_0076,0076,3
RC2_0077_ICR-1,RC2_0077,0077,1
RC2_0077_ICR-2,RC2_0077,0077,2
RC2_0077_ICR-3,RC2_0077,0077,3
RC2_0078_ICR-1,RC2_0078,0078,1
RC2_0078_ICR-2,RC2_0078,0078,2
RC2_0078_ICR-3,RC2_0078,0078,3
RC2_0079_ICR-1,RC2_0079,0079,1
RC2_0079_ICR-2,RC2_0079,0079,2
RC2_0079_ICR-3,RC2_0079,0079,3
RC2_0080_ICR-1,RC2_0080,0080,1
RC2_0080_ICR-2,RC2_0080,0080,2
RC2_0080_ICR-3,RC2_0080,0080,3
RC2_0081_ICR-1,RC2_0081,0081,1
RC2_0081_ICR-2,RC2_0081,0081,2
RC2_0081_ICR-3,RC2_0081,0081,3
RC2_0082_ICR-1,RC2_0082,0082,1
RC2_0082_ICR-2,RC2_0082,0082,2
RC2_0082_ICR-3,RC2_0082,0082,3
RC2_0083_ICR-1,RC2_0083,0083,1
RC2_0083_ICR-2,RC2_0083,0083,2
RC2_0083_ICR-3,RC2_0083,0083,3
RC2_0084_ICR-1,RC2_0084,0084,1
RC2_0084_ICR-2,RC2_0084,0084,2
RC2_0084_ICR-3,RC2_0084,0084,3
RC2_0085_ICR-1,RC2_0085,0085,1
RC2_0085_ICR-2,RC2_0085,0085,2
RC2_0085_ICR-3,RC2_0085,0085,3
RC2_0086_ICR-1,RC2_0086,0086,1
RC2_0086_ICR-2,RC2_0086,0086,2
RC2_0086_ICR-3,RC2_0086,0086,3
RC2_0087_ICR-1,RC2_0087,0087,1
RC2_0087_ICR-2,RC2_0087,0087,2
RC2_0087_ICR-3,RC2_0087,0087,3
RC2_0088_ICR-1,RC2_0088,0088,1
RC2_0088_ICR-2,RC2_0088,0088,2
RC2_0088_ICR-3,RC2_0088,0088,3
RC2_0089_ICR-1,RC2_0089,0089,1
RC2_0089_ICR-2,RC2_0089,0089,2
RC2_0089_ICR-3,RC2_0089,0089,3
RC2_0090_ICR-1,RC2_0090,0090,1
RC2_0090_ICR-2,RC2_0090,0090,2
RC2_0090_ICR-3,RC2_0090,0090,3
RC2_0091_ICR-1,RC2_0091,0091,1
RC2_0091_ICR-2,RC2_0091,0091,2
RC2_0091_ICR-3,RC2_0091,0091,3
RC2_0092_ICR-1,RC2_0092,0092,1
RC2_0092_ICR-2,RC2_0092,0092,2
RC2_0092_ICR-3,RC2_0092,0092,3
RC2_0093_ICR-1,RC2_0093,0093,1
RC2_0093_ICR-2,RC2_0093,0093,2
RC2_0093_ICR-3,RC2_0093,0093,3
RC2_0094_ICR-1,RC2_0094,0094,1
RC2_0094_ICR-2,RC2_0094,0094,2
RC2_0094_ICR-3,RC2_0094,0094,3
RC2_0095_ICR-1,RC2_0095,0095,1
RC2_0095_ICR-2,RC2_0095,0095,2
RC2_0095_ICR-3,RC2_0095,0095,3
RC2_0096_ICR-1,RC2_0096,0096,1
RC2_0096_ICR-2,RC2_0096,0096,2
RC2_0096_ICR-3,RC2_0096,0096,3
RC2_0097_ICR-1,RC2_0097,0097,1
RC2_0097_ICR-2,RC2_0097,0097,2
RC2_0097_ICR-3,RC2_0097,0097,3
RC2_0098_ICR-1,RC2_0098,0098,1
RC2_0098_ICR-2,RC2_0098,0098,2
RC2_0098_ICR-3,RC2_0098,0098,3
RC2_0099_ICR-1,RC2_0099,0099,1
RC2_0099_ICR-2,RC2_0099,0099,2
RC2_0099_ICR-3,RC2_0099,0099,3
RC2_0100_ICR-1,RC2_0100,NA,1
RC2_0100_ICR-2,RC2_0100,NA,2
RC2_0100_ICR-3,RC2_0100,NA,3
RC2_0101_ICR-1,RC2_0101,NA,1
RC2_0101_ICR-2,RC2_0101,NA,2
RC2_0101_ICR-3,RC2_0101,NA,3
RC2_0103_ICR-1,RC2_0103,NA,1
RC2_0103_ICR-2,RC2_0103,NA,2
RC2_0103_ICR-3,RC2_0103,NA,3
RC2_0104_ICR-1,RC2_0104,NA,1
RC2_0104_ICR-2,RC2_0104,NA,2
RC2_0104_ICR-3,RC2_0104,NA,3
RC2_0105_ICR-1,RC2_0105,NA,1
RC2_0105_ICR-2,RC2_0105,NA,2
RC2_0105_ICR-3,RC2_0105,NA,3
RC2_0106_ICR-1,RC2_0106,NA,1
RC2_0106_ICR-2,RC2_0106,NA,2
RC2_0106_ICR-3,RC2_0106,NA,3
RC2_0107_ICR-1,RC2_0107,NA,1
RC2_0107_ICR-2,RC2_0107,NA,2
RC2_0107_ICR-3,RC2_0107,NA,3
RC2_0108_ICR-1,RC2_0108,NA,1
RC2_0108_ICR-2,RC2_0108,NA,2
RC2_0108_ICR-3,RC2_0108,NA,3
RC2_0109_ICR-1,RC2_0109,NA,1
RC2_0109_ICR-2,RC2_0109,NA,2
RC2_0109_ICR-3,RC2_0109,NA,3
RC2_0110_ICR-1,RC2_0110,NA,1
RC2_0110_ICR-2,RC2_0110,NA,2
RC2_0110_ICR-3,RC2_0110,NA,3
RC2_0111_ICR-1,RC2_0111,NA,1
RC2_0111_ICR-2,RC2_0111,NA,2
RC2_0111_ICR-3,RC2_0111,NA,3
RC2_0112_ICR-1,RC2_0112,NA,1
RC2_0112_ICR-2,RC2_0112,NA,2
RC2_0112_ICR-3,RC2_0112,NA,3
RC2_0113_ICR-1,RC2_0113,NA,1
RC2_0113_ICR-2,RC2_0113,NA,2
RC2_0113_ICR-3,RC2_0113,NA,3
RC2_0114_ICR-1,RC2_0114,NA,1
RC2_0114_ICR-2,RC2_0114,NA,2
RC2_0114_ICR-3,RC2_0114,NA,3
RC2_0115_ICR-1,RC2_0115,NA,1
RC2_0115_ICR-2,RC2_0115,NA,2
RC2_0115_ICR-3,RC2_0115,NA,3
RC2_0116_ICR-1,RC2_0116,NA,1
RC2_0116_ICR-2,RC2_0116,NA,2
RC2_0116_ICR-3,RC2_0116,NA,3
RC2_0117_ICR-1,RC2_0117,NA,1
RC2_0117_ICR-2,RC2_0117,NA,2
RC2_0117_ICR-3,RC2_0117,NA,3
RC2_0118_ICR-1,RC2_0118,NA,1
RC2_0118_ICR-2,RC2_0118,NA,2
RC2_0118_ICR-3,RC2_0118,NA,3
RC2_0119_ICR-1,RC2_0119,NA,1
RC2_0119_ICR-2,RC2_0119,NA,2
RC2_0119_ICR-3,RC2_0119,NA,3
RC2_0120_ICR-1,RC2_0120,NA,1
RC2_0120_ICR-2,RC2_0120,NA,2
RC2_0120_ICR-3,RC2_0120,NA,3
RC2_0121_ICR-1,RC2_0121,NA,1
RC2_0121_ICR-2,RC2_0121,NA,2
RC2_0121_ICR-3,RC2_0121,NA,3
RC2_0122_ICR-1,RC2_0122,NA,1
RC2_0122_ICR-2,RC2_0122,NA,2
RC2_0122_ICR-3,RC2_0122,NA,3
RC2_0123_ICR-1,RC2_0123,NA,1
RC2_0123_ICR-2,RC2_0123,NA,2
RC2_0123_ICR-3,RC2_0123,NA,3
RC2_0124_ICR-1,RC2_0124,NA,1
RC2_0124_ICR-2,RC2_0124,NA,2
RC2_0124_ICR-3,RC2_0124,NA,3
RC2_0125_ICR-1,RC2_0125,NA,1
RC2_0125_ICR-2,RC2_0125,NA,2
RC2_0125_ICR-3,RC2_0125,NA,3
RC2_0126_ICR-1,RC2_0126,NA,1
RC2_0126_ICR-2,RC2_0126,NA,2
RC2_0127_ICR-1,RC2_0127,NA,1
RC2_0127_ICR-2,RC2_0127,NA,2
RC2_0127_ICR-3,RC2_0127,NA,3
RC2_0128_ICR-1,RC2_0128,NA,1
RC2_0128_ICR-2,RC2_0128,NA,2
RC2_0128_ICR-3,RC2_0128,NA,3
RC2_0129_ICR-1,RC2_0129,NA,1
RC2_0129_ICR-2,RC2_0129,NA,2
RC2_0129_ICR-3,RC2_0129,NA,3
RC2_0130_ICR-1,RC2_0130,NA,1
RC2_0130_ICR-2,RC2_0130,NA,2
RC2_0130_ICR-3,RC2_0130,NA,3
RC2_0131_ICR-1,RC2_0131,NA,1
RC2_0131_ICR-2,RC2_0131,NA,2
RC2_0131_ICR-3,RC2_0131,NA,3
RC2_0132_ICR-1,RC2_0132,NA,1
RC2_0132_ICR-2,RC2_0132,NA,2
RC2_0132_ICR-3,RC2_0132,NA,3
RC2_0133_ICR-1,RC2_0133,NA,1
RC2_0133_ICR-2,RC2_0133,NA,2
RC2_0133_ICR-3,RC2_0133,NA,3
RC2_0134_ICR-1,RC2_0134,NA,1
RC2_0134_ICR-2,RC2_0134,NA,2
RC2_0134_ICR-3,RC2_0134,NA,3
RC2_0135_ICR-1,RC2_0135,NA,1
RC2_0135_ICR-2,RC2_0135,NA,2
RC2_0135_ICR-3,RC2_0135,NA,3
RC2_0136_ICR-1,RC2_0136,NA,1
RC2_0136_ICR-2,RC2_0136,NA,2
RC2_0136_ICR-3,RC2_0136,NA,3
RC2_0137_ICR-1,RC2_0137,NA,1
RC2_0137_ICR-2,RC2_0137,NA,2
RC2_0137_ICR-3,RC2_0137,NA,3
RC2_0138_ICR-1,RC2_0138,NA,1
RC2_0138_ICR-2,RC2_0138,NA,2
RC2_0138_ICR-3,RC2_0138,NA,3
RC2_0139_ICR-1,RC2_0139,NA,1
RC2_0139_ICR-2,RC2_0139,NA,2
RC2_0139_ICR-3,RC2_0139,NA,3
RC2_0140_ICR-1,RC2_0140,NA,1
RC2_0140_ICR-2,RC2_0140,NA,2
RC2_0140_ICR-3,RC2_0140,NA,3
RC2_0141_ICR-1,RC2_0141,NA,1
RC2_0141_ICR-2,RC2_0141,NA,2
RC2_0141_ICR-3,RC2_0141,NA,3
RC2_0142_ICR-1,RC2_0142,NA,1
RC2_0142_ICR-2,RC2_0142,NA,2
RC2_0142_ICR-3,RC2_0142,NA,3
RC2_0143_ICR-1,RC2_0143,NA,1
RC2_0143_ICR-2,RC2_0143,NA,2
RC2_0143_ICR-3,RC2_0143,NA,3
RC2_0144_ICR-1,RC2_0144,NA,1
RC2_0144_ICR-2,RC2_0144,NA,2
RC2_0144_ICR-3,RC2_0144,NA,3
RC2_0145_ICR-1,RC2_0145,NA,1
RC2_0145_ICR-2,RC2_0145,NA,2
RC2_0145_ICR-3,RC2_0145,NA,3
RC2_0146_ICR-1,RC2_0146,NA,1
RC2_0146_ICR-2,RC2_0146,NA,2
RC2_0146_ICR-3,RC2_0146,NA,3
RC2_0147_ICR-1,RC2_0147,NA,1
RC2_0147_ICR-2,RC2_0147,NA,2
RC2_0147_ICR-3,RC2_0147,NA,3
RC2_0148_ICR-1,RC2_0148,NA,1
RC2_0148_ICR-2,RC2_0148,NA,2
RC2_0148_ICR-3,RC2_0148,NA,3
RC2_0149_ICR-1,RC2_0149,NA,1
RC2_0149_ICR-2,RC2_0149,NA,2
RC2_0149_ICR-3,RC2_0149,NA,3
RC2_0150_ICR-1,RC2_0150,NA,1
RC2_0150_ICR-2,RC2_0150,NA,2
RC2_0150_ICR-3,RC2_0150,NA,3
RC2_0151_ICR-1,RC2_0151,NA,1
RC2_0151_ICR-2,RC2_0151,NA,2
RC2_0151_ICR-3,RC2_0151,NA,3
RC2_0152_ICR-1,RC2_0152,NA,1
RC2_0152_ICR-2,RC2_0152,NA,2
RC2_0152_ICR-3,RC2_0152,NA,3
RC2_0153_ICR-2,RC2_0153,NA,2
RC2_0153_ICR-3,RC2_0153,NA,3
RC2_0154_ICR-1,RC2_0154,NA,1
RC2_0154_ICR-2,RC2_0154,NA,2
RC2_0154_ICR-3,RC2_0154,NA,3
RC2_0155_ICR-1,RC2_0155,NA,1
RC2_0155_ICR-2,RC2_0155,NA,2
RC2_0155_ICR-3,RC2_0155,NA,3
RC2_0156_ICR-1,RC2_0156,NA,1
RC2_0156_ICR-2,RC2_0156,NA,2
RC2_0156_ICR-3,RC2_0156,NA,3
RC2_0157_ICR-1,RC2_0157,NA,1
RC2_0157_ICR-2,RC2_0157,NA,2
RC2_0157_ICR-3,RC2_0157,NA,3
RC2_0158_ICR-1,RC2_0158,NA,1
RC2_0158_ICR-2,RC2_0158,NA,2
RC2_0158_ICR-3,RC2_0158,NA,3
RC2_0159_ICR-1,RC2_0159,NA,1
RC2_0159_ICR-2,RC2_0159,NA,2
RC2_0159_ICR-3,RC2_0159,NA,3
RC2_0160_ICR-1,RC2_0160,NA,1
RC2_0160_ICR-2,RC2_0160,NA,2
RC2_0160_ICR-3,RC2_0160,NA,3
RC2_0163_ICR-1,RC2_0163,NA,1
RC2_0163_ICR-2,RC2_0163,NA,2
RC2_0163_ICR-3,RC2_0163,NA,3
RC2_0164_ICR-1,RC2_0164,NA,1
RC2_0164_ICR-2,RC2_0164,NA,2
RC2_0164_ICR-3,RC2_0164,NA,3
RC2_0165_ICR-1,RC2_0165,NA,1
RC2_0165_ICR-2,RC2_0165,NA,2
RC2_0165_ICR-3,RC2_0165,NA,3
RC2_0166_ICR-1,RC2_0166,NA,1
RC2_0166_ICR-2,RC2_0166,NA,2
RC2_0166_ICR-3,RC2_0166,NA,3
RC2_0167_ICR-1,RC2_0167,NA,1
RC2_0167_ICR-2,RC2_0167,NA,2
RC2_0167_ICR-3,RC2_0167,NA,3
RC2_0177_ICR-1,RC2_0177,NA,1
RC2_0177_ICR-2,RC2_0177,NA,2
RC2_0177_ICR-3,RC2_0177,NA,3
RC2_0178_ICR-1,RC2_0178,NA,1
RC2_0178_ICR-2,RC2_0178,NA,2
RC2_0178_ICR-3,RC2_0178,NA,3
RC2_0179_ICR-1,RC2_0179,NA,1
RC2_0179_ICR-3,RC2_0179,NA,3
RC2_0183_ICR-2,RC2_0183,NA,2
RC2_0183_ICR-3,RC2_0183,NA,3
RC2_0184_ICR-1,RC2_0184,NA,1
RC2_0184_ICR-2,RC2_0184,NA,2
RC2_0184_ICR-3,RC2_0184,NA,3
RC2_0187_ICR-1,RC2_0187,NA,1
RC2_0187_ICR-2,RC2_0187,NA,2
RC2_0187_ICR-3,RC2_0187,NA,3
RC2_0188_ICR-1,RC2_0188,NA,1
RC2_0188_ICR-2,RC2_0188,NA,2
RC2_0188_ICR-3,RC2_0188,NA,3
RC2_0189_ICR-1,RC2_0189,NA,1
RC2_0189_ICR-2,RC2_0189,NA,2
RC2_0189_ICR-3,RC2_0189,NA,3
RC2_0190_ICR-1,RC2_0190,NA,1
RC2_0190_ICR-2,RC2_0190,NA,2
RC2_0190_ICR-3,RC2_0190,NA,3
RC2_0191_ICR-1,RC2_0191,NA,1
RC2_0191_ICR-2,RC2_0191,NA,2
RC2_0191_ICR-3,RC2_0191,NA,3
RC2_0192_ICR-1,RC2_0192,NA,1
RC2_0192_ICR-2,RC2_0192,NA,2
RC2_0192_ICR-3,RC2_0192,NA,3
RC2_0193_ICR-1,RC2_0193,NA,1
RC2_0193_ICR-2,RC2_0193,NA,2
RC2_0193_ICR-3,RC2_0193,NA,3
RC2_0194_ICR-1,RC2_0194,NA,1
RC2_0194_ICR-2,RC2_0194,NA,2
RC2_0194_ICR-3,RC2_0194,NA,3
RC2_0195_ICR-1,RC2_0195,NA,1
RC2_0195_ICR-2,RC2_0195,NA,2
RC2_0195_ICR-3,RC2_0195,NA,3
RC2_0196_ICR-1,RC2_0196,NA,1
RC2_0196_ICR-2,RC2_0196,NA,2
RC2_0196_ICR-3,RC2_0196,NA,3
RC2_0197_ICR-1,RC2_0197,NA,1
RC2_0197_ICR-2,RC2_0197,NA,2
RC2_0197_ICR-3,RC2_0197,NA,3
RC2_0198_ICR-1,RC2_0198,NA,1
RC2_0198_ICR-2,RC2_0198,NA,2
RC2_0198_ICR-3,RC2_0198,NA,3
RC2_0199_ICR-1,RC2_0199,NA,1
RC2_0199_ICR-2,RC2_0199,NA,2
RC2_0199_ICR-3,RC2_0199,NA,3
RC2_0200_ICR-1,RC2_0200,NA,1
RC2_0200_ICR-2,RC2_0200,NA,2
RC2_0200_ICR-3,RC2_0200,NA,3
RC2_0201_ICR-1,RC2_0201,NA,1
RC2_0201_ICR-2,RC2_0201,NA,2
RC2_0201_ICR-3,RC2_0201,NA,3
RC2_0202_ICR-1,RC2_0202,NA,1
RC2_0202_ICR-2,RC2_0202,NA,2
RC2_0202_ICR-3,RC2_0202,NA,3
RC2_0203_ICR-1,RC2_0203,NA,1
RC2_0203_ICR-2,RC2_0203,NA,2
RC2_0203_ICR-3,RC2_0203,NA,3
RC2_0204_ICR-1,RC2_0204,NA,1
RC2_0204_ICR-2,RC2_0204,NA,2
RC2_0204_ICR-3,RC2_0204,NA,3
RC2_0205_ICR-1,RC2_0205,NA,1
RC2_0205_ICR-2,RC2_0205,NA,2
RC2_0205_ICR-3,RC2_0205,NA,3
RC2_0206_ICR-1,RC2_0206,NA,1
RC2_0206_ICR-2,RC2_0206,NA,2
RC2_0206_ICR-3,RC2_0206,NA,3
RC2_0207_ICR-1,RC2_0207,NA,1
RC2_0207_ICR-2,RC2_0207,NA,2
RC2_0207_ICR-3,RC2_0207,NA,3
RC2_0208_ICR-1,RC2_0208,NA,1
RC2_0208_ICR-2,RC2_0208,NA,2
RC2_0208_ICR-3,RC2_0208,NA,3
RC2_0209_ICR-1,RC2_0209,NA,1
RC2_0209_ICR-2,RC2_0209,NA,2
RC2_0209_ICR-3,RC2_0209,NA,3
RC2_0210_ICR-1,RC2_0210,NA,1
RC2_0210_ICR-2,RC2_0210,NA,2
RC2_0210_ICR-3,RC2_0210,NA,3
RC2_0211_ICR-1,RC2_0211,NA,1
RC2_0211_ICR-2,RC2_0211,NA,2
RC2_0211_ICR-3,RC2_0211,NA,3
