SampleID,Parent_ID,treatment,sample_treat_rep
EC_005_SIR-D1_p07,EC_005,DRY,EC_005_D1
EC_005_SIR-D2_p05,EC_005,DRY,EC_005_D2
EC_005_SIR-D3_p05,EC_005,DRY,EC_005_D3
EC_005_SIR-D4_p06,EC_005,DRY,EC_005_D4
EC_005_SIR-D5_p05,EC_005,DRY,EC_005_D5
EC_005_SIR-W1_p05,EC_005,WET,EC_005_W1
EC_005_SIR-W2_p05,EC_005,WET,EC_005_W2
EC_005_SIR-W3_p06,EC_005,WET,EC_005_W3
EC_005_SIR-W4_p06,EC_005,WET,EC_005_W4
EC_005_SIR-W5_p06,EC_005,WET,EC_005_W5
EC_009_SIR-D1_p07,EC_009,DRY,EC_009_D1
EC_009_SIR-D2_p07,EC_009,DRY,EC_009_D2
EC_009_SIR-D3_p07,EC_009,DRY,EC_009_D3
EC_009_SIR-D4_p06,EC_009,DRY,EC_009_D4
EC_009_SIR-D5_p06,EC_009,DRY,EC_009_D5
EC_009_SIR-W1_p07,EC_009,WET,EC_009_W1
EC_009_SIR-W2_p08,EC_009,WET,EC_009_W2
EC_009_SIR-W3_p09,EC_009,WET,EC_009_W3
EC_009_SIR-W4_p1,EC_009,WET,EC_009_W4
EC_009_SIR-W5_p1,EC_009,WET,EC_009_W5
EC_011_SIR-D1_p06,EC_011,DRY,EC_011_D1
EC_011_SIR-D2_p06,EC_011,DRY,EC_011_D2
EC_011_SIR-D3_p13,EC_011,DRY,EC_011_D3
EC_011_SIR-D4_p07,EC_011,DRY,EC_011_D4
EC_011_SIR-D5_p06,EC_011,DRY,EC_011_D5
EC_011_SIR-W1_p07,EC_011,WET,EC_011_W1
EC_011_SIR-W2_p07,EC_011,WET,EC_011_W2
EC_011_SIR-W3_p06,EC_011,WET,EC_011_W3
EC_011_SIR-W4_p07,EC_011,WET,EC_011_W4
EC_011_SIR-W5_p06,EC_011,WET,EC_011_W5
EC_012_SIR-D1_p05,EC_012,DRY,EC_012_D1
EC_012_SIR-D2_p07,EC_012,DRY,EC_012_D2
EC_012_SIR-D3_p06,EC_012,DRY,EC_012_D3
EC_012_SIR-D4_p06,EC_012,DRY,EC_012_D4
EC_012_SIR-D5_p05,EC_012,DRY,EC_012_D5
EC_012_SIR-W1_p06,EC_012,WET,EC_012_W1
EC_012_SIR-W2_p06,EC_012,WET,EC_012_W2
EC_012_SIR-W3_p06,EC_012,WET,EC_012_W3
EC_012_SIR-W4_p06,EC_012,WET,EC_012_W4
EC_012_SIR-W5_p07,EC_012,WET,EC_012_W5
EC_013_SIR-D1_p06,EC_013,DRY,EC_013_D1
EC_013_SIR-D2_p06,EC_013,DRY,EC_013_D2
EC_013_SIR-D3_p08,EC_013,DRY,EC_013_D3
EC_013_SIR-D4_p08,EC_013,DRY,EC_013_D4
EC_013_SIR-D5_p08,EC_013,DRY,EC_013_D5
EC_013_SIR-W1_p06,EC_013,WET,EC_013_W1
EC_013_SIR-W2_p08,EC_013,WET,EC_013_W2
EC_013_SIR-W3_p06,EC_013,WET,EC_013_W3
EC_013_SIR-W4_p08,EC_013,WET,EC_013_W4
EC_013_SIR-W5_p08,EC_013,WET,EC_013_W5
EC_014_SIR-D1_p06,EC_014,DRY,EC_014_D1
EC_014_SIR-D2_p06,EC_014,DRY,EC_014_D2
EC_014_SIR-D3_p06,EC_014,DRY,EC_014_D3
EC_014_SIR-D4_p08,EC_014,DRY,EC_014_D4
EC_014_SIR-D5_p08,EC_014,DRY,EC_014_D5
EC_014_SIR-W1_p08,EC_014,WET,EC_014_W1
EC_014_SIR-W2_p05,EC_014,WET,EC_014_W2
EC_014_SIR-W3_p05,EC_014,WET,EC_014_W3
EC_014_SIR-W4_p05,EC_014,WET,EC_014_W4
EC_014_SIR-W5_p05,EC_014,WET,EC_014_W5
EC_017_SIR-D1_p06,EC_017,DRY,EC_017_D1
EC_017_SIR-D2_p06,EC_017,DRY,EC_017_D2
EC_017_SIR-D3_p06,EC_017,DRY,EC_017_D3
EC_017_SIR-D4_p05,EC_017,DRY,EC_017_D4
EC_017_SIR-D5_p04,EC_017,DRY,EC_017_D5
EC_017_SIR-W1_p06,EC_017,WET,EC_017_W1
EC_017_SIR-W2_p05,EC_017,WET,EC_017_W2
EC_017_SIR-W3_p05,EC_017,WET,EC_017_W3
EC_017_SIR-W4_p07,EC_017,WET,EC_017_W4
EC_017_SIR-W5_p08,EC_017,WET,EC_017_W5
EC_018_SIR-D1_p07,EC_018,DRY,EC_018_D1
EC_018_SIR-D2_p06,EC_018,DRY,EC_018_D2
EC_018_SIR-D3_p06,EC_018,DRY,EC_018_D3
EC_018_SIR-D4_p06,EC_018,DRY,EC_018_D4
EC_018_SIR-D5_p06,EC_018,DRY,EC_018_D5
EC_018_SIR-W1_p05,EC_018,WET,EC_018_W1
EC_018_SIR-W2_p05,EC_018,WET,EC_018_W2
EC_018_SIR-W3_p09,EC_018,WET,EC_018_W3
EC_018_SIR-W4_p09,EC_018,WET,EC_018_W4
EC_018_SIR-W5_p09,EC_018,WET,EC_018_W5
EC_021_SIR-D1_p08,EC_021,DRY,EC_021_D1
EC_021_SIR-D2_p09,EC_021,DRY,EC_021_D2
EC_021_SIR-D3_p09,EC_021,DRY,EC_021_D3
EC_021_SIR-D4_p05,EC_021,DRY,EC_021_D4
EC_021_SIR-D5_p07,EC_021,DRY,EC_021_D5
EC_021_SIR-W1_p05,EC_021,WET,EC_021_W1
EC_021_SIR-W2_p07,EC_021,WET,EC_021_W2
EC_021_SIR-W3_p06,EC_021,WET,EC_021_W3
EC_021_SIR-W4_p07,EC_021,WET,EC_021_W4
EC_021_SIR-W5_p07,EC_021,WET,EC_021_W5
EC_022_SIR-D1_p08,EC_022,DRY,EC_022_D1
EC_022_SIR-D3_p07,EC_022,DRY,EC_022_D3
EC_022_SIR-D4_p07,EC_022,DRY,EC_022_D4
EC_022_SIR-D5_p09,EC_022,DRY,EC_022_D5
EC_022_SIR-W1_p07,EC_022,WET,EC_022_W1
EC_022_SIR-W2_p06,EC_022,WET,EC_022_W2
EC_022_SIR-W3_p07,EC_022,WET,EC_022_W3
EC_022_SIR-W4_p07,EC_022,WET,EC_022_W4
EC_022_SIR-W5_p07,EC_022,WET,EC_022_W5
EC_023_SIR-D1_p05,EC_023,DRY,EC_023_D1
EC_023_SIR-D2_p05,EC_023,DRY,EC_023_D2
EC_023_SIR-D3_p05,EC_023,DRY,EC_023_D3
EC_023_SIR-D4_p05,EC_023,DRY,EC_023_D4
EC_023_SIR-D5_p05,EC_023,DRY,EC_023_D5
EC_023_SIR-W1_p07,EC_023,WET,EC_023_W1
EC_023_SIR-W2_p07,EC_023,WET,EC_023_W2
EC_023_SIR-W3_p08,EC_023,WET,EC_023_W3
EC_023_SIR-W4_p08,EC_023,WET,EC_023_W4
EC_023_SIR-W5_p08,EC_023,WET,EC_023_W5
EC_024_SIR-D1_p07,EC_024,DRY,EC_024_D1
EC_024_SIR-D2_p05,EC_024,DRY,EC_024_D2
EC_024_SIR-D3_p05,EC_024,DRY,EC_024_D3
EC_024_SIR-D4_p06,EC_024,DRY,EC_024_D4
EC_024_SIR-D5_p06,EC_024,DRY,EC_024_D5
EC_024_SIR-W1_p06,EC_024,WET,EC_024_W1
EC_024_SIR-W2_p06,EC_024,WET,EC_024_W2
EC_024_SIR-W3_p06,EC_024,WET,EC_024_W3
EC_024_SIR-W4_p06,EC_024,WET,EC_024_W4
EC_024_SIR-W5_p06,EC_024,WET,EC_024_W5
EC_027_SIR-D1_p06,EC_027,DRY,EC_027_D1
EC_027_SIR-D2_p08,EC_027,DRY,EC_027_D2
EC_027_SIR-D3_p07,EC_027,DRY,EC_027_D3
EC_027_SIR-D4_p09,EC_027,DRY,EC_027_D4
EC_027_SIR-D5_p08,EC_027,DRY,EC_027_D5
EC_027_SIR-W1_p09,EC_027,WET,EC_027_W1
EC_027_SIR-W2_p09,EC_027,WET,EC_027_W2
EC_027_SIR-W3_p08,EC_027,WET,EC_027_W3
EC_027_SIR-W4_p08,EC_027,WET,EC_027_W4
EC_027_SIR-W5_p08,EC_027,WET,EC_027_W5
EC_032_SIR-D1_p11,EC_032,DRY,EC_032_D1
EC_032_SIR-D2_p11,EC_032,DRY,EC_032_D2
EC_032_SIR-D3_p1,EC_032,DRY,EC_032_D3
EC_032_SIR-D4_p09,EC_032,DRY,EC_032_D4
EC_032_SIR-D5_p09,EC_032,DRY,EC_032_D5
EC_032_SIR-W1_p08,EC_032,WET,EC_032_W1
EC_032_SIR-W2_p1,EC_032,WET,EC_032_W2
EC_032_SIR-W3_p09,EC_032,WET,EC_032_W3
EC_032_SIR-W4_p1,EC_032,WET,EC_032_W4
EC_032_SIR-W5_p1,EC_032,WET,EC_032_W5
EC_033_SIR-D1_p07,EC_033,DRY,EC_033_D1
EC_033_SIR-D2_p07,EC_033,DRY,EC_033_D2
EC_033_SIR-D3_p08,EC_033,DRY,EC_033_D3
EC_033_SIR-D4_p07,EC_033,DRY,EC_033_D4
EC_033_SIR-D5_p08,EC_033,DRY,EC_033_D5
EC_033_SIR-W1_p07,EC_033,WET,EC_033_W1
EC_033_SIR-W2_p04,EC_033,WET,EC_033_W2
EC_033_SIR-W3_p05,EC_033,WET,EC_033_W3
EC_033_SIR-W4_p05,EC_033,WET,EC_033_W4
EC_033_SIR-W5_p05,EC_033,WET,EC_033_W5
EC_034_SIR-D1_p09,EC_034,DRY,EC_034_D1
EC_034_SIR-D2_p08,EC_034,DRY,EC_034_D2
EC_034_SIR-D3_p05,EC_034,DRY,EC_034_D3
EC_034_SIR-D4_p05,EC_034,DRY,EC_034_D4
EC_034_SIR-D5_p04,EC_034,DRY,EC_034_D5
EC_034_SIR-W1_p05,EC_034,WET,EC_034_W1
EC_034_SIR-W2_p04,EC_034,WET,EC_034_W2
EC_034_SIR-W3_p04,EC_034,WET,EC_034_W3
EC_034_SIR-W4_p05,EC_034,WET,EC_034_W4
EC_034_SIR-W5_p04,EC_034,WET,EC_034_W5
EC_035_SIR-D1_p05,EC_035,DRY,EC_035_D1
EC_035_SIR-D2_p05,EC_035,DRY,EC_035_D2
EC_035_SIR-D3_p05,EC_035,DRY,EC_035_D3
EC_035_SIR-D4_p08,EC_035,DRY,EC_035_D4
EC_035_SIR-D5_p06,EC_035,DRY,EC_035_D5
EC_035_SIR-W1_p07,EC_035,WET,EC_035_W1
EC_035_SIR-W2_p07,EC_035,WET,EC_035_W2
EC_035_SIR-W3_p07,EC_035,WET,EC_035_W3
EC_035_SIR-W4_p08,EC_035,WET,EC_035_W4
EC_035_SIR-W5_p08,EC_035,WET,EC_035_W5
EC_037_SIR-D1_p07,EC_037,DRY,EC_037_D1
EC_037_SIR-D2_p07,EC_037,DRY,EC_037_D2
EC_037_SIR-D3_p07,EC_037,DRY,EC_037_D3
EC_037_SIR-D4_p08,EC_037,DRY,EC_037_D4
EC_037_SIR-D5_p06,EC_037,DRY,EC_037_D5
EC_037_SIR-W1_p06,EC_037,WET,EC_037_W1
EC_037_SIR-W2_p06,EC_037,WET,EC_037_W2
EC_037_SIR-W3_p06,EC_037,WET,EC_037_W3
EC_037_SIR-W4_p06,EC_037,WET,EC_037_W4
EC_037_SIR-W5_p06,EC_037,WET,EC_037_W5
EC_038_SIR-D1_p06,EC_038,DRY,EC_038_D1
EC_038_SIR-D2_p05,EC_038,DRY,EC_038_D2
EC_038_SIR-D3_p06,EC_038,DRY,EC_038_D3
EC_038_SIR-D4_p07,EC_038,DRY,EC_038_D4
EC_038_SIR-D5_p09,EC_038,DRY,EC_038_D5
EC_038_SIR-W1_p08,EC_038,WET,EC_038_W1
EC_038_SIR-W2_p09,EC_038,WET,EC_038_W2
EC_038_SIR-W3_p08,EC_038,WET,EC_038_W3
EC_038_SIR-W4_p08,EC_038,WET,EC_038_W4
EC_038_SIR-W5_p07,EC_038,WET,EC_038_W5
EC_039_SIR-D1_p06,EC_039,DRY,EC_039_D1
EC_039_SIR-D2_p06,EC_039,DRY,EC_039_D2
EC_039_SIR-D3_p06,EC_039,DRY,EC_039_D3
EC_039_SIR-D4_p06,EC_039,DRY,EC_039_D4
EC_039_SIR-D5_p06,EC_039,DRY,EC_039_D5
EC_039_SIR-W1_p06,EC_039,WET,EC_039_W1
EC_039_SIR-W2_p07,EC_039,WET,EC_039_W2
EC_039_SIR-W3_p06,EC_039,WET,EC_039_W3
EC_039_SIR-W4_p08,EC_039,WET,EC_039_W4
EC_039_SIR-W5_p08,EC_039,WET,EC_039_W5
EC_040_SIR-D1_p04,EC_040,DRY,EC_040_D1
EC_040_SIR-D2_p05,EC_040,DRY,EC_040_D2
EC_040_SIR-D3_p07,EC_040,DRY,EC_040_D3
EC_040_SIR-D4_p08,EC_040,DRY,EC_040_D4
EC_040_SIR-D5_p07,EC_040,DRY,EC_040_D5
EC_040_SIR-W1_p08,EC_040,WET,EC_040_W1
EC_040_SIR-W2_p11,EC_040,WET,EC_040_W2
EC_040_SIR-W3_p08,EC_040,WET,EC_040_W3
EC_040_SIR-W4_p09,EC_040,WET,EC_040_W4
EC_040_SIR-W5_p08,EC_040,WET,EC_040_W5
EC_041_SIR-D1_p08,EC_041,DRY,EC_041_D1
EC_041_SIR-D2_p08,EC_041,DRY,EC_041_D2
EC_041_SIR-D3_p08,EC_041,DRY,EC_041_D3
EC_041_SIR-D4_p08,EC_041,DRY,EC_041_D4
EC_041_SIR-D5_p08,EC_041,DRY,EC_041_D5
EC_041_SIR-W1_p08,EC_041,WET,EC_041_W1
EC_041_SIR-W2_p09,EC_041,WET,EC_041_W2
EC_041_SIR-W3_p07,EC_041,WET,EC_041_W3
EC_041_SIR-W4_p08,EC_041,WET,EC_041_W4
EC_041_SIR-W5_p08,EC_041,WET,EC_041_W5
EC_042_SIR-D1_p1,EC_042,DRY,EC_042_D1
EC_042_SIR-D2_p08,EC_042,DRY,EC_042_D2
EC_042_SIR-D3_p08,EC_042,DRY,EC_042_D3
EC_042_SIR-D4_p08,EC_042,DRY,EC_042_D4
EC_042_SIR-D5_p09,EC_042,DRY,EC_042_D5
EC_042_SIR-W1_p08,EC_042,WET,EC_042_W1
EC_042_SIR-W2_p09,EC_042,WET,EC_042_W2
EC_042_SIR-W3_p09,EC_042,WET,EC_042_W3
EC_042_SIR-W4_p08,EC_042,WET,EC_042_W4
EC_042_SIR-W5_p06,EC_042,WET,EC_042_W5
EC_044_SIR-D1_p09,EC_044,DRY,EC_044_D1
EC_044_SIR-D2_p08,EC_044,DRY,EC_044_D2
EC_044_SIR-D3_p08,EC_044,DRY,EC_044_D3
EC_044_SIR-D4_p11,EC_044,DRY,EC_044_D4
EC_044_SIR-D5_p09,EC_044,DRY,EC_044_D5
EC_044_SIR-W1_p08,EC_044,WET,EC_044_W1
EC_044_SIR-W2_p08,EC_044,WET,EC_044_W2
EC_044_SIR-W3_p09,EC_044,WET,EC_044_W3
EC_044_SIR-W4_p07,EC_044,WET,EC_044_W4
EC_044_SIR-W5_p07,EC_044,WET,EC_044_W5
EC_051_SIR-D1_p06,EC_051,DRY,EC_051_D1
EC_051_SIR-D2_p05,EC_051,DRY,EC_051_D2
EC_051_SIR-D3_p04,EC_051,DRY,EC_051_D3
EC_051_SIR-D4_p06,EC_051,DRY,EC_051_D4
EC_051_SIR-D5_p09,EC_051,DRY,EC_051_D5
EC_051_SIR-W1_p11,EC_051,WET,EC_051_W1
EC_051_SIR-W2_p09,EC_051,WET,EC_051_W2
EC_051_SIR-W3_p1,EC_051,WET,EC_051_W3
EC_051_SIR-W4_p09,EC_051,WET,EC_051_W4
EC_052_SIR-D1_p05,EC_052,DRY,EC_052_D1
EC_052_SIR-D2_p07,EC_052,DRY,EC_052_D2
EC_052_SIR-D3_p08,EC_052,DRY,EC_052_D3
EC_052_SIR-D4_p08,EC_052,DRY,EC_052_D4
EC_052_SIR-D5_p09,EC_052,DRY,EC_052_D5
EC_052_SIR-W1_p09,EC_052,WET,EC_052_W1
EC_052_SIR-W2_p09,EC_052,WET,EC_052_W2
EC_052_SIR-W3_p07,EC_052,WET,EC_052_W3
EC_052_SIR-W4_p1,EC_052,WET,EC_052_W4
EC_052_SIR-W5_p1,EC_052,WET,EC_052_W5
EC_053_SIR-D1_p12,EC_053,DRY,EC_053_D1
EC_053_SIR-D2_p1,EC_053,DRY,EC_053_D2
EC_053_SIR-D3_p1,EC_053,DRY,EC_053_D3
EC_053_SIR-D4_p08,EC_053,DRY,EC_053_D4
EC_053_SIR-D5_p07,EC_053,DRY,EC_053_D5
EC_053_SIR-W1_p09,EC_053,WET,EC_053_W1
EC_053_SIR-W2_p09,EC_053,WET,EC_053_W2
EC_053_SIR-W3_p09,EC_053,WET,EC_053_W3
EC_053_SIR-W4_p09,EC_053,WET,EC_053_W4
EC_053_SIR-W5_p1,EC_053,WET,EC_053_W5
EC_056_SIR-D1_p09,EC_056,DRY,EC_056_D1
EC_056_SIR-D2_p08,EC_056,DRY,EC_056_D2
EC_056_SIR-D3_p08,EC_056,DRY,EC_056_D3
EC_056_SIR-D4_p08,EC_056,DRY,EC_056_D4
EC_056_SIR-D5_p09,EC_056,DRY,EC_056_D5
EC_056_SIR-W1_p08,EC_056,WET,EC_056_W1
EC_056_SIR-W2_p09,EC_056,WET,EC_056_W2
EC_056_SIR-W3_p08,EC_056,WET,EC_056_W3
EC_056_SIR-W4_p04,EC_056,WET,EC_056_W4
EC_056_SIR-W5_p04,EC_056,WET,EC_056_W5
EC_057_SIR-D1_p07,EC_057,DRY,EC_057_D1
EC_057_SIR-D2_p05,EC_057,DRY,EC_057_D2
EC_057_SIR-D3_p05,EC_057,DRY,EC_057_D3
EC_057_SIR-D4_p04,EC_057,DRY,EC_057_D4
EC_057_SIR-D5_p05,EC_057,DRY,EC_057_D5
EC_057_SIR-W1_p06,EC_057,WET,EC_057_W1
EC_057_SIR-W2_p07,EC_057,WET,EC_057_W2
EC_057_SIR-W3_p07,EC_057,WET,EC_057_W3
EC_057_SIR-W4_p07,EC_057,WET,EC_057_W4
EC_057_SIR-W5_p07,EC_057,WET,EC_057_W5
EC_063_SIR-D1_p06,EC_063,DRY,EC_063_D1
EC_063_SIR-D2_p05,EC_063,DRY,EC_063_D2
EC_063_SIR-D3_p05,EC_063,DRY,EC_063_D3
EC_063_SIR-D4_p06,EC_063,DRY,EC_063_D4
EC_063_SIR-D5_p06,EC_063,DRY,EC_063_D5
EC_063_SIR-W1_p07,EC_063,WET,EC_063_W1
EC_063_SIR-W2_p08,EC_063,WET,EC_063_W2
EC_063_SIR-W3_p09,EC_063,WET,EC_063_W3
EC_063_SIR-W4_p07,EC_063,WET,EC_063_W4
EC_063_SIR-W5_p05,EC_063,WET,EC_063_W5
EC_064_SIR-D1_p08,EC_064,DRY,EC_064_D1
EC_064_SIR-D2_p08,EC_064,DRY,EC_064_D2
EC_064_SIR-D3_p09,EC_064,DRY,EC_064_D3
EC_064_SIR-D4_p09,EC_064,DRY,EC_064_D4
EC_064_SIR-D5_p09,EC_064,DRY,EC_064_D5
EC_064_SIR-W1_p09,EC_064,WET,EC_064_W1
EC_064_SIR-W2_p08,EC_064,WET,EC_064_W2
EC_064_SIR-W3_p09,EC_064,WET,EC_064_W3
EC_064_SIR-W4_p09,EC_064,WET,EC_064_W4
EC_064_SIR-W5_p01,EC_064,WET,EC_064_W5
EC_065_SIR-D1_p09,EC_065,DRY,EC_065_D1
EC_065_SIR-D2_p09,EC_065,DRY,EC_065_D2
EC_065_SIR-D3_p09,EC_065,DRY,EC_065_D3
EC_065_SIR-D4_p11,EC_065,DRY,EC_065_D4
EC_065_SIR-D5_p04,EC_065,DRY,EC_065_D5
EC_065_SIR-W1_p07,EC_065,WET,EC_065_W1
EC_065_SIR-W2_p06,EC_065,WET,EC_065_W2
EC_065_SIR-W3_p07,EC_065,WET,EC_065_W3
EC_065_SIR-W4_p07,EC_065,WET,EC_065_W4
EC_065_SIR-W5_p09,EC_065,WET,EC_065_W5
EC_066_SIR-D1_p07,EC_066,DRY,EC_066_D1
EC_066_SIR-D2_p11,EC_066,DRY,EC_066_D2
EC_066_SIR-D3_p11,EC_066,DRY,EC_066_D3
EC_066_SIR-D4_p08,EC_066,DRY,EC_066_D4
EC_066_SIR-D5_p08,EC_066,DRY,EC_066_D5
EC_066_SIR-W1_p08,EC_066,WET,EC_066_W1
EC_066_SIR-W2_p08,EC_066,WET,EC_066_W2
EC_066_SIR-W3_p08,EC_066,WET,EC_066_W3
EC_066_SIR-W4_p08,EC_066,WET,EC_066_W4
EC_066_SIR-W5_p07,EC_066,WET,EC_066_W5
EC_068_SIR-D1_p09,EC_068,DRY,EC_068_D1
EC_068_SIR-D2_p1,EC_068,DRY,EC_068_D2
EC_068_SIR-D3_p09,EC_068,DRY,EC_068_D3
EC_068_SIR-D4_p1,EC_068,DRY,EC_068_D4
EC_068_SIR-D5_p09,EC_068,DRY,EC_068_D5
EC_068_SIR-W1_p1,EC_068,WET,EC_068_W1
EC_068_SIR-W2_p11,EC_068,WET,EC_068_W2
EC_068_SIR-W3_p13,EC_068,WET,EC_068_W3
EC_068_SIR-W4_p12,EC_068,WET,EC_068_W4
EC_068_SIR-W5_p12,EC_068,WET,EC_068_W5
EC_069_SIR-D1_p1,EC_069,DRY,EC_069_D1
EC_069_SIR-D2_p09,EC_069,DRY,EC_069_D2
EC_069_SIR-D3_p09,EC_069,DRY,EC_069_D3
EC_069_SIR-D4_p05,EC_069,DRY,EC_069_D4
EC_069_SIR-D5_p07,EC_069,DRY,EC_069_D5
EC_069_SIR-W1_p07,EC_069,WET,EC_069_W1
EC_069_SIR-W2_p07,EC_069,WET,EC_069_W2
EC_069_SIR-W3_p05,EC_069,WET,EC_069_W3
EC_069_SIR-W4_p06,EC_069,WET,EC_069_W4
EC_069_SIR-W5_p08,EC_069,WET,EC_069_W5
EC_070_SIR-D2_p1,EC_070,DRY,EC_070_D2
EC_070_SIR-D3_p1,EC_070,DRY,EC_070_D3
EC_070_SIR-D4_p09,EC_070,DRY,EC_070_D4
EC_070_SIR-D5_p1,EC_070,DRY,EC_070_D5
EC_070_SIR-W1_p12,EC_070,WET,EC_070_W1
EC_070_SIR-W2_p09,EC_070,WET,EC_070_W2
EC_070_SIR-W3_p1,EC_070,WET,EC_070_W3
EC_070_SIR-W4_p1,EC_070,WET,EC_070_W4
EC_070_SIR-W5_p1,EC_070,WET,EC_070_W5
EC_071_SIR-D1_p1,EC_071,DRY,EC_071_D1
EC_071_SIR-D2_p11,EC_071,DRY,EC_071_D2
EC_071_SIR-D3_p09,EC_071,DRY,EC_071_D3
EC_071_SIR-D4_p08,EC_071,DRY,EC_071_D4
EC_071_SIR-D5_p09,EC_071,DRY,EC_071_D5
EC_071_SIR-W1_p11,EC_071,WET,EC_071_W1
EC_071_SIR-W2_p11,EC_071,WET,EC_071_W2
EC_071_SIR-W3_p1,EC_071,WET,EC_071_W3
EC_071_SIR-W4_p1,EC_071,WET,EC_071_W4
EC_071_SIR-W5_p11,EC_071,WET,EC_071_W5
EC_072_SIR-D1_p1,EC_072,DRY,EC_072_D1
EC_072_SIR-D2_p07,EC_072,DRY,EC_072_D2
EC_072_SIR-D3_p06,EC_072,DRY,EC_072_D3
EC_072_SIR-D4_p08,EC_072,DRY,EC_072_D4
EC_072_SIR-W1_p08,EC_072,WET,EC_072_W1
EC_072_SIR-W2_p08,EC_072,WET,EC_072_W2
EC_072_SIR-W3_p12,EC_072,WET,EC_072_W3
EC_072_SIR-W4_p09,EC_072,WET,EC_072_W4
EC_073_SIR-D1_p1,EC_073,DRY,EC_073_D1
EC_073_SIR-D2_p1,EC_073,DRY,EC_073_D2
EC_073_SIR-D3_p1,EC_073,DRY,EC_073_D3
EC_073_SIR-D4_p09,EC_073,DRY,EC_073_D4
EC_073_SIR-D5_p1,EC_073,DRY,EC_073_D5
EC_073_SIR-W1_p1,EC_073,WET,EC_073_W1
EC_073_SIR-W2_p1,EC_073,WET,EC_073_W2
EC_073_SIR-W3_p1,EC_073,WET,EC_073_W3
EC_073_SIR-W4_p09,EC_073,WET,EC_073_W4
EC_073_SIR-W5_p09,EC_073,WET,EC_073_W5
EC_074_SIR-D1_p11,EC_074,DRY,EC_074_D1
EC_074_SIR-D2_p11,EC_074,DRY,EC_074_D2
EC_074_SIR-D3_p05,EC_074,DRY,EC_074_D3
EC_074_SIR-D4_p05,EC_074,DRY,EC_074_D4
EC_074_SIR-D5_p06,EC_074,DRY,EC_074_D5
EC_074_SIR-W1_p05,EC_074,WET,EC_074_W1
EC_074_SIR-W2_p05,EC_074,WET,EC_074_W2
EC_074_SIR-W3_p06,EC_074,WET,EC_074_W3
EC_074_SIR-W4_p06,EC_074,WET,EC_074_W4
EC_074_SIR-W5_p06,EC_074,WET,EC_074_W5
EC_075_SIR-D1_p09,EC_075,DRY,EC_075_D1
EC_075_SIR-D2_p09,EC_075,DRY,EC_075_D2
EC_075_SIR-D3_p05,EC_075,DRY,EC_075_D3
EC_075_SIR-D4_p05,EC_075,DRY,EC_075_D4
EC_075_SIR-D5_p09,EC_075,DRY,EC_075_D5
EC_075_SIR-W1_p09,EC_075,WET,EC_075_W1
EC_075_SIR-W2_p12,EC_075,WET,EC_075_W2
EC_075_SIR-W3_p11,EC_075,WET,EC_075_W3
EC_075_SIR-W4_p11,EC_075,WET,EC_075_W4
EC_075_SIR-W5_p11,EC_075,WET,EC_075_W5
EC_076_SIR-D1_p08,EC_076,DRY,EC_076_D1
EC_076_SIR-D2_p11,EC_076,DRY,EC_076_D2
EC_076_SIR-D3_p09,EC_076,DRY,EC_076_D3
EC_076_SIR-D4_p08,EC_076,DRY,EC_076_D4
EC_076_SIR-D5_p08,EC_076,DRY,EC_076_D5
EC_076_SIR-W1_p09,EC_076,WET,EC_076_W1
EC_076_SIR-W2_p12,EC_076,WET,EC_076_W2
EC_076_SIR-W3_p09,EC_076,WET,EC_076_W3
EC_076_SIR-W4_p08,EC_076,WET,EC_076_W4
EC_076_SIR-W5_p1,EC_076,WET,EC_076_W5
EC_078_SIR-D1_p11,EC_078,DRY,EC_078_D1
EC_078_SIR-D2_p11,EC_078,DRY,EC_078_D2
EC_078_SIR-D3_p09,EC_078,DRY,EC_078_D3
EC_078_SIR-D4_p11,EC_078,DRY,EC_078_D4
EC_078_SIR-D5_p1,EC_078,DRY,EC_078_D5
EC_078_SIR-W1_p09,EC_078,WET,EC_078_W1
EC_078_SIR-W2_p11,EC_078,WET,EC_078_W2
EC_078_SIR-W3_p1,EC_078,WET,EC_078_W3
EC_078_SIR-W4_p1,EC_078,WET,EC_078_W4
EC_078_SIR-W5_p11,EC_078,WET,EC_078_W5
EC_080_SIR-D1_p1,EC_080,DRY,EC_080_D1
EC_080_SIR-D2_p12,EC_080,DRY,EC_080_D2
EC_080_SIR-D3_p12,EC_080,DRY,EC_080_D3
EC_080_SIR-D4_p07,EC_080,DRY,EC_080_D4
EC_080_SIR-D5_p06,EC_080,DRY,EC_080_D5
EC_080_SIR-W1_p06,EC_080,WET,EC_080_W1
EC_080_SIR-W2_p07,EC_080,WET,EC_080_W2
EC_080_SIR-W3_p07,EC_080,WET,EC_080_W3
EC_080_SIR-W4_p07,EC_080,WET,EC_080_W4
EC_080_SIR-W5_p07,EC_080,WET,EC_080_W5
EC_081_SIR-D1_p05,EC_081,DRY,EC_081_D1
EC_081_SIR-D2_p05,EC_081,DRY,EC_081_D2
EC_081_SIR-D3_p05,EC_081,DRY,EC_081_D3
EC_081_SIR-D4_p05,EC_081,DRY,EC_081_D4
EC_081_SIR-D5_p05,EC_081,DRY,EC_081_D5
EC_081_SIR-W1_p06,EC_081,WET,EC_081_W1
EC_081_SIR-W2_p09,EC_081,WET,EC_081_W2
EC_081_SIR-W3_p09,EC_081,WET,EC_081_W3
EC_081_SIR-W4_p08,EC_081,WET,EC_081_W4
EC_081_SIR-W5_p07,EC_081,WET,EC_081_W5
EC_082_SIR-D1_p09,EC_082,DRY,EC_082_D1
EC_082_SIR-D2_p12,EC_082,DRY,EC_082_D2
EC_082_SIR-D3_p11,EC_082,DRY,EC_082_D3
EC_082_SIR-D4_p09,EC_082,DRY,EC_082_D4
EC_082_SIR-D5_p1,EC_082,DRY,EC_082_D5
EC_082_SIR-W1_p09,EC_082,WET,EC_082_W1
EC_082_SIR-W2_p09,EC_082,WET,EC_082_W2
EC_082_SIR-W3_p1,EC_082,WET,EC_082_W3
EC_082_SIR-W4_p11,EC_082,WET,EC_082_W4
EC_082_SIR-W5_p1,EC_082,WET,EC_082_W5
EC_084_SIR-D1_p09,EC_084,DRY,EC_084_D1
EC_084_SIR-D2_p09,EC_084,DRY,EC_084_D2
EC_084_SIR-D3_p09,EC_084,DRY,EC_084_D3
EC_084_SIR-D4_p09,EC_084,DRY,EC_084_D4
EC_084_SIR-D5_p08,EC_084,DRY,EC_084_D5
EC_084_SIR-W1_p06,EC_084,WET,EC_084_W1
EC_084_SIR-W2_p07,EC_084,WET,EC_084_W2
EC_084_SIR-W3_p07,EC_084,WET,EC_084_W3
EC_084_SIR-W4_p09,EC_084,WET,EC_084_W4
EC_084_SIR-W5_p1,EC_084,WET,EC_084_W5
EC_085_SIR-D1_p08,EC_085,DRY,EC_085_D1
EC_085_SIR-D2_p1,EC_085,DRY,EC_085_D2
EC_085_SIR-D3_p09,EC_085,DRY,EC_085_D3
EC_085_SIR-D4_p09,EC_085,DRY,EC_085_D4
EC_085_SIR-D5_p1,EC_085,DRY,EC_085_D5
EC_085_SIR-W1_p05,EC_085,WET,EC_085_W1
EC_085_SIR-W2_p05,EC_085,WET,EC_085_W2
EC_085_SIR-W3_p06,EC_085,WET,EC_085_W3
EC_085_SIR-W4_p05,EC_085,WET,EC_085_W4
EC_085_SIR-W5_p06,EC_085,WET,EC_085_W5
EC_088_SIR-D1_p09,EC_088,DRY,EC_088_D1
EC_088_SIR-D2_p07,EC_088,DRY,EC_088_D2
EC_088_SIR-D3_p05,EC_088,DRY,EC_088_D3
EC_088_SIR-D4_p07,EC_088,DRY,EC_088_D4
EC_088_SIR-D5_p07,EC_088,DRY,EC_088_D5
EC_088_SIR-W1_p1,EC_088,WET,EC_088_W1
EC_088_SIR-W2_p1,EC_088,WET,EC_088_W2
EC_088_SIR-W3_p1,EC_088,WET,EC_088_W3
EC_088_SIR-W4_p11,EC_088,WET,EC_088_W4
EC_088_SIR-W5_p11,EC_088,WET,EC_088_W5
EC_089_SIR-D1_p08,EC_089,DRY,EC_089_D1
EC_089_SIR-D2_p09,EC_089,DRY,EC_089_D2
EC_089_SIR-D3_p09,EC_089,DRY,EC_089_D3
EC_089_SIR-D4_p1,EC_089,DRY,EC_089_D4
EC_089_SIR-D5_p09,EC_089,DRY,EC_089_D5
EC_089_SIR-W1_p1,EC_089,WET,EC_089_W1
EC_089_SIR-W2_p09,EC_089,WET,EC_089_W2
EC_089_SIR-W3_p1,EC_089,WET,EC_089_W3
EC_089_SIR-W4_p09,EC_089,WET,EC_089_W4
EC_089_SIR-W5_p1,EC_089,WET,EC_089_W5
EC_090_SIR-D1_p1,EC_090,DRY,EC_090_D1
EC_090_SIR-D2_p09,EC_090,DRY,EC_090_D2
EC_090_SIR-D3_p09,EC_090,DRY,EC_090_D3
EC_090_SIR-D4_p1,EC_090,DRY,EC_090_D4
EC_090_SIR-D5_p09,EC_090,DRY,EC_090_D5
EC_090_SIR-W1_p09,EC_090,WET,EC_090_W1
EC_090_SIR-W2_p1,EC_090,WET,EC_090_W2
EC_090_SIR-W3_p06,EC_090,WET,EC_090_W3
EC_090_SIR-W4_p05,EC_090,WET,EC_090_W4
EC_090_SIR-W5_p05,EC_090,WET,EC_090_W5
EC_091_SIR-D1_p05,EC_091,DRY,EC_091_D1
EC_091_SIR-D2_p07,EC_091,DRY,EC_091_D2
EC_091_SIR-D3_p08,EC_091,DRY,EC_091_D3
EC_091_SIR-D4_p08,EC_091,DRY,EC_091_D4
EC_091_SIR-D5_p1,EC_091,DRY,EC_091_D5
EC_091_SIR-W1_p11,EC_091,WET,EC_091_W1
EC_091_SIR-W2_p07,EC_091,WET,EC_091_W2
EC_091_SIR-W3_p06,EC_091,WET,EC_091_W3
EC_091_SIR-W4_p06,EC_091,WET,EC_091_W4
EC_091_SIR-W5_p07,EC_091,WET,EC_091_W5
EC_092_SIR-D1_p08,EC_092,DRY,EC_092_D1
EC_092_SIR-D2_p08,EC_092,DRY,EC_092_D2
EC_092_SIR-D3_p1,EC_092,DRY,EC_092_D3
EC_092_SIR-D4_p1,EC_092,DRY,EC_092_D4
EC_092_SIR-D5_p09,EC_092,DRY,EC_092_D5
EC_092_SIR-W1_p1,EC_092,WET,EC_092_W1
EC_092_SIR-W2_p1,EC_092,WET,EC_092_W2
EC_092_SIR-W3_p1,EC_092,WET,EC_092_W3
EC_092_SIR-W4_p11,EC_092,WET,EC_092_W4
EC_092_SIR-W5_p11,EC_092,WET,EC_092_W5
EC_093_SIR-D1_p1,EC_093,DRY,EC_093_D1
EC_093_SIR-D2_p1,EC_093,DRY,EC_093_D2
EC_093_SIR-D3_p08,EC_093,DRY,EC_093_D3
EC_093_SIR-D4_p11,EC_093,DRY,EC_093_D4
EC_093_SIR-D5_p1,EC_093,DRY,EC_093_D5
EC_093_SIR-W1_p09,EC_093,WET,EC_093_W1
EC_093_SIR-W2_p08,EC_093,WET,EC_093_W2
EC_093_SIR-W3_p1,EC_093,WET,EC_093_W3
EC_093_SIR-W4_p1,EC_093,WET,EC_093_W4
EC_093_SIR-W5_p1,EC_093,WET,EC_093_W5
EC_094_SIR-D1_p11,EC_094,DRY,EC_094_D1
EC_094_SIR-D2_p1,EC_094,DRY,EC_094_D2
EC_094_SIR-D3_p11,EC_094,DRY,EC_094_D3
EC_094_SIR-D4_p1,EC_094,DRY,EC_094_D4
EC_094_SIR-D5_p1,EC_094,DRY,EC_094_D5
EC_094_SIR-W1_p05,EC_094,WET,EC_094_W1
EC_094_SIR-W2_p06,EC_094,WET,EC_094_W2
EC_094_SIR-W3_p07,EC_094,WET,EC_094_W3
EC_094_SIR-W4_p07,EC_094,WET,EC_094_W4
EC_094_SIR-W5_p09,EC_094,WET,EC_094_W5
EC_095_SIR-D1_p08,EC_095,DRY,EC_095_D1
EC_095_SIR-D2_p09,EC_095,DRY,EC_095_D2
EC_095_SIR-D3_p08,EC_095,DRY,EC_095_D3
EC_095_SIR-D4_p1,EC_095,DRY,EC_095_D4
EC_095_SIR-D5_p08,EC_095,DRY,EC_095_D5
EC_095_SIR-W1_p1,EC_095,WET,EC_095_W1
EC_095_SIR-W2_p09,EC_095,WET,EC_095_W2
EC_095_SIR-W3_p08,EC_095,WET,EC_095_W3
EC_095_SIR-W4_p08,EC_095,WET,EC_095_W4
EC_095_SIR-W5_p11,EC_095,WET,EC_095_W5
