SampleID,num_peak,n_transformations,normalized_transformations
RC2_0001_ICR-1,4182,28182,6.738880918220947
RC2_0001_ICR-2,4373,28969,6.624514063571919
RC2_0001_ICR-3,4130,27290,6.60774818401937
RC2_0002_ICR-1,4475,28475,6.363128491620111
RC2_0002_ICR-2,4428,25306,5.714995483288166
RC2_0002_ICR-3,4249,24712,5.815956695693104
RC2_0003_ICR-1,4317,25648,5.941162844567987
RC2_0003_ICR-2,3702,27178,7.341437061048082
RC2_0003_ICR-3,4202,22630,5.385530699666825
RC2_0004_ICR-1,4434,26588,5.996391520072169
RC2_0004_ICR-2,4462,25468,5.707754370237562
RC2_0004_ICR-3,4239,25549,6.027129039867893
RC2_0005_ICR-1,4574,28795,6.295365107127241
RC2_0005_ICR-2,4618,27877,6.036595928973582
RC2_0005_ICR-3,4123,28962,7.0244967256851805
RC2_0006_ICR-1,4552,30236,6.642355008787346
RC2_0006_ICR-2,4721,27938,5.917814022452871
RC2_0006_ICR-3,4517,26511,5.869160947531547
RC2_0007_ICR-1,4112,26297,6.395184824902723
RC2_0007_ICR-2,4226,25433,6.018220539517274
RC2_0007_ICR-3,3873,23437,6.05138135812032
RC2_0008_ICR-1,4422,22420,5.070104025327906
RC2_0008_ICR-2,4237,24126,5.694123200377626
RC2_0008_ICR-3,4429,24574,5.548430797019643
RC2_0009_ICR-1,4305,26783,6.2213704994192796
RC2_0009_ICR-2,4500,26232,5.8293333333333335
RC2_0009_ICR-3,4461,26541,5.949562878278413
RC2_0010_ICR-1,4398,27093,6.160300136425648
RC2_0010_ICR-2,4503,26105,5.797246280257606
RC2_0010_ICR-3,4250,27398,6.446588235294118
RC2_0011_ICR-1,4528,24822,5.4818904593639575
RC2_0011_ICR-2,4629,24286,5.24648952257507
RC2_0011_ICR-3,4172,28743,6.889501438159156
RC2_0012_ICR-1,4259,26662,6.26015496595445
RC2_0012_ICR-2,4535,25113,5.537596471885336
RC2_0012_ICR-3,4430,24107,5.44176072234763
RC2_0013_ICR-1,4219,26501,6.281346290590188
RC2_0013_ICR-2,4024,23147,5.7522365805168985
RC2_0013_ICR-3,3810,23212,6.092388451443569
RC2_0014_ICR-1,4238,21441,5.059226050023596
RC2_0014_ICR-2,4163,20123,4.83377372087437
RC2_0014_ICR-3,4416,22705,5.141530797101449
RC2_0015_ICR-1,4603,26724,5.80577883988703
RC2_0015_ICR-2,4319,24827,5.748321370687659
RC2_0015_ICR-3,4313,21715,5.034778576396939
RC2_0016_ICR-1,4583,27916,6.091206633209688
RC2_0016_ICR-2,4447,21868,4.91747245333933
RC2_0016_ICR-3,4640,27397,5.904525862068965
RC2_0017_ICR-1,4591,26775,5.832062731431061
RC2_0017_ICR-2,4514,23774,5.266725742135578
RC2_0017_ICR-3,4531,24927,5.501434561906864
RC2_0018_ICR-1,4612,25215,5.467259323503903
RC2_0018_ICR-2,4455,23643,5.307070707070707
RC2_0018_ICR-3,4563,26428,5.791803637957484
RC2_0019_ICR-2,3985,28115,7.055207026348808
RC2_0019_ICR-3,4147,26606,6.415722208825657
RC2_0020_ICR-1,4213,21473,5.096843104676003
RC2_0020_ICR-2,4454,25819,5.796811854512797
RC2_0020_ICR-3,3967,25591,6.450970506680111
RC2_0021_ICR-1,4524,27183,6.008620689655173
RC2_0021_ICR-2,4203,22855,5.437782536283607
RC2_0021_ICR-3,4284,20709,4.834033613445378
RC2_0022_ICR-1,4442,25356,5.708239531742459
RC2_0022_ICR-2,4509,27214,6.03548458638279
RC2_0022_ICR-3,4567,26546,5.81256842566236
RC2_0023_ICR-1,4451,24834,5.57942035497641
RC2_0023_ICR-2,4458,25702,5.765365634813818
RC2_0023_ICR-3,4374,24766,5.66209419295839
RC2_0024_ICR-1,4292,21814,5.082479030754893
RC2_0024_ICR-2,4536,27730,6.11331569664903
RC2_0024_ICR-3,4363,24947,5.717854687141875
RC2_0025_ICR-1,4135,25998,6.287303506650544
RC2_0025_ICR-2,4002,24567,6.138680659670165
RC2_0025_ICR-3,4095,26438,6.456166056166056
RC2_0026_ICR-1,4249,23152,5.448811485055307
RC2_0026_ICR-2,4255,22625,5.317273795534665
RC2_0026_ICR-3,4205,23414,5.568133174791915
RC2_0027_ICR-1,4069,22727,5.585401818628656
RC2_0027_ICR-2,3927,23344,5.944486885663356
RC2_0027_ICR-3,4060,23161,5.704679802955665
RC2_0028_ICR-1,4353,24589,5.648747989892028
RC2_0028_ICR-2,4453,27084,6.082191780821918
RC2_0028_ICR-3,4247,22906,5.3934542029668
RC2_0029_ICR-1,4419,28356,6.41683638832315
RC2_0029_ICR-2,4303,25603,5.950034859400418
RC2_0029_ICR-3,4570,27069,5.9231947483588625
RC2_0030_ICR-1,4644,27660,5.956072351421189
RC2_0030_ICR-2,4449,28129,6.322544391998202
RC2_0030_ICR-3,4308,21423,4.972841225626741
RC2_0031_ICR-1,3677,24767,6.735654065814523
RC2_0031_ICR-2,4321,29359,6.794492015737098
RC2_0031_ICR-3,4057,26703,6.581957111165886
RC2_0032_ICR-1,4550,24892,5.470769230769231
RC2_0032_ICR-2,4372,25726,5.884263494967978
RC2_0032_ICR-3,4176,25272,6.051724137931035
RC2_0033_ICR-1,4510,25936,5.750776053215078
RC2_0033_ICR-2,4491,26494,5.899354264083723
RC2_0033_ICR-3,4326,25826,5.969949144706426
RC2_0034_ICR-1,4132,28145,6.811471442400775
RC2_0034_ICR-2,4608,27480,5.963541666666667
RC2_0034_ICR-3,4649,29654,6.378576037857604
RC2_0035_ICR-1,4672,28355,6.069135273972603
RC2_0035_ICR-2,4404,25736,5.84377838328792
RC2_0035_ICR-3,4849,28763,5.931738502784079
RC2_0036_ICR-1,4586,28943,6.311164413432185
RC2_0036_ICR-2,4693,28953,6.16940123588323
RC2_0036_ICR-3,4118,30252,7.346284604176785
RC2_0037_ICR-1,4821,27090,5.619166148102053
RC2_0037_ICR-2,4560,28271,6.199780701754386
RC2_0037_ICR-3,4554,26207,5.754721124286342
RC2_0038_ICR-1,4606,24794,5.382978723404255
RC2_0038_ICR-2,4116,23742,5.7682215743440235
RC2_0038_ICR-3,4386,25909,5.907204742362061
RC2_0039_ICR-1,4710,25662,5.448407643312102
RC2_0039_ICR-2,4254,30800,7.240244475787494
RC2_0039_ICR-3,4852,26248,5.4097279472382525
RC2_0040_ICR-1,4385,26695,6.0877993158494865
RC2_0040_ICR-2,4196,28999,6.911105815061964
RC2_0040_ICR-3,4683,26810,5.724962630792227
RC2_0041_ICR-1,4692,29372,6.26001705029838
RC2_0041_ICR-2,4606,26949,5.8508467216673905
RC2_0041_ICR-3,3847,26983,7.014036911879386
RC2_0042_ICR-1,4177,28573,6.840555422552071
RC2_0042_ICR-2,4610,29648,6.431236442516269
RC2_0042_ICR-3,3991,27522,6.896016036081183
RC2_0043_ICR-1,4031,26525,6.580253038948152
RC2_0043_ICR-2,3950,27954,7.076962025316456
RC2_0043_ICR-3,3245,26594,8.19537750385208
RC2_0044_ICR-1,4206,28142,6.690917736566809
RC2_0044_ICR-2,3177,29898,9.410764872521247
RC2_0044_ICR-3,4207,26048,6.191585452816734
RC2_0045_ICR-1,4587,31640,6.897754523653804
RC2_0045_ICR-2,4703,29102,6.1879651286412924
RC2_0045_ICR-3,4283,30324,7.080084053233715
RC2_0046_ICR-1,4595,28200,6.137105549510338
RC2_0046_ICR-2,4367,29029,6.647355163727959
RC2_0046_ICR-3,4697,30644,6.524164360229934
RC2_0048_ICR-1,4595,28895,6.288356909684439
RC2_0048_ICR-2,4217,31934,7.5726820014228124
RC2_0048_ICR-3,4794,29527,6.1591572799332495
RC2_0049_ICR-1,4266,29168,6.837318330989217
RC2_0049_ICR-2,4549,30344,6.670477027918224
RC2_0049_ICR-3,4789,27070,5.652537064105241
RC2_0050_ICR-1,4370,31748,7.264988558352402
RC2_0050_ICR-2,4479,30229,6.749051127483813
RC2_0050_ICR-3,4596,29248,6.363794604003481
RC2_0051_ICR-1,4508,27194,6.032386867790595
RC2_0051_ICR-2,4124,23960,5.809893307468477
RC2_0051_ICR-3,4746,27257,5.74315212810788
RC2_0052_ICR-1,4657,27860,5.982392097917114
RC2_0052_ICR-2,4601,26700,5.803086285590089
RC2_0052_ICR-3,3936,33081,8.404725609756097
RC2_0053_ICR-1,4677,32069,6.856745777207612
RC2_0053_ICR-2,4694,31915,6.7991052407328505
RC2_0053_ICR-3,4135,31740,7.6759371221281745
RC2_0054_ICR-1,4354,27498,6.3155718879191545
RC2_0054_ICR-2,4841,28892,5.968188390828341
RC2_0054_ICR-3,4782,30678,6.415307402760352
RC2_0055_ICR-1,4202,29163,6.9402665397429795
RC2_0055_ICR-2,4781,32268,6.749215645262497
RC2_0055_ICR-3,4904,31931,6.511215334420881
RC2_0056_ICR-1,4681,27486,5.871822260200812
RC2_0056_ICR-2,4154,28903,6.957871930669234
RC2_0056_ICR-3,4299,25836,6.009769713886951
RC2_0057_ICR-1,4066,29409,7.23290703393999
RC2_0057_ICR-2,4446,29183,6.563877642825012
RC2_0057_ICR-3,4485,27375,6.103678929765886
RC2_0058_ICR-1,4751,29001,6.104188591875395
RC2_0058_ICR-2,4232,24993,5.905718336483932
RC2_0058_ICR-3,4256,26255,6.168937969924812
RC2_0059_ICR-1,4656,28681,6.160008591065292
RC2_0059_ICR-2,4803,31912,6.644180720383094
RC2_0059_ICR-3,4211,25505,6.05675611493707
RC2_0060_ICR-1,4706,30514,6.484062898427539
RC2_0060_ICR-2,4767,28513,5.98132997692469
RC2_0060_ICR-3,4880,29118,5.966803278688524
RC2_0061_ICR-1,4056,32137,7.923323471400394
RC2_0061_ICR-2,3853,29367,7.621853101479367
RC2_0061_ICR-3,3951,32524,8.231840040496078
RC2_0062_ICR-1,4075,28616,7.022331288343558
RC2_0062_ICR-2,4650,25617,5.509032258064516
RC2_0062_ICR-3,4262,27723,6.50469263256687
RC2_0063_ICR-1,4303,29558,6.869161050429932
RC2_0063_ICR-2,4606,28246,6.132435953104646
RC2_0063_ICR-3,4356,26941,6.184802571166207
RC2_0064_ICR-1,4467,28888,6.466980076113723
RC2_0064_ICR-2,4238,31126,7.3445021236432275
RC2_0064_ICR-3,4565,30430,6.665936473165389
RC2_0065_ICR-1,4572,32286,7.061679790026247
RC2_0065_ICR-2,4686,29771,6.3531796841656
RC2_0065_ICR-3,4486,29638,6.606776638430674
RC2_0066_ICR-1,4664,30394,6.516723842195541
RC2_0066_ICR-2,4663,30430,6.52584173279005
RC2_0066_ICR-3,4415,29232,6.621064552661382
RC2_0067_ICR-1,3923,27503,7.010706092276319
RC2_0067_ICR-2,2874,24020,8.357689631176061
RC2_0067_ICR-3,2813,23829,8.471027372911482
RC2_0068_ICR-1,4213,26236,6.227391407548065
RC2_0068_ICR-2,4088,27893,6.823140900195694
RC2_0068_ICR-3,4388,27948,6.36918869644485
RC2_0069_ICR-1,4711,28081,5.960730205901083
RC2_0069_ICR-2,4110,30530,7.428223844282239
RC2_0069_ICR-3,4662,28042,6.015015015015015
RC2_0070_ICR-1,4658,29029,6.232073851438385
RC2_0070_ICR-2,2782,24088,8.658519051042415
RC2_0070_ICR-3,4648,28046,6.033993115318417
RC2_0071_ICR-1,4820,30690,6.367219917012448
RC2_0071_ICR-2,4607,28335,6.150423268938572
RC2_0071_ICR-3,4297,26492,6.165231556900163
RC2_0072_ICR-1,4493,31904,7.100823503227242
RC2_0072_ICR-2,3731,31214,8.366121683194853
RC2_0072_ICR-3,4751,28754,6.052199536939591
RC2_0073_ICR-1,4426,29904,6.756439222774514
RC2_0073_ICR-2,4777,29453,6.165585095248064
RC2_0073_ICR-3,4345,29292,6.741542002301496
RC2_0074_ICR-1,4737,33253,7.019843782985012
RC2_0074_ICR-2,4356,27269,6.26010101010101
RC2_0074_ICR-3,4243,31090,7.327362715060099
RC2_0075_ICR-1,4315,27898,6.4653534183082275
RC2_0075_ICR-2,4594,30119,6.55616020896822
RC2_0075_ICR-3,4097,27966,6.8259702221137415
RC2_0076_ICR-1,4502,28949,6.4302532207907594
RC2_0076_ICR-2,4601,30277,6.580525972614649
RC2_0076_ICR-3,4420,29115,6.58710407239819
RC2_0077_ICR-1,4359,25959,5.955264969029594
RC2_0077_ICR-2,4746,28279,5.958491361146228
RC2_0077_ICR-3,4322,28190,6.522443313280888
RC2_0078_ICR-1,3866,29758,7.697361614071392
RC2_0078_ICR-2,3662,28370,7.747132714363736
RC2_0078_ICR-3,3306,26099,7.894434361766486
RC2_0079_ICR-1,3676,26951,7.331610446137105
RC2_0079_ICR-2,3690,25223,6.83550135501355
RC2_0079_ICR-3,3564,25344,7.111111111111111
RC2_0080_ICR-1,4315,26501,6.141599073001159
RC2_0080_ICR-2,3552,25444,7.163288288288288
RC2_0080_ICR-3,4337,28016,6.4597648143878255
RC2_0081_ICR-1,4416,31092,7.040760869565218
RC2_0081_ICR-2,3839,32180,8.382391247720761
RC2_0081_ICR-3,4536,30192,6.656084656084656
RC2_0082_ICR-1,4884,30664,6.278460278460279
RC2_0082_ICR-2,4701,29143,6.199319293767283
RC2_0082_ICR-3,4624,28846,6.2383217993079585
RC2_0083_ICR-1,4817,33297,6.912393605978825
RC2_0083_ICR-2,4516,33096,7.3286093888396815
RC2_0083_ICR-3,4369,30177,6.907072556649119
RC2_0084_ICR-1,4304,31433,7.3032063197026025
RC2_0084_ICR-2,5031,30854,6.132776783939574
RC2_0084_ICR-3,4831,29779,6.164148209480439
RC2_0085_ICR-1,3586,26467,7.380646960401561
RC2_0085_ICR-2,3552,23862,6.717905405405405
RC2_0085_ICR-3,3761,28787,7.6540813613400696
RC2_0086_ICR-1,4186,26027,6.217630195891066
RC2_0086_ICR-2,4577,28863,6.306095695870658
RC2_0086_ICR-3,4129,27493,6.658512957132477
RC2_0087_ICR-1,4612,26623,5.772549869904597
RC2_0087_ICR-2,4347,32370,7.446514837819185
RC2_0087_ICR-3,4856,28004,5.766886326194399
RC2_0088_ICR-1,4276,27831,6.508652946679139
RC2_0088_ICR-2,4676,28132,6.016253207869974
RC2_0088_ICR-3,4614,31494,6.825747724317295
RC2_0089_ICR-1,4742,30670,6.467735132855335
RC2_0089_ICR-2,4526,28536,6.304904993371631
RC2_0089_ICR-3,4740,30464,6.427004219409283
RC2_0090_ICR-1,4497,31652,7.0384700911718925
RC2_0090_ICR-2,4366,28433,6.512368300503894
RC2_0090_ICR-3,4628,28948,6.254969749351772
RC2_0091_ICR-1,2827,27299,9.656526353024407
RC2_0091_ICR-2,2513,18809,7.484679665738161
RC2_0091_ICR-3,2819,24271,8.609790705924086
RC2_0092_ICR-1,2967,25433,8.571958206943041
RC2_0092_ICR-2,3915,27477,7.0183908045977015
RC2_0092_ICR-3,3277,25226,7.697894415624046
RC2_0093_ICR-1,3867,27177,7.027928626842513
RC2_0093_ICR-2,4085,30258,7.407099143206854
RC2_0093_ICR-3,4738,32106,6.776276910088645
RC2_0094_ICR-1,4354,27275,6.264354616444648
RC2_0094_ICR-2,4046,31080,7.681660899653979
RC2_0094_ICR-3,4340,30066,6.927649769585253
RC2_0095_ICR-1,4108,29247,7.11952288218111
RC2_0095_ICR-2,4465,30501,6.831131019036954
RC2_0095_ICR-3,4211,27332,6.490619805271907
RC2_0096_ICR-1,3641,33619,9.233452348255973
RC2_0096_ICR-2,4549,28184,6.195647395031875
RC2_0096_ICR-3,4219,28812,6.829106423323062
RC2_0097_ICR-1,4247,27282,6.423828584883447
RC2_0097_ICR-2,4095,29345,7.166056166056166
RC2_0097_ICR-3,3893,31701,8.14307731826355
RC2_0098_ICR-1,4349,30573,7.029891929179121
RC2_0098_ICR-2,4407,28937,6.566144769684593
RC2_0098_ICR-3,4292,28458,6.630475302889096
RC2_0099_ICR-1,4541,29891,6.582470821404977
RC2_0099_ICR-2,4234,32470,7.66887104393009
RC2_0099_ICR-3,4379,32301,7.376341630509248
RC2_0100_ICR-1,4789,30541,6.377323031948214
RC2_0100_ICR-2,4161,28424,6.831050228310502
RC2_0100_ICR-3,4194,31157,7.42894611349547
RC2_0101_ICR-1,3099,28783,9.287834785414649
RC2_0101_ICR-2,3132,16307,5.206577266922094
RC2_0101_ICR-3,3204,26984,8.421972534332085
RC2_0103_ICR-1,3900,34859,8.938205128205128
RC2_0103_ICR-2,4026,31071,7.717585692995529
RC2_0103_ICR-3,4441,29464,6.6345417698716505
RC2_0104_ICR-1,3896,27414,7.036447638603696
RC2_0104_ICR-2,3586,29064,8.104852203011712
RC2_0104_ICR-3,4068,29957,7.364060963618486
RC2_0105_ICR-1,4313,27542,6.385810340830049
RC2_0105_ICR-2,4362,27727,6.356487849610271
RC2_0105_ICR-3,4358,28513,6.5426801284993115
RC2_0106_ICR-1,4184,31887,7.621175908221797
RC2_0106_ICR-2,4289,32171,7.500816041035207
RC2_0106_ICR-3,4225,28599,6.768994082840237
RC2_0107_ICR-1,2962,11625,3.924713031735314
RC2_0107_ICR-2,3127,23172,7.410297409657819
RC2_0107_ICR-3,3231,23766,7.355617455896008
RC2_0108_ICR-1,4133,26450,6.399709654004355
RC2_0108_ICR-2,4289,28529,6.651667055257636
RC2_0108_ICR-3,4166,25409,6.099135861737878
RC2_0109_ICR-1,4271,30138,7.056427066260829
RC2_0109_ICR-2,4682,32184,6.873985476292183
RC2_0109_ICR-3,4035,31184,7.728376703841388
RC2_0110_ICR-1,4285,27675,6.458576429404901
RC2_0110_ICR-2,3734,29022,7.772362078200321
RC2_0110_ICR-3,4262,29467,6.913890192397935
RC2_0111_ICR-1,3802,29404,7.733824302998422
RC2_0111_ICR-2,3982,28284,7.102963335007534
RC2_0111_ICR-3,3743,28286,7.55703980764093
RC2_0112_ICR-1,3702,29554,7.983252296056186
RC2_0112_ICR-2,4284,26688,6.2296918767507
RC2_0112_ICR-3,4158,29142,7.008658008658009
RC2_0113_ICR-1,3285,18317,5.575951293759513
RC2_0113_ICR-2,3113,25067,8.052361066495342
RC2_0113_ICR-3,3440,27737,8.063081395348837
RC2_0114_ICR-1,3920,27038,6.897448979591837
RC2_0114_ICR-2,3307,26379,7.976716056849108
RC2_0114_ICR-3,3316,26646,8.035585042219541
RC2_0115_ICR-1,4272,31102,7.280430711610487
RC2_0115_ICR-2,3713,29616,7.976299488284406
RC2_0115_ICR-3,3391,30398,8.964317310527868
RC2_0116_ICR-1,3740,28877,7.721122994652406
RC2_0116_ICR-2,3793,23570,6.214078565779067
RC2_0116_ICR-3,3720,29879,8.031989247311827
RC2_0117_ICR-1,4156,29239,7.035370548604427
RC2_0117_ICR-2,4229,30431,7.1957909671317095
RC2_0117_ICR-3,4426,30001,6.778355173971984
RC2_0118_ICR-1,3709,30319,8.17444055001348
RC2_0118_ICR-2,3675,28976,7.884625850340136
RC2_0118_ICR-3,3744,27670,7.390491452991453
RC2_0119_ICR-1,3333,25507,7.652865286528653
RC2_0119_ICR-2,3447,26499,7.687554395126197
RC2_0119_ICR-3,3147,24778,7.873530346361615
RC2_0120_ICR-1,3846,29208,7.594383775351014
RC2_0120_ICR-2,3304,22844,6.914043583535109
RC2_0120_ICR-3,4555,27547,6.0476399560922065
RC2_0121_ICR-1,4141,31822,7.684617242212026
RC2_0121_ICR-2,4477,29318,6.54858163949073
RC2_0121_ICR-3,3683,28968,7.86532717893022
RC2_0122_ICR-1,4148,30518,7.357280617164899
RC2_0122_ICR-2,4464,28362,6.353494623655914
RC2_0122_ICR-3,4378,29890,6.827318410232983
RC2_0123_ICR-1,4312,26648,6.179962894248608
RC2_0123_ICR-2,4335,26741,6.1686274509803924
RC2_0123_ICR-3,3687,28425,7.709519934906428
RC2_0124_ICR-1,4542,26835,5.9081902245706734
RC2_0124_ICR-2,3510,28670,8.168091168091168
RC2_0124_ICR-3,4238,26385,6.225814063237376
RC2_0125_ICR-1,3640,27005,7.418956043956044
RC2_0125_ICR-2,3482,26667,7.658529580700747
RC2_0125_ICR-3,3528,28734,8.144557823129253
RC2_0126_ICR-1,3783,27237,7.1998413957176846
RC2_0126_ICR-2,3491,16628,4.763105127470639
RC2_0127_ICR-1,3309,31039,9.380175279540646
RC2_0127_ICR-2,4546,28618,6.295204575450946
RC2_0127_ICR-3,4177,25661,6.143404357194158
RC2_0128_ICR-1,3909,30448,7.789204400102328
RC2_0128_ICR-2,4417,28510,6.454607199456645
RC2_0128_ICR-3,3835,30027,7.829726205997392
RC2_0129_ICR-1,3755,29660,7.898801597869507
RC2_0129_ICR-2,3829,28781,7.516583964481588
RC2_0129_ICR-3,3972,19877,5.004279959718026
RC2_0130_ICR-1,4085,26137,6.39828641370869
RC2_0130_ICR-2,4154,25091,6.040202214732788
RC2_0130_ICR-3,4196,25912,6.175405147759771
RC2_0131_ICR-1,3449,28857,8.366772977674689
RC2_0131_ICR-2,3824,32402,8.473326359832637
RC2_0131_ICR-3,3271,28419,8.688168755732192
RC2_0132_ICR-1,3723,26416,7.095353209777062
RC2_0132_ICR-2,3293,24779,7.524749468569693
RC2_0132_ICR-3,4014,28057,6.989785749875436
RC2_0133_ICR-1,2951,26838,9.094544222297527
RC2_0133_ICR-2,3996,28618,7.161661661661662
RC2_0133_ICR-3,3330,26526,7.965765765765766
RC2_0134_ICR-1,3499,29439,8.413546727636467
RC2_0134_ICR-2,3770,28152,7.4673740053050395
RC2_0134_ICR-3,4181,27990,6.694570676871562
RC2_0135_ICR-1,4301,24913,5.792373866542665
RC2_0135_ICR-2,3753,26908,7.169730881961097
RC2_0135_ICR-3,4262,25553,5.995541999061474
RC2_0136_ICR-1,4167,27001,6.479721622270218
RC2_0136_ICR-2,4121,27293,6.622907061392866
RC2_0136_ICR-3,4346,22701,5.223423838011965
RC2_0137_ICR-1,3437,30262,8.804771603142274
RC2_0137_ICR-2,3615,29772,8.235684647302904
RC2_0137_ICR-3,4608,30145,6.541883680555555
RC2_0138_ICR-1,3938,23830,6.051295073641442
RC2_0138_ICR-2,4176,25919,6.206657088122605
RC2_0138_ICR-3,4113,22598,5.49428640894724
RC2_0139_ICR-1,4134,29318,7.0919206579583935
RC2_0139_ICR-2,3701,30335,8.196433396379357
RC2_0139_ICR-3,4031,31638,7.848672785909204
RC2_0140_ICR-1,3507,27112,7.730824066153407
RC2_0140_ICR-2,4137,27114,6.554024655547498
RC2_0140_ICR-3,4216,26884,6.3766603415559775
RC2_0141_ICR-1,4187,26776,6.39503224265584
RC2_0141_ICR-2,4308,28489,6.613045496750233
RC2_0141_ICR-3,4298,26257,6.109120521172638
RC2_0142_ICR-1,4242,26690,6.291843470061292
RC2_0142_ICR-2,4281,28117,6.567857977108153
RC2_0142_ICR-3,3920,27669,7.058418367346939
RC2_0143_ICR-1,4097,30998,7.56602391994142
RC2_0143_ICR-2,3914,31070,7.938170669391926
RC2_0143_ICR-3,4143,27191,6.563118513154719
RC2_0144_ICR-1,3886,23051,5.931806484817293
RC2_0144_ICR-2,4342,26364,6.07185628742515
RC2_0144_ICR-3,4234,24237,5.724374114312707
RC2_0145_ICR-1,4169,27928,6.6989685775965455
RC2_0145_ICR-2,4401,28441,6.462394910247671
RC2_0145_ICR-3,3834,27900,7.276995305164319
RC2_0146_ICR-1,3257,27512,8.447037150752227
RC2_0146_ICR-2,4352,28423,6.5310202205882355
RC2_0146_ICR-3,4324,28207,6.523358001850139
RC2_0147_ICR-1,3900,25052,6.423589743589743
RC2_0147_ICR-2,4531,29302,6.467005076142132
RC2_0147_ICR-3,3440,26391,7.671802325581395
RC2_0148_ICR-1,4200,24961,5.943095238095238
RC2_0148_ICR-2,3491,26897,7.704669149240905
RC2_0148_ICR-3,4191,27020,6.447148651873062
RC2_0149_ICR-1,4028,26376,6.548162859980139
RC2_0149_ICR-2,4285,28806,6.722520420070012
RC2_0149_ICR-3,4438,27444,6.1838666065795405
RC2_0150_ICR-1,3829,26377,6.888743797336119
RC2_0150_ICR-2,4204,23062,5.485727878211227
RC2_0150_ICR-3,3996,24327,6.087837837837838
RC2_0151_ICR-1,2138,62094,29.043030869971936
RC2_0151_ICR-2,4312,26077,6.047541743970315
RC2_0151_ICR-3,4167,26062,6.25437964962803
RC2_0152_ICR-1,4289,25644,5.979016087666123
RC2_0152_ICR-2,4195,26467,6.309177592371872
RC2_0152_ICR-3,3957,24406,6.16780389183725
RC2_0153_ICR-2,4453,27025,6.068942286099259
RC2_0153_ICR-3,4289,26324,6.137561203077641
RC2_0154_ICR-1,4489,28092,6.257963911784362
RC2_0154_ICR-2,4488,28345,6.315730837789661
RC2_0154_ICR-3,4086,27329,6.688448360254528
RC2_0155_ICR-1,3989,25881,6.488092253697668
RC2_0155_ICR-2,3986,28046,7.036126442548921
RC2_0155_ICR-3,4150,28304,6.820240963855421
RC2_0156_ICR-1,3908,23359,5.977226202661208
RC2_0156_ICR-2,4224,21715,5.140861742424242
RC2_0156_ICR-3,4321,24454,5.659338116176811
RC2_0157_ICR-1,3903,27330,7.002305918524212
RC2_0157_ICR-2,4129,26612,6.445144102688302
RC2_0157_ICR-3,4221,24501,5.8045486851457
RC2_0158_ICR-1,4200,24708,5.882857142857143
RC2_0158_ICR-2,4211,25705,6.104250771788174
RC2_0158_ICR-3,3839,27062,7.049231570721542
RC2_0159_ICR-1,3969,24798,6.247921390778534
RC2_0159_ICR-2,4281,25732,6.010745153001635
RC2_0159_ICR-3,4145,25001,6.031604342581423
RC2_0160_ICR-1,4035,25050,6.20817843866171
RC2_0160_ICR-2,4263,26591,6.237626084916725
RC2_0160_ICR-3,4081,25427,6.230580740014703
RC2_0163_ICR-1,3758,25760,6.854709952102182
RC2_0163_ICR-2,3977,27150,6.826753834548655
RC2_0163_ICR-3,4071,26407,6.486612625890444
RC2_0164_ICR-1,4055,27064,6.67422934648582
RC2_0164_ICR-2,3068,26029,8.484028683181226
RC2_0164_ICR-3,3816,27682,7.2541928721174
RC2_0165_ICR-1,3997,25057,6.268951713785339
RC2_0165_ICR-2,4187,25813,6.165034631000717
RC2_0165_ICR-3,4127,27157,6.58032469105888
RC2_0166_ICR-1,3875,27512,7.099870967741936
RC2_0166_ICR-2,3910,26370,6.744245524296675
RC2_0166_ICR-3,2859,24614,8.60930395243092
RC2_0167_ICR-1,3233,22841,7.064955150015465
RC2_0167_ICR-2,3989,28797,7.219102531962898
RC2_0167_ICR-3,4108,27620,6.723466407010711
RC2_0177_ICR-1,4142,30987,7.481168517624336
RC2_0177_ICR-2,4132,27633,6.687560503388189
RC2_0177_ICR-3,4314,30603,7.0938803894297635
RC2_0178_ICR-1,3630,26914,7.414325068870523
RC2_0178_ICR-2,4076,27316,6.701668302257115
RC2_0178_ICR-3,4255,25974,6.104347826086957
RC2_0179_ICR-1,4168,26238,6.29510556621881
RC2_0179_ICR-3,4192,24684,5.888358778625954
RC2_0183_ICR-2,3770,26749,7.095225464190982
RC2_0183_ICR-3,4194,24933,5.944921316165951
RC2_0184_ICR-1,4012,25054,6.244765702891326
RC2_0184_ICR-2,4034,26762,6.634110064452156
RC2_0184_ICR-3,4002,24622,6.152423788105947
RC2_0187_ICR-1,4343,29503,6.793230485839282
RC2_0187_ICR-2,4115,26900,6.5370595382746055
RC2_0187_ICR-3,4119,24517,5.952172857489682
RC2_0188_ICR-1,3723,27498,7.385979049153908
RC2_0188_ICR-2,4252,27507,6.469190968955785
RC2_0188_ICR-3,4214,27344,6.488846701471286
RC2_0189_ICR-1,4101,27101,6.608388198000488
RC2_0189_ICR-2,4447,28083,6.315043849786373
RC2_0189_ICR-3,4240,28468,6.714150943396226
RC2_0190_ICR-1,4002,27823,6.9522738630684655
RC2_0190_ICR-2,4202,26528,6.313184198000952
RC2_0190_ICR-3,4063,27039,6.654934777258184
RC2_0191_ICR-1,4318,26353,6.103056970819824
RC2_0191_ICR-2,3939,24224,6.14978420919015
RC2_0191_ICR-3,3790,27961,7.3775725593667545
RC2_0192_ICR-1,3817,27080,7.094576892847786
RC2_0192_ICR-2,1899,10315,5.431806213796735
RC2_0192_ICR-3,4059,26096,6.429169746242917
RC2_0193_ICR-1,4442,24820,5.587573165240882
RC2_0193_ICR-2,4398,28396,6.456571168713052
RC2_0193_ICR-3,4481,27599,6.159116268690025
RC2_0194_ICR-1,3352,24958,7.445704057279237
RC2_0194_ICR-2,4190,28137,6.71527446300716
RC2_0194_ICR-3,4360,27061,6.206651376146789
RC2_0195_ICR-1,3940,23328,5.920812182741117
RC2_0195_ICR-2,3964,20740,5.232088799192734
RC2_0195_ICR-3,3994,26589,6.657235853780671
RC2_0196_ICR-1,4337,24739,5.704173391745446
RC2_0196_ICR-2,4050,28009,6.915802469135802
RC2_0196_ICR-3,3010,22899,7.607641196013289
RC2_0197_ICR-1,4135,28106,6.797097944377267
RC2_0197_ICR-2,4234,24513,5.789560699102504
RC2_0197_ICR-3,4234,26383,6.2312234293812
RC2_0198_ICR-1,3936,23847,6.058689024390244
RC2_0198_ICR-2,4084,24483,5.994857982370226
RC2_0198_ICR-3,3973,24514,6.17014850239114
RC2_0199_ICR-1,4198,23715,5.649118627918056
RC2_0199_ICR-2,4131,25674,6.214960058097313
RC2_0199_ICR-3,4135,23493,5.681499395405079
RC2_0200_ICR-1,4654,26098,5.607649333906317
RC2_0200_ICR-2,4648,26151,5.626290877796902
RC2_0200_ICR-3,4653,25685,5.5200945626477544
RC2_0201_ICR-1,4365,23137,5.30057273768614
RC2_0201_ICR-2,4388,17905,4.080446672743847
RC2_0201_ICR-3,4476,20508,4.581769436997319
RC2_0202_ICR-1,4660,20997,4.505793991416309
RC2_0202_ICR-2,4546,25218,5.5472943246810384
RC2_0202_ICR-3,4311,22112,5.129204360937138
RC2_0203_ICR-1,4458,24061,5.3972633467922835
RC2_0203_ICR-2,4633,23480,5.0679905029138785
RC2_0203_ICR-3,4722,23485,4.973528166031342
RC2_0204_ICR-1,4636,25249,5.4462899050905955
RC2_0204_ICR-2,4684,23986,5.120836891545688
RC2_0204_ICR-3,4702,25164,5.351765206295194
RC2_0205_ICR-1,4839,25391,5.247158503823104
RC2_0205_ICR-2,4742,23284,4.910164487557992
RC2_0205_ICR-3,4517,22415,4.9623644011512065
RC2_0206_ICR-1,4588,28315,6.17153443766347
RC2_0206_ICR-2,4245,26036,6.133333333333334
RC2_0206_ICR-3,3960,27256,6.8828282828282825
RC2_0207_ICR-1,4277,20121,4.704465747018938
RC2_0207_ICR-2,4212,21863,5.190645773979107
RC2_0207_ICR-3,4473,20045,4.481332439078918
RC2_0208_ICR-1,4475,22607,5.051843575418994
RC2_0208_ICR-2,4462,24045,5.388839085611833
RC2_0208_ICR-3,4497,24387,5.4229486324216145
RC2_0209_ICR-1,4532,22159,4.88945278022948
RC2_0209_ICR-2,4621,23956,5.184159272884657
RC2_0209_ICR-3,4660,22884,4.910729613733905
RC2_0210_ICR-1,4826,23373,4.843141317861583
RC2_0210_ICR-2,4696,22648,4.822827938671209
RC2_0210_ICR-3,4629,25181,5.439835817671203
RC2_0211_ICR-1,4499,23240,5.165592353856413
RC2_0211_ICR-2,4554,24348,5.346508563899868
RC2_0211_ICR-3,4732,25157,5.316356720202874
