"Sample_ID","NPOC_mg_C_per_L","TN_mg_N_per_L","Flags","Outlier"
"RC2_0002_OCN-3",2.556,0.1993,NA,NA
"RC2_0006_OCN-3",2.229,0.5168,NA,NA
"RC2_0003_OCN-2",5.125,0.3015,"NPOC_CV_Flag","TRUE"
"RC2_0001_OCN-1",0.9995,0.2338,NA,NA
"RC2_0004_OCN-2",1.842,0.2056,NA,NA
"RC2_0003_OCN-1",1.827,0.09064,"NPOC_CV_Flag",NA
"RC2_0002_OCN-1",2.706,0.2272,NA,NA
"RC2_0005_OCN-1",2.141,0.4357,NA,NA
"RC2_0006_OCN-1",2.14,0.4444,NA,NA
"RC2_0004_OCN-3",1.836,0.1888,NA,NA
"RC2_0006_OCN-2",2.1,0.4718,NA,NA
"RC2_0005_OCN-2",2.032,0.3988,NA,NA
"RC2_0001_OCN-2",1.027,0.2267,NA,NA
"RC2_0005_OCN-3",2.142,0.437,NA,NA
"RC2_0001_OCN-3",0.9658,0.2098,NA,NA
"RC2_0002_OCN-2",2.187,0.1548,NA,NA
"RC2_0003_OCN-3",1.869,0.08784,"NPOC_CV_Flag",NA
"RC2_0004_OCN-1",1.88,0.2058,NA,NA
"RC2_0012_OCN-2",2.025,0.4814,NA,NA
"RC2_0007_OCN-1",0.8657,0.1441,NA,NA
"RC2_0008_OCN-2",1.72,0.145,NA,NA
"RC2_0008_OCN-3",1.787,0.1586,NA,NA
"RC2_0009_OCN-3",1.522,0.06149,NA,NA
"RC2_0012_OCN-1",1.957,0.4938,NA,NA
"RC2_0010_OCN-2",1.656,0.2153,NA,NA
"RC2_0007_OCN-2",0.8255,0.1509,NA,NA
"RC2_0011_OCN-1",1.892,0.3743,NA,NA
"RC2_0007_OCN-3",0.7711,0.131,NA,NA
"RC2_0012_OCN-3",1.957,0.4839,NA,NA
"RC2_0011_OCN-2",1.851,0.3759,NA,NA
"RC2_0009_OCN-2",1.477,0.05901,NA,NA
"RC2_0009_OCN-1",1.477,0.06605,NA,NA
"RC2_0011_OCN-3",1.873,0.3796,NA,NA
"RC2_0010_OCN-1",1.58,0.2002,NA,NA
"RC2_0010_OCN-3",1.584,0.1895,NA,NA
"RC2_0008_OCN-1",1.752,0.1546,NA,NA
"RC2_0015_OCN-2",1.339,0.2623,NA,NA
"RC2_0018_OCN-3",1.806,0.7128,NA,NA
"RC2_0016_OCN-2",1.665,0.3825,NA,NA
"RC2_0014_OCN-1",1.604,0.3913,NA,NA
"RC2_0013_OCN-2",0.8667,0.328,NA,NA
"RC2_0015_OCN-1",1.288,0.2473,NA,NA
"RC2_0017_OCN-3",1.828,0.6258,NA,NA
"RC2_0017_OCN-2",1.877,0.6222,NA,NA
"RC2_0015_OCN-3",1.348,0.2501,NA,NA
"RC2_0013_OCN-1",0.6927,0.3214,NA,NA
"RC2_0014_OCN-2",1.48,0.3984,NA,NA
"RC2_0018_OCN-2",1.794,0.7046,NA,NA
"RC2_0014_OCN-3",1.54,0.3902,NA,NA
"RC2_0013_OCN-3",0.7898,0.3363,NA,NA
"RC2_0017_OCN-1",1.769,0.6081,NA,NA
"RC2_0016_OCN-1",1.721,0.3875,NA,NA
"RC2_0016_OCN-3",1.588,0.3678,NA,NA
"RC2_0018_OCN-1",1.813,0.6902,NA,NA
"RC2_0023_OCN-2",1.945,0.581,NA,NA
"RC2_0023_OCN-3",1.812,0.5296,NA,NA
"RC2_0024_OCN-3",1.962,0.6643,NA,NA
"RC2_0019_OCN-3",0.8995,0.1868,NA,NA
"RC2_0021_OCN-1",1.319,0.1222,NA,NA
"RC2_0023_OCN-1",1.975,0.5316,NA,NA
"RC2_0021_OCN-2",1.288,0.1176,NA,NA
"RC2_0020_OCN-1",1.502,0.2443,NA,NA
"RC2_0020_OCN-3",1.552,0.2374,NA,NA
"RC2_0022_OCN-3",1.652,0.2466,NA,NA
"RC2_0021_OCN-3",1.323,0.1248,NA,NA
"RC2_0024_OCN-1",1.821,0.6333,NA,NA
"RC2_0022_OCN-2",1.648,0.2453,NA,NA
"RC2_0019_OCN-1",0.8324,0.195,NA,NA
"RC2_0022_OCN-1",1.626,0.2494,NA,NA
"RC2_0024_OCN-2",1.942,0.651,NA,NA
"RC2_0020_OCN-2",1.494,0.2442,NA,NA
"RC2_0019_OCN-2",0.8653,0.2022,NA,NA
"RC2_0027_OCN-1",1.244,0.1517,NA,NA
"RC2_0025_OCN-2",0.8483,0.172,NA,NA
"RC2_0029_OCN-1",1.767,0.4385,NA,NA
"RC2_0025_OCN-3",0.8564,0.1717,NA,NA
"RC2_0027_OCN-3",1.198,0.1331,NA,NA
"RC2_0030_OCN-2",1.824,0.4958,NA,NA
"RC2_0026_OCN-2",1.346,0.2508,NA,NA
"RC2_0028_OCN-1",1.587,0.2422,NA,NA
"RC2_0025_OCN-1",0.8365,0.1763,NA,NA
"RC2_0026_OCN-1",1.279,0.25,NA,NA
"RC2_0029_OCN-2",1.818,0.4286,NA,NA
"RC2_0030_OCN-1",1.827,0.5219,NA,NA
"RC2_0030_OCN-3",1.776,0.5156,NA,NA
"RC2_0029_OCN-3",1.794,0.4219,NA,NA
"RC2_0027_OCN-2",1.204,0.1335,NA,NA
"RC2_0028_OCN-3",1.514,0.2462,NA,NA
"RC2_0026_OCN-3",1.294,0.2686,NA,NA
"RC2_0028_OCN-2",1.569,0.2437,NA,NA
"RC2_0032_OCN-3",1.253,0.2149,NA,NA
"RC2_0034_OCN-3",1.247,0.1607,NA,NA
"RC2_0033_OCN-1",1.12,0.06451,NA,NA
"RC2_0032_OCN-1",1.205,0.1924,NA,NA
"RC2_0031_OCN-3",0.7614,0.1297,NA,NA
"RC2_0035_OCN-1",1.595,0.3931,NA,NA
"RC2_0033_OCN-2",1.12,0.06,NA,NA
"RC2_0034_OCN-2",1.462,0.168,NA,NA
"RC2_0034_OCN-1",1.301,0.1382,NA,NA
"RC2_0032_OCN-2",1.273,0.197,NA,NA
"RC2_0036_OCN-3",1.539,0.4305,NA,NA
"RC2_0035_OCN-2",1.493,0.3646,NA,NA
"RC2_0035_OCN-3",1.584,0.3534,NA,NA
"RC2_0036_OCN-1",1.63,0.4337,NA,NA
"RC2_0031_OCN-1",0.7905,0.1105,NA,NA
"RC2_0031_OCN-2",0.7643,0.1153,NA,NA
"RC2_0033_OCN-3",1.109,0.07104,NA,NA
"RC2_0041_OCN-2",1.66,0.3405,NA,NA
"RC2_0037_OCN-2",1.591,0.1174,NA,NA
"RC2_0038_OCN-2",1.303,0.1743,NA,NA
"RC2_0040_OCN-1",1.668,0.1733,NA,NA
"RC2_0041_OCN-3",1.571,0.3384,NA,NA
"RC2_0040_OCN-3",1.59,0.1653,NA,NA
"RC2_0042_OCN-3",1.57,0.4404,NA,NA
"RC2_0042_OCN-2",1.621,0.4214,NA,NA
"RC2_0038_OCN-3",1.344,0.1656,NA,NA
"RC2_0039_OCN-2",1.527,0.1122,NA,NA
"RC2_0041_OCN-1",1.631,0.3417,NA,NA
"RC2_0042_OCN-1",1.562,0.4199,NA,NA
"RC2_0038_OCN-1",1.327,0.1714,NA,NA
"RC2_0039_OCN-3",1.484,0.107,NA,NA
"RC2_0040_OCN-2",1.524,0.1563,NA,NA
"RC2_0037_OCN-3",1.574,0.09457,NA,NA
"RC2_0039_OCN-1",1.507,0.08595,NA,NA
"RC2_0037_OCN-1",1.576,0.09461,NA,NA
"RC2_0043_OCN-1",0.5689,0.09332,NA,NA
"RC2_0044_OCN-1",0.9758,0.1319,NA,NA
"RC2_0046_OCN-2",1.393,0.2401,NA,NA
"RC2_0046_OCN-1",1.367,0.2302,NA,NA
"RC2_0048_OCN-2",1.694,0.6581,NA,NA
"RC2_0043_OCN-3",0.614,0.08167,NA,NA
"RC2_0048_OCN-3",1.66,0.6551,NA,NA
"RC2_0045_OCN-2",1.055,0.0844,NA,NA
"RC2_0046_OCN-3",1.422,0.2519,NA,NA
"RC2_0043_OCN-2",0.6028,0.09925,NA,NA
"RC2_0045_OCN-3",1.075,0.06103,NA,NA
"RC2_0048_OCN-1",1.707,0.6356,NA,NA
"RC2_0045_OCN-1",1.104,0.06497,NA,NA
"RC2_0044_OCN-3",1.115,0.1394,NA,NA
"RC2_0044_OCN-2",1.036,0.1382,NA,NA
"RC2_0053_OCN-2",1.343,0.2175,NA,NA
"RC2_0049_OCN-1",1.634,0.442,NA,NA
"RC2_0051_OCN-3",1.148,0.1109,NA,NA
"RC2_0050_OCN-1",0.7065,0.06608,NA,NA
"RC2_0054_OCN-1",1.829,0.4892,NA,NA
"RC2_0054_OCN-3",1.689,0.5098,NA,NA
"RC2_0052_OCN-1",1.07,0.05679,NA,NA
"RC2_0052_OCN-3",1.023,0.05135,NA,NA
"RC2_0051_OCN-1",1.071,0.1091,NA,NA
"RC2_0052_OCN-2",0.9664,0.0624,NA,NA
"RC2_0051_OCN-2",1.076,0.1064,NA,NA
"RC2_0050_OCN-2",0.7109,0.06877,NA,NA
"RC2_0053_OCN-3",1.331,0.2088,NA,NA
"RC2_0054_OCN-2",1.768,0.4964,NA,NA
"RC2_0049_OCN-3",1.62,0.4326,NA,NA
"RC2_0053_OCN-1",1.352,0.2036,NA,NA
"RC2_0050_OCN-3",0.682,0.05969,NA,NA
"RC2_0049_OCN-2",1.63,0.4268,NA,NA
"RC2_0060_OCN-2",1.473,0.5628,NA,NA
"RC2_0055_OCN-1",0.7101,0.05422,NA,NA
"RC2_0056_OCN-1",0.9856,0.09457,NA,NA
"RC2_0059_OCN-2",1.48,0.4177,NA,NA
"RC2_0057_OCN-2",0.9176,0.04662,NA,NA
"RC2_0057_OCN-3",0.9025,0.05107,NA,NA
"RC2_0058_OCN-2",1.21,0.1376,NA,NA
"RC2_0055_OCN-2",0.6711,0.05542,NA,NA
"RC2_0056_OCN-3",0.9494,0.09645,NA,NA
"RC2_0059_OCN-3",1.559,0.3975,NA,NA
"RC2_0057_OCN-1",0.8935,0.04114,NA,NA
"RC2_0058_OCN-3",1.177,0.1441,NA,NA
"RC2_0056_OCN-2",0.9709,0.0808,NA,NA
"RC2_0059_OCN-1",1.52,0.3978,NA,NA
"RC2_0060_OCN-3",1.556,0.5192,NA,NA
"RC2_0055_OCN-3",0.6902,0.04764,NA,NA
"RC2_0060_OCN-1",1.495,0.4995,NA,NA
"RC2_0058_OCN-1",1.295,0.161,NA,NA
"RC2_0061_OCN-3",0.5694,0.05301,NA,NA
"RC2_0065_OCN-1",1.874,1.245,NA,NA
"RC2_0064_OCN-2",1.292,0.2168,NA,NA
"RC2_0066_OCN-3",1.912,0.8484,NA,NA
"RC2_0065_OCN-3",1.925,1.242,NA,NA
"RC2_0062_OCN-3",0.9436,0.0804,NA,NA
"RC2_0061_OCN-2",0.5607,0.04029,NA,NA
"RC2_0063_OCN-1",0.9691,0.00186,NA,NA
"RC2_0063_OCN-3",0.9832,0.05968,NA,NA
"RC2_0061_OCN-1",0.5422,0.0129,NA,NA
"RC2_0066_OCN-1",1.907,0.828,NA,NA
"RC2_0064_OCN-3",1.266,0.2388,NA,NA
"RC2_0063_OCN-2",1.021,0.05279,NA,NA
"RC2_0062_OCN-2",0.9224,0.0655,NA,NA
"RC2_0064_OCN-1",1.306,0.2135,NA,NA
"RC2_0062_OCN-1",0.9456,0.08234,NA,NA
"RC2_0066_OCN-2",1.841,0.8841,NA,NA
"RC2_0065_OCN-2",1.893,1.225,NA,NA
"RC2_0070_OCN-2",1.249,0.2038,NA,NA
"RC2_0070_OCN-1",1.25,0.1946,NA,NA
"RC2_0072_OCN-3",1.913,0.8082,NA,NA
"RC2_0067_OCN-3",0.5022,0.03657,NA,NA
"RC2_0069_OCN-3",1.038,0.04773,NA,NA
"RC2_0070_OCN-3",1.284,0.2058,NA,NA
"RC2_0068_OCN-1",0.9585,0.06348,NA,NA
"RC2_0071_OCN-2",1.869,1.244,NA,NA
"RC2_0071_OCN-3",1.876,1.269,NA,NA
"RC2_0068_OCN-3",0.9929,0.05926,NA,NA
"RC2_0069_OCN-2",0.9758,0.05411,NA,NA
"RC2_0068_OCN-2",0.9652,0.08332,NA,NA
"RC2_0072_OCN-2",1.963,0.7877,NA,NA
"RC2_0067_OCN-2",0.479,0.03239,NA,NA
"RC2_0069_OCN-1",1.095,0.06607,NA,NA
"RC2_0067_OCN-1",0.442,0.0031,NA,NA
"RC2_0071_OCN-1",1.877,1.261,NA,NA
"RC2_0072_OCN-1",1.929,0.8118,NA,NA
"RC2_0073_OCN-1",1.865,0.7465,NA,NA
"RC2_0077_OCN-2",0.9265,0.05423,NA,NA
"RC2_0073_OCN-3",1.908,0.7231,NA,NA
"RC2_0078_OCN-2",0.4315,0.04712,NA,NA
"RC2_0074_OCN-3",1.875,1.221,NA,NA
"RC2_0076_OCN-1",0.9731,0.05649,NA,NA
"RC2_0078_OCN-3",0.4485,0.05387,NA,NA
"RC2_0077_OCN-1",0.9123,0.07376,NA,NA
"RC2_0077_OCN-3",0.9343,0.05957,NA,NA
"RC2_0075_OCN-3",1.171,0.1827,NA,NA
"RC2_0074_OCN-1",1.798,1.276,NA,NA
"RC2_0073_OCN-2",1.868,0.7338,NA,NA
"RC2_0076_OCN-3",0.9715,0.06344,NA,NA
"RC2_0074_OCN-2",1.76,1.239,NA,NA
"RC2_0078_OCN-1",0.4519,0.04817,NA,NA
"RC2_0076_OCN-2",0.9747,0.06369,NA,NA
"RC2_0075_OCN-1",1.223,0.1952,NA,NA
"RC2_0075_OCN-2",1.228,0.1797,NA,NA
"RC2_0081_OCN-2",1.065,0.07151,NA,NA
"RC2_0081_OCN-3",1.051,0.0707,NA,NA
"RC2_0084_OCN-1",1.836,0.9629,NA,NA
"RC2_0080_OCN-3",1.11,0.09996,NA,NA
"RC2_0082_OCN-3",1.248,0.1961,NA,NA
"RC2_0079_OCN-2",0.4689,0.04363,NA,NA
"RC2_0080_OCN-2",1.137,0.1175,NA,NA
"RC2_0084_OCN-3",1.86,0.9579,NA,NA
"RC2_0079_OCN-3",0.4532,0.03656,NA,NA
"RC2_0082_OCN-2",1.222,0.2082,NA,NA
"RC2_0081_OCN-1",1.092,0.09623,NA,NA
"RC2_0083_OCN-2",1.893,1.245,NA,NA
"RC2_0082_OCN-1",1.251,0.22,NA,NA
"RC2_0080_OCN-1",1.033,0.1065,NA,NA
"RC2_0084_OCN-2",1.851,0.9563,NA,NA
"RC2_0083_OCN-1",1.764,1.246,NA,NA
"RC2_0079_OCN-1",0.4638,0.04977,NA,NA
"RC2_0083_OCN-3",1.796,1.268,NA,NA
"RC2_0089_OCN-1",2.093,1.497,NA,NA
"RC2_0088_OCN-2",1.52,0.2753,NA,NA
"RC2_0085_OCN-3",0.7459,0.1011,NA,NA
"RC2_0088_OCN-3",1.458,0.2435,NA,NA
"RC2_0086_OCN-2",1.163,0.1162,NA,NA
"RC2_0089_OCN-3",1.935,1.454,NA,NA
"RC2_0086_OCN-3",1.086,0.1039,NA,NA
"RC2_0087_OCN-1",1.215,0.09576,NA,NA
"RC2_0088_OCN-1",1.474,0.2366,NA,NA
"RC2_0085_OCN-2",0.7201,0.08839,NA,NA
"RC2_0086_OCN-1",1.067,0.0897,NA,NA
"RC2_0085_OCN-1",0.7097,0.07422,NA,NA
"RC2_0087_OCN-3",1.153,0.07811,NA,NA
"RC2_0090_OCN-2",1.994,1.004,NA,NA
"RC2_0089_OCN-2",1.994,1.449,NA,NA
"RC2_0087_OCN-2",1.205,0.09676,NA,NA
"RC2_0090_OCN-1",1.929,1.051,NA,NA
"RC2_0090_OCN-3",2.021,1.013,NA,NA
"SPS_0014_OCN-2",0.662,0.08623,NA,NA
"SPS_0042_OCN-2",0.9192,0.1015,NA,NA
"SPS_0029_OCN-3",1.665,0.1442,NA,NA
"SPS_0040_OCN-2",1.104,0.09583,NA,NA
"SPS_0016_OCN-1",0.9921,0.06448,NA,NA
"SPS_0008_OCN-1",1.172,0.1464,NA,NA
"SPS_0046_OCN-1",1.085,0.08493,NA,NA
"SPS_0019_OCN-3",0.6186,0.07042,NA,NA
"SPS_0016_OCN-2",0.9495,0.06924,NA,NA
"SPS_0032_OCN-1",2.534,0.1313,NA,NA
"SPS_0019_OCN-1",0.6839,0.07802,NA,NA
"SPS_0009_OCN-1",0.8719,0.07288,NA,NA
"SPS_0012_OCN-2",1.064,0.1011,NA,NA
"SPS_0010_OCN-3",0.9459,0.07552,NA,NA
"SPS_0050_OCN-1",2.999,0.2209,NA,NA
"SPS_0021_OCN-1",0.6734,0.05087,NA,NA
"SPS_0034_OCN-1",2.166,0.6586,NA,NA
"SPS_0020_OCN-3",0.4844,0.05253,NA,NA
"SPS_0007_OCN-2",1.063,0.09049,NA,NA
"SPS_0046_OCN-3",0.9027,0.07287,NA,NA
"SPS_0004_OCN-1",1.949,1.974,NA,NA
"SPS_0030_OCN-1",1.135,0.1095,NA,NA
"SPS_0027_OCN-1",1.59,0.2343,NA,NA
"SPS_0048_OCN-1",1.103,0.1528,NA,NA
"SPS_0017_OCN-2",0.905,0.06733,NA,NA
"SPS_0025_OCN-3",0.6185,0.08051,NA,NA
"SPS_0031_OCN-1",1.18,0.07532,NA,NA
"SPS_0027_OCN-2",1.487,0.2022,NA,NA
"SPS_0009_OCN-2",0.7918,0.06029,NA,NA
"SPS_0034_OCN-3",1.999,0.6572,NA,NA
"SPS_0008_OCN-2",1.312,0.1898,NA,NA
"SPS_0022_OCN-2",1.005,0.1109,NA,NA
"SPS_0033_OCN-2",2.246,0.6401,NA,NA
"SPS_0047_OCN-2",1.403,0.106,NA,NA
"SPS_0046_OCN-2",1.101,0.08945,NA,NA
"SPS_0019_OCN-2",0.7332,0.05891,NA,NA
"SPS_0004_OCN-3",2.019,1.944,NA,NA
"SPS_0003_OCN-3",1.712,0.4266,NA,NA
"SPS_0043_OCN-3",0.712,0.07705,NA,NA
"SPS_0041_OCN-2",1.137,0.07168,NA,NA
"SPS_0015_OCN-3",0.6708,0.0626,NA,NA
"SPS_0026_OCN-3",0.649,0.1187,NA,NA
"SPS_0001_OCN-2",1.003,0.0724,NA,NA
"SPS_0030_OCN-2",1.19,0.07107,NA,NA
"SPS_0012_OCN-1",1.222,0.09416,NA,NA
"SPS_0008_OCN-3",1.09,0.1127,NA,NA
"SPS_0010_OCN-1",0.9382,0.09096,NA,NA
"SPS_0016_OCN-3",1.023,0.05702,NA,NA
"SPS_0031_OCN-3",1.328,0.08049,NA,NA
"SPS_0028_OCN-2",1.583,0.1904,NA,NA
"SPS_0028_OCN-1",1.59,0.195,NA,NA
"SPS_0027_OCN-3",1.627,0.2098,NA,NA
"SPS_0001_OCN-3",1.075,0.07299,NA,NA
"SPS_0043_OCN-2",0.7085,0.06484,NA,NA
"SPS_0020_OCN-1",0.6095,0.0474,NA,NA
"SPS_0050_OCN-3",3.075,0.2106,NA,NA
"SPS_0023_OCN-1",0.5997,0.04707,NA,NA
"SPS_0045_OCN-2",1.783,0.1135,NA,NA
"SPS_0015_OCN-1",0.7603,0.04967,NA,NA
"SPS_0035_OCN-2",1.642,0.2178,NA,NA
"SPS_0041_OCN-3",1.091,0.08342,NA,NA
"SPS_0045_OCN-1",1.765,0.1208,NA,NA
"SPS_0049_OCN-3",1.596,0.211,NA,NA
"SPS_0041_OCN-1",1.12,0.08008,NA,NA
"SPS_0042_OCN-1",0.9754,0.08425,NA,NA
"SPS_0032_OCN-2",2.431,0.1228,NA,NA
"SPS_0049_OCN-2",1.571,0.2153,NA,NA
"SPS_0010_OCN-2",1.042,0.07359,NA,NA
"SPS_0006_OCN-1",1.154,0.08154,NA,NA
"SPS_0022_OCN-3",0.9323,0.08177,NA,NA
"SPS_0033_OCN-1",2.498,0.6831,NA,NA
"SPS_0047_OCN-1",1.342,0.1026,NA,NA
"SPS_0035_OCN-1",1.65,0.2473,NA,NA
"SPS_0032_OCN-3",2.457,0.1343,NA,NA
"SPS_0006_OCN-2",1.111,0.08383,NA,NA
"SPS_0043_OCN-1",0.7519,0.06754,NA,NA
"SPS_0001_OCN-1",1.034,0.07393,NA,NA
"SPS_0014_OCN-1",0.6643,0.0526,NA,NA
"SPS_0025_OCN-1",0.6755,0.07046,NA,NA
"SPS_0020_OCN-2",0.5482,0.03868,NA,NA
"SPS_0023_OCN-2",0.5336,0.04705,NA,NA
"SPS_0045_OCN-3",1.778,0.1246,NA,NA
"SPS_0006_OCN-3",1.1,0.07439,NA,NA
"SPS_0044_OCN-3",0.7762,0.04961,NA,NA
"SPS_0042_OCN-3",0.8793,0.07634,NA,NA
"SPS_0048_OCN-3",1.053,0.1266,NA,NA
"SPS_0040_OCN-3",1.07,0.08169,NA,NA
"SPS_0044_OCN-1",0.8007,0.05148,NA,NA
"SPS_0044_OCN-2",0.7408,0.04928,NA,NA
"SPS_0004_OCN-2",1.924,1.918,NA,NA
"SPS_0007_OCN-3",1.121,0.08033,NA,NA
"SPS_0028_OCN-3",1.44,0.1857,NA,NA
"SPS_0031_OCN-2",1.228,0.07649,NA,NA
"SPS_0033_OCN-3",2.096,0.6023,NA,NA
"SPS_0007_OCN-1",1.187,0.08283,NA,NA
"SPS_0047_OCN-3",1.263,0.07685,NA,NA
"SPS_0048_OCN-2",1.081,0.1253,NA,NA
"SPS_0026_OCN-2",0.5995,0.04008,NA,NA
"SPS_0021_OCN-3",0.7181,0.2883,NA,NA
"SPS_0026_OCN-1",0.61,0.05364,NA,NA
"SPS_0022_OCN-1",0.9006,0.05914,NA,NA
"SPS_0009_OCN-3",0.8589,0.06196,NA,NA
"SPS_0017_OCN-3",0.8733,0.05685,NA,NA
"SPS_0015_OCN-2",0.6781,0.03964,NA,NA
"SPS_0023_OCN-3",0.4875,0.04108,NA,NA
"SPS_0021_OCN-2",0.6136,0.0372,NA,NA
"SPS_0040_OCN-1",1.121,0.08806,NA,NA
"SPS_0003_OCN-1",1.511,0.3805,NA,NA
"SPS_0025_OCN-2",0.6458,0.0658,NA,NA
"SPS_0049_OCN-1",1.503,0.2084,NA,NA
"SPS_0029_OCN-1",1.78,0.1837,NA,NA
"SPS_0029_OCN-2",1.785,0.1563,NA,NA
"SPS_0014_OCN-3",0.6737,0.07622,NA,NA
"SPS_0017_OCN-1",1.045,0.0783,NA,NA
"SPS_0030_OCN-3",1.2,0.07908,NA,NA
"SPS_0012_OCN-3",1.158,0.09807,NA,NA
"SPS_0034_OCN-2",2.197,0.8417,NA,NA
"SPS_0050_OCN-2",3.328,0.305,NA,NA
"SPS_0035_OCN-3",1.639,0.2772,NA,NA
"SPS_0003_OCN-2",1.713,0.5134,NA,NA
"SPS_0054_OCN-2",2.089,1.645,NA,NA
"SPS_0056_OCN-1",1.419,0.109,NA,NA
"SPS_0054_OCN-3",2.109,1.597,NA,NA
"SPS_0053_OCN-1",2.122,1.484,NA,NA
"SPS_0056_OCN-3",1.322,0.1118,NA,NA
"SPS_0055_OCN-1",1.674,0.307,NA,NA
"SPS_0056_OCN-2",1.316,0.0916,NA,NA
"SPS_0053_OCN-3",2.12,1.462,NA,NA
"SPS_0053_OCN-2",2.095,1.469,NA,NA
"SPS_0055_OCN-3",1.675,0.3333,NA,NA
"SPS_0054_OCN-1",2.079,1.632,NA,NA
"SPS_0055_OCN-2",1.698,0.3029,NA,NA
"SPS_0058_OCN-1",1.672,0.1289,NA,NA
"SPS_0057_OCN-1",2.139,0.1718,NA,NA
"SPS_0057_OCN-3",2.093,0.1597,NA,NA
"SPS_0058_OCN-2",1.746,0.108,NA,NA
"SPS_0059_OCN-2",2.624,0.1974,NA,NA
"SPS_0057_OCN-2",2.19,0.1733,NA,NA
"SPS_0059_OCN-1",2.785,0.1937,NA,NA
"SPS_0059_OCN-3",2.564,0.1845,NA,NA
"SPS_0058_OCN-3",1.757,0.1127,NA,NA
"RC2_0091_OCN-3",0.3792,0.08241,NA,NA
"RC2_0093_OCN-1",1.029,0.09628,NA,NA
"RC2_0095_OCN-3",1.798,1.721,NA,NA
"RC2_0092_OCN-1",0.8906,0.09299,NA,NA
"RC2_0094_OCN-1",1.243,0.2632,NA,NA
"RC2_0093_OCN-3",1.084,0.09517,NA,NA
"RC2_0091_OCN-1",0.4019,0.08457,NA,NA
"RC2_0095_OCN-1",1.814,1.649,NA,NA
"RC2_0092_OCN-3",0.7971,0.09861,NA,NA
"RC2_0096_OCN-2",1.823,1.281,NA,NA
"RC2_0096_OCN-3",1.808,1.279,NA,NA
"RC2_0091_OCN-2",0.3984,0.06749,NA,NA
"RC2_0094_OCN-3",1.237,0.2348,NA,NA
"RC2_0094_OCN-2",1.262,0.2344,NA,NA
"RC2_0095_OCN-2",1.818,1.677,NA,NA
"RC2_0096_OCN-1",1.813,1.32,NA,NA
"RC2_0093_OCN-2",1.075,0.134,NA,NA
"RC2_0092_OCN-2",0.8175,0.08596,NA,NA
"RC2_0099_OCN-2",1.534,0.2761,NA,NA
"RC2_0097_OCN-2",1.782,1.249,NA,NA
"RC2_0098_OCN-2",1.746,1.399,NA,NA
"RC2_0100_OCN-1",0.9877,0.1121,NA,NA
"RC2_0100_OCN-3",0.9817,0.11,NA,NA
"RC2_0097_OCN-1",1.812,1.22,NA,NA
"RC2_0098_OCN-3",1.742,1.371,NA,NA
"RC2_0097_OCN-3",1.776,1.268,NA,NA
"RC2_0098_OCN-1",1.786,1.391,NA,NA
"RC2_0099_OCN-3",1.357,0.2784,NA,NA
"RC2_0100_OCN-2",1.042,0.1291,NA,NA
"RC2_0099_OCN-1",1.36,0.2687,NA,NA
"RC2_0103_OCN-1",0.9832,0.0958,NA,NA
"RC2_0106_OCN-1",1.884,1.357,NA,NA
"RC2_0103_OCN-2",1.038,0.1396,NA,NA
"RC2_0106_OCN-3",1.943,1.395,NA,NA
"RC2_0104_OCN-1",1.412,0.303,NA,NA
"RC2_0101_OCN-2",0.4315,0.09344,NA,NA
"RC2_0106_OCN-2",1.981,1.302,NA,NA
"RC2_0105_OCN-3",1.819,1.36,NA,NA
"RC2_0103_OCN-3",0.9821,0.1065,NA,NA
"RC2_0104_OCN-3",1.35,0.2831,NA,NA
"RC2_0105_OCN-2",1.689,1.326,NA,NA
"RC2_0104_OCN-2",1.375,0.3089,NA,NA
"RC2_0101_OCN-1",0.4354,0.0669,NA,NA
"RC2_0101_OCN-3",0.4363,0.08125,NA,NA
"RC2_0105_OCN-1",1.701,1.321,NA,NA
"RC2_0110_OCN-2",1.535,0.3857,NA,NA
"RC2_0109_OCN-2",0.9286,0.09342,NA,NA
"RC2_0112_OCN-1",1.656,1.33,NA,NA
"RC2_0110_OCN-1",1.62,0.4043,NA,NA
"RC2_0108_OCN-2",0.8549,0.08707,NA,NA
"RC2_0108_OCN-1",0.8159,0.07569,NA,NA
"RC2_0109_OCN-3",0.9208,0.09433,NA,NA
"RC2_0112_OCN-3",1.666,1.342,NA,NA
"RC2_0110_OCN-3",1.339,0.3635,NA,NA
"RC2_0107_OCN-2",0.4895,0.07069,NA,NA
"RC2_0107_OCN-3",0.4377,0.06613,NA,NA
"RC2_0112_OCN-2",1.643,1.3,NA,NA
"RC2_0109_OCN-1",1.125,0.09874,NA,NA
"RC2_0111_OCN-3",1.602,1.392,NA,NA
"RC2_0107_OCN-1",0.4331,0.07367,NA,NA
"RC2_0111_OCN-2",1.674,1.352,NA,NA
"RC2_0108_OCN-3",0.841,0.08521,NA,NA
"RC2_0111_OCN-1",1.621,1.342,NA,NA
"RC2_0118_OCN-3",1.919,1.166,NA,NA
"RC2_0115_OCN-1",1.384,0.1021,NA,NA
"RC2_0116_OCN-3",1.603,0.3693,NA,NA
"RC2_0113_OCN-3",0.869,0.08801,NA,NA
"RC2_0113_OCN-1",0.7457,0.08856,NA,NA
"RC2_0117_OCN-2",1.817,1.246,NA,NA
"RC2_0118_OCN-1",2.087,1.191,NA,NA
"RC2_0115_OCN-3",1.148,0.0873,NA,NA
"RC2_0117_OCN-1",1.897,1.274,NA,NA
"RC2_0118_OCN-2",1.927,1.175,NA,NA
"RC2_0117_OCN-3",1.876,1.313,NA,NA
"RC2_0116_OCN-2",1.646,0.3678,NA,NA
"RC2_0116_OCN-1",1.67,0.373,NA,NA
"RC2_0114_OCN-1",1.029,0.08084,NA,NA
"RC2_0115_OCN-2",1.164,0.1017,NA,NA
"RC2_0113_OCN-2",0.7849,0.07837,NA,NA
"RC2_0114_OCN-3",0.9678,0.09242,NA,NA
"RC2_0114_OCN-2",1.013,0.09282,NA,NA
"RC2_0123_OCN-1",1.902,1.48,NA,NA
"RC2_0119_OCN-1",0.6638,0.0699,"NPOC_CV_Flag",NA
"RC2_0123_OCN-2",1.878,1.458,NA,NA
"RC2_0124_OCN-3",1.824,1.241,NA,NA
"RC2_0121_OCN-2",1.146,0.1031,NA,NA
"RC2_0122_OCN-3",1.821,0.3949,NA,NA
"RC2_0122_OCN-2",1.821,0.3946,NA,NA
"RC2_0121_OCN-3",1.12,0.0961,NA,NA
"RC2_0119_OCN-3",0.6244,0.07662,"NPOC_CV_Flag",NA
"RC2_0120_OCN-2",1.081,0.0829,NA,NA
"RC2_0121_OCN-1",1.179,0.1006,NA,NA
"RC2_0123_OCN-3",1.883,1.464,NA,NA
"RC2_0122_OCN-1",1.622,0.3739,NA,NA
"RC2_0120_OCN-1",1.055,0.0807,NA,NA
"RC2_0120_OCN-3",0.9712,0.08009,NA,NA
"RC2_0124_OCN-2",1.794,1.217,NA,NA
"RC2_0119_OCN-2",1.155,0.2613,"NPOC_CV_Flag","TRUE"
"RC2_0124_OCN-1",1.762,1.223,NA,NA
