Timestamp,Location,Site_Vial_ID_(4_digit_numeric_code),Date_[mm/dd/yyyy],Time_Zone,Time_Arriving_[24_hr_hh:mm],Time_Leaving_[24_hr_hh_mm],SpC_[uS/cm]-1,pH-1,TDS_[ppm]-1,Temperature_[degC]-1,SpC_[uS/cm]-2,pH-2,TDS_[ppm]-2,Temperature_[degC]-2,SpC_[uS/cm]-3,pH-3,TDS_[ppm]-3,Temperature_[degC]-3,Spectrolyzer_Start_Time_[24_hr_hh:mm],Spectrolyzer_Nitrate_[mg/L],Spectrolyzer_TOC_[mg/L],Spectrolyzer_DOC_[mg/L],Spectrolyzer_Temperature_[degC],Spectrolyzer_Time_End_[24_hr_hh:mm],Latitude_[dd],Longitude_[dd],GPS_Accuracy_[ft],Manta_Time_Turned_On_[24_hr_hh:mm],Manta_Start_Time_[24_hr_hh:mm],Manta_End_Time_[24_hr_hh:mm],Manta_Time_Turned_Off_[24_hr_hh:mm],Manta_Serial_Number,BaroTROLL_Time_Turned_On_[24-hr_hh:mm],BaroTROLL_Start_Time_[24_hr_hh:mm],BaroTroll_End_Time_[24_hr_hh:mm],BaroTroll_Time_Turned_Off_[24_hr_hh:mm],BaroTroll_Serial_Number,YSI_Time_[24_hr_hh:mm]-1,YSI_Temperature_[degC]-1,YSI_[mmHg]-1,YSI_DO_[%Sat]-1,YSI_DO_[mg/L]-1,YSI_Time_[24_hr_hh:mm]-2,YSI_Temperature_[degC]-2,YSI_[mmHg]-2,YSI_DO_[%Sat]-2,YSI_DO_[mg/L]-2,YSI_Serial_Number,Notes,Email,Field_Staff_[first_name_last_name],Time_[24_hr_hh:mm]-1,Time_[24_hr_hh:mm]-2,Time_[24_hr_hh:mm]-3
6/11/2021 14:39:37,American River,0043,6/10/2021,PST,9:42,11:05,43.24,7.71,28.69,6.5,43.24,7.7,28.67,6.5,43.26,7.65,28.72,6.5,10:00,0.18,1.42,0.74,7.51,10:53,46.977755,-121.168433,22,9:34,10:00,10:59,22:11,03214659L,8:00,9:42,11:05,22:00,801493,10:20,6.5,691,100.6,12.37,10:50,6.7,691.3,100.5,12.3,15K100760,"Double-checked Manta start time against log file upon return from field (SFulton confirmed time was accurate). OCN vials filled to half-way mark, realized mistake (filling 3/4 full, or 30 mL, as of 6/10/21 sampling event), emptied as much as possible by shaking out, refilled to 3/4.",,"Stephanie_Fulton, Aaron_Pelly",10:15,10:16,10:17
6/11/2021 14:46:09,Little Naches,0044,6/10/2021,PST,11:37,12:30,54.35,7.91,35.27,9.8,54.21,7.86,35.61,9.7,54.31,7.96,35.67,9.7,11:48,0.46,1.93,1.12,10.36,12:15,46.989159,-121.098501,19,9:34,11:48,12:22,22:11,03214659L,8:00,11:45,12:29,22:00,801493,11:50,9.4,696.9,105.1,12.03,12:20,9.7,696.7,105,11.94,15K100760,"River has receded substantially since 6/3/21 (last week), approximately 12 ft of beach exposed now.",,"Stephanie_Fulton, Aaron_Pelly",11:59,12:00,12:00
6/11/2021 14:52:55,Naches- Craig Road 2,0045,6/10/2021,PST,14:05,15:00,60.12,7.85,38.63,13.4,60.08,7.85,38.78,13.4,60.1,7.86,38.93,13.3,14:15,0.38,2.74,1.09,13.98,14:44,46.728776,-120.713658,20,9:34,14:15,14:49,22:11,03214659L,8:00,14:05,15:00,22:00,801493,14:21,13.1,723.5,107.1,11.26,14:47,13.5,723.6,107.4,11.2,15K100760,"Filter clogged after 1.5 DIC samples (~160 mL). Double-check Manta ""time out of water""; time was accurate, completed by SFulton 6/11/2021.",,"Stephanie_Fulton, Aaron_Pelly",14:27,14:28,14:28
6/11/2021 14:59:12,Union Gap,0046,6/10/2021,PST,15:46,17:07,93.13,8.14,59.69,15.9,92.98,8.15,59.84,15.7,93.08,8.15,59.95,15.7,16:28,0.67,2.43,1.29,15.99,16:47,46.53088,-120.470257,16,9:34,16:22,16:54,22:11,03214659L,8:00,16:22,17:06,22:00,801493,16:32,15.6,737.2,115.1,11.47,16:50,15.6,737.2,114.9,11.44,15K100760,Check time in water for Manta. Time was accurate compared to log file; completed by SFulton on 6/11/21.,,"Stephanie_Fulton, Aaron_Pelly",16:38,16:39,16:39
6/11/2021 15:04:58,Kiona,0048,6/10/2021,PST,19:20,20:17,179.2,8.96,115.9,19.5,179,8.97,115.7,19.5,179,8.96,115.7,19.5,19:34,1.3,2.58,1.54,19.92,19:51,46.255247,-119.474118,19,9:34,19:31,20:00,22:11,03214659L,8:00,19:22,20:15,22:00,801493,19:48,19.6,750.1,128.9,11.81,19:57,19.6,750.2,127.8,11.71,15K100760,Moved downstream to new site near the end of parking lot. Deployed sensors just above riffle.,,"Stephanie_Fulton, Aaron_Pelly",19:40,19:41,19:42
6/12/2021 14:13:37,American River,0037,6/3/2021,PST,9:04,9:46,30.81,7.68,20.11,6.5,30.54,7.6,19.97,6.1,30.52,7.55,19.98,6.2,9:10,0.77,3.88,1.71,7.05,9:31,46.977786,-121.168401,16,8:53,9:10,9:39,17:55,03214659L,8:30,9:04,9:39,20:00,801493,9:10,6,687.5,100.6,12.52,9:37,6,687.4,100.9,12.56,15K100760,"The spectrolyzer, Manta, and YSI were in a little bit before 9:10 but had to get readjusted. Barotroll scheduled for 8:30-20:00. 
Needed 3 sterivex filters - very turbid and high discharge.",,"Stephanie_Fulton, Lupita_Renteria",9:20,9:21,9:29
6/12/2021 14:18:51,Little Naches,0038,6/3/2021,PST,10:00,10:36,42.58,7.67,27.94,8.6,43.07,7.68,28.31,8.4,42.9,7.65,28.24,8.2,10:08,0.75,2.81,1.46,9.28,10:27,46.989215,-121.098612,14,8:53,10:08,10:30,17:55,03214659L,8:30,10:10,10:35,20:00,801493,10:10,8.2,693.1,103,12.14,10:23,8.3,693.2,103.2,12.14,15K100760,"Beach submerged.
Used 3 sterivex filters.",,"Stephanie_Fulton, Lupita_Renteria",10:14,10:15,10:16
6/12/2021 14:24:15,Naches- Craig Road 2,0039,6/3/2021,PST,11:25,12:00,43.32,7.57,27.79,12.6,42.69,7.58,27.65,12.4,42.64,7.56,27.6,12.3,11:29,0.79,5.03,1.71,12.9,11:50,46.728756,-120.713619,14,8:53,11:29,11:56,17:55,03214659L,8:30,11:29,12:00,20:00,801493,11:31,12.3,718.2,105.6,11.31,11:53,12.3,718.1,105.8,11.32,15K100760,Used 6 sterivex filters.,,"Stephanie_Fulton, Lupita_Renteria",11:34,11:35,11:35
6/12/2021 14:30:09,Union Gap,0040,6/3/2021,PST,12:49,13:41,71.47,7.69,45.82,16.6,71.25,7.71,45.79,16.5,71.2,7.71,45.73,16.5,13:04,0.84,4.04,1.69,16.99,13:25,46.530834,-120.470328,16,8:53,13:04,13:33,17:55,03214659L,8:30,13:04,13:39,20:00,801493,13:05,16.3,730.9,108.9,10.69,13:24,16.3,730.9,109.1,10.7,15K100760,"Sampled from the boat ramp because there were people at our normal site.
Used 5 sterivex filters.",,"Stephanie_Fulton, Lupita_Renteria",13:15,13:15,13:16
6/12/2021 14:35:30,Mabton,0041,6/3/2021,PST,14:48,16:05,116.2,7.86,73.84,21.8,116.6,8.04,73.96,21.5,116.4,8.05,74.03,21.7,15:43,1.02,3.27,1.65,24.08,15:55,46.232013,-120.000251,16,8:53,15:43,15:58,17:55,03214659L,8:30,16:01,16:04,20:00,801493,15:46,21.9,737.2,110,9.7,15:53,21,737.2,108.8,9.7,15K100760,NA,,"Stephanie_Fulton, Lupita_Renteria",15:41,15:41,15:42
6/12/2021 14:41:34,Kiona,0042,6/3/2021,PST,17:08,18:00,138.4,8.68,87.23,23.6,136.5,8.69,86.71,23.4,136.4,8.69,86.67,23.4,17:24,1.1,2.93,1.58,23.62,17:43,46.254531,-119.473604,17,8:53,17:24,17:50,17:55,03214659L,8:30,17:11,17:50,20:00,801493,17:23,23.7,741.4,129.4,10.97,17:43,23.3,741.4,126.7,10.81,15K100760,NA,,"Stephanie_Fulton, Lupita_Renteria",17:34,17:35,17:35
6/12/2021 15:52:54,American River,0031,5/27/2021,PST,8:55,9:25,41.92,7.8,27.81,5.7,42.07,7.78,27.92,5.6,41.9,7.76,27.82,5.6,8:59,0.36,2.06,0.92,6.51,9:19,46.977734,-121.168387,14,9:00,9:02,9:23,17:08,03214659L,NA,NA,NA,NA,801493,9:02,5.7,686.5,99.2,12.44,9:21,5.5,686.4,99.6,12.56,15K100760,"All times today are in military time PST. Fulton's watch and both Renteria/Fulton iPhones also similarly set. 
Spectrolyzer reads in PDT.
Manta had storage cup on during deployment.
Post-field (meta)data sheet corrections (by S. Fulton): 
BaroTROLL was mistakenly scheduled to log data in 12-hr time in PDT from 10:00 AM to 10:30 PM on 2021/05/27 (13.5 hours). “Time turned on” and “Time turned off” time stamps had been left blank on the (meta)data sheet during sampling. Furthermore, on May 13, 2021, RC-2 discovered that logging had been started manually in error, and “Time turned on” and “Time turned off” time stamps are actually 5:36 PM PDT on 2021/05/26 and 6:06 AM PDT on 2021/05/27, respectively, so logging ended prematurely at 6:06 AM PDT the day of sampling and no baroTROLL data was collected.",,"Stephanie_Fulton, Lupita_Renteria",9:10,9:10,9:11
6/12/2021 15:57:57,Little Naches,0032,5/27/2021,PST,9:38,10:07,48.47,7.73,32.26,6.2,48.49,7.77,32.21,5.9,48.37,7.76,32.16,5.8,9:42,0.62,2.69,1.35,6.66,10:00,46.98923,-121.098604,16,9:00,9:45,10:04,17:08,03214659L,NA,NA,NA,NA,801493,9:43,5.7,692.1,101.1,12.62,10:02,5.9,692.2,101.1,12.62,15K100760,"Sprinkling during sampling.
Manta had storage cup on during deployment.
Post-field (meta)data sheet corrections (by S. Fulton): 
BaroTROLL was mistakenly scheduled to log data in 12-hr time in PDT from 10:00 AM to 10:30 PM on 2021/05/27 (13.5 hours). “Time turned on” and “Time turned off” time stamps had been left blank on the (meta)data sheet during sampling. Furthermore, on May 13, 2021, RC-2 discovered that logging had been started manually in error, and “Time turned on” and “Time turned off” time stamps are actually 5:36 PM PDT on 2021/05/26 and 6:06 AM PDT on 2021/05/27, respectively, so logging ended prematurely at 6:06 AM PDT the day of sampling and no baroTROLL data was collected.",,"Stephanie_Fulton, Lupita_Renteria",9:52,9:53,9:54
6/12/2021 16:03:38,Naches- Craig Road 2,0033,5/27/2021,PST,10:55,11:38,56.51,7.81,37.24,9.1,56.56,7.86,37.28,9.2,56.73,7.86,37.36,9.1,10:58,0.4,2.72,1.21,9.74,11:16,46.7288,-120.713656,16,9:00,11:26,11:36,17:08,03214659L,NA,NA,NA,NA,801493,10:59,9.1,718.9,106.5,12.28,11:16,9.2,719,106.8,12.29,15K100760,"Cloudy with blue skies.
Redeployed Manta at 11:26 after realizing the storage/calibration cup had been left on! Also left on at American R and Little Naches R.
Post-field (meta)data sheet corrections (by S. Fulton): 
BaroTROLL was mistakenly scheduled to log data in 12-hr time in PDT from 10:00 AM to 10:30 PM on 2021/05/27 (13.5 hours). “Time turned on” and “Time turned off” time stamps had been left blank on the (meta)data sheet during sampling. Furthermore, on May 13, 2021, RC-2 discovered that logging had been started manually in error, and “Time turned on” and “Time turned off” time stamps are actually 5:36 PM PDT on 2021/05/26 and 6:06 AM PDT on 2021/05/27, respectively, so logging ended prematurely at 6:06 AM PDT the day of sampling and no baroTROLL data was collected.",,"Stephanie_Fulton, Lupita_Renteria",11:05,11:06,11:07
6/12/2021 16:10:26,Union Gap,0034,5/27/2021,PST,12:26,13:13,84.16,7.99,53.25,14.4,83.77,8.03,54.24,13.4,83.78,8.4,54.27,13.5,12:48,0.59,2.94,1.38,14.52,13:02,46.530529,-120.470657,17,9:00,12:48,13:08,17:08,03214659L,NA,NA,NA,NA,801493,12:31,13.2,734.3,111.3,11.68,13:05,13.3,733.7,112.1,11.73,15K100760,"Deployed Manta and spectrolyzer using tripod for the 1st time.
Extremely windy, blue skies with scattered clouds.
Post-field (meta)data sheet corrections (by S. Fulton): 
BaroTROLL was mistakenly scheduled to log data in 12-hr time in PDT from 10:00 AM to 10:30 PM on 2021/05/27 (13.5 hours). “Time turned on” and “Time turned off” time stamps had been left blank on the (meta)data sheet during sampling. Furthermore, on May 13, 2021, RC-2 discovered that logging had been started manually in error, and “Time turned on” and “Time turned off” time stamps are actually 5:36 PM PDT on 2021/05/26 and 6:06 AM PDT on 2021/05/27, respectively, so logging ended prematurely at 6:06 AM PDT the day of sampling and no baroTROLL data was collected.",,"Stephanie_Fulton, Lupita_Renteria",12:59,13:00,13:01
6/12/2021 16:15:37,Mabton,0035,5/27/2021,PST,14:24,15:25,128.5,7.88,77.93,16.4,121.8,7.88,78.18,16.2,121.8,7.92,78.25,16.1,15:05,0.99,7.37,1.8,16.53,15:16,46.232046,-120.000226,15,9:00,14:50,15:20,17:08,03214659L,NA,NA,NA,NA,801493,14:59,16.1,743.1,104.5,10.3,15:09,16.1,743.1,104.5,10.29,15K100760,"Super windy!
Post-field (meta)data sheet corrections (by S. Fulton): 
BaroTROLL was mistakenly scheduled to log data in 12-hr time in PDT from 10:00 AM to 10:30 PM on 2021/05/27 (13.5 hours). “Time turned on” and “Time turned off” time stamps had been left blank on the (meta)data sheet during sampling. Furthermore, on May 13, 2021, RC-2 discovered that logging had been started manually in error, and “Time turned on” and “Time turned off” time stamps are actually 5:36 PM PDT on 2021/05/26 and 6:06 AM PDT on 2021/05/27, respectively, so logging ended prematurely at 6:06 AM PDT the day of sampling and no baroTROLL data was collected.",,"Stephanie_Fulton, Lupita_Renteria",15:01,15:02,15:02
6/12/2021 16:57:14,Kiona,0036,5/27/2021,PST,16:20,17:12,139.6,8.34,89.73,17.5,139.3,8.35,89.53,17.4,139.2,8.35,89.4,17.3,16:42,0.7,6.43,1.6,17.92,16:55,46.254452,-119.473591,17,9:00,16:42,17:01,17:08,03214659L,NA,NA,NA,NA,801493,16:54,17.4,747.9,116.3,11.15,16:58,17.4,748.2,116.2,11.14,15K100760,"All sensors deployed where water quality samples have been taken, which is ~50-75' downstream from original deployment location.
Post-field (meta)data sheet corrections (by S. Fulton): 
BaroTROLL was mistakenly scheduled to log data in 12-hr time in PDT from 10:00 AM to 10:30 PM on 2021/05/27 (13.5 hours). “Time turned on” and “Time turned off” time stamps had been left blank on the (meta)data sheet during sampling. Furthermore, on May 13, 2021, RC-2 discovered that logging had been started manually in error, and “Time turned on” and “Time turned off” time stamps are actually 5:36 PM PDT on 2021/05/26 and 6:06 AM PDT on 2021/05/27, respectively, so logging ended prematurely at 6:06 AM PDT the day of sampling and no baroTROLL data was collected.",,"Stephanie_Fulton, Lupita_Renteria",16:51,16:51,16:52
6/12/2021 17:23:55,American River,0025,5/20/2021,PST,9:08,9:45,44.27,7.85,29.57,5,44.02,7.82,29.35,4.6,43.68,7.81,29.22,4.7,9:33,0.37,2.04,0.95,5.27,9:42,46.977701,-121.168409,15,9:06,9:15,9:42,16:43,03214659L,8:00,9:09,9:42,21:00,801493,9:14,4.5,689.2,100,12.94,9:31,4.5,689.3,100.3,12.99,15K100760,"1) Today we started recording time in PST (mistakenly used PDT prior to today).
2) Deployed a new Manta today (previous one needs new wiper).
3) Restarted spectrolyzer because we weren't sure computer had found the probe. 1st time using new extension cable (connected with marine-grade shrink wrap).
Post-field (meta)data sheet corrections (by S. Fulton):
1)	Photograph time stamps are in PDT.
2)	Manta logging was manually turned on upon arrival at the American River site at 9:06 PST and manually turned off upon departure from the Yakima River at Kiona site at 16:43 PST. On May 24, 2021, RC-2 discovered that the time stamps are wrong in log file ""2021-05-20_MANTA_4659L.LOG"": the time stamps are two (2) hours ahead of PST.",,"Stephanie_Fulton, Lupita_Renteria",9:21,9:22,9:22
6/12/2021 17:29:51,Little Naches,0026,5/20/2021,PST,10:00,10:29,50.13,7.6,33.42,5.2,50.14,7.76,33.35,5.1,50.19,7.75,33.42,5,10:02,0.63,2.69,1.36,5.81,10:21,46.989284,-121.098546,17,9:06,10:02,10:23,16:43,03214659L,8:00,10:00,10:28,21:00,801493,10:05,5.1,695.1,101.1,12.91,10:20,5,695.1,101.5,12.97,15K100760,"Post-field (meta)data sheet corrections (by S. Fulton):
1)	Photograph time stamps are in PDT.
2)	Manta logging was manually turned on upon arrival at the American River site at 9:06 PST and manually turned off upon departure from the Yakima River at Kiona site at 16:43 PST. On May 24, 2021, RC-2 discovered that the time stamps are wrong in log file ""2021-05-20_MANTA_4659L.LOG"": the time stamps are two (2) hours ahead of PST.",,"Stephanie_Fulton, Lupita_Renteria",10:09,10:10,10:10
6/12/2021 17:35:50,Naches- Craig Road 2,0027,5/20/2021,PST,11:23,11:59,51.87,7.77,34.29,7.6,51.65,7.89,34.15,7.5,51.65,7.87,34.15,7.4,11:27,0.45,2.6,1.23,8.13,11:45,46.728781,-120.713599,9999,9:06,11:29,11:44,16:43,03214659L,8:00,11:23,11:49,21:00,801493,11:27,7.4,722.4,107.7,12.94,11:41,7.4,722.8,107,12.86,15K100760,"Started to rain while recording spectrolyzer data.
Post-field (meta)data sheet corrections (by S. Fulton):
1)	Photograph time stamps are in PDT.
2)	Manta logging was manually turned on upon arrival at the American River site at 9:06 PST and manually turned off upon departure from the Yakima River at Kiona site at 16:43 PST. On May 24, 2021, RC-2 discovered that the time stamps are wrong in log file ""2021-05-20_MANTA_4659L.LOG"": the time stamps are two (2) hours ahead of PST.",,"Stephanie_Fulton, Lupita_Renteria",11:34,11:35,11:35
6/12/2021 17:48:43,Union Gap,0028,5/20/2021,PST,12:35,13:15,86.55,7.83,56.96,9.9,86.43,7.92,56.91,9.9,86.38,7.9,56.88,9.9,12:47,0.68,3,1.47,10.52,13:01,46.530495,-120.470641,16,9:06,12:47,13:15,16:43,03214659L,8:00,12:49,13:15,21:00,801493,12:36,10,735.5,109.6,12.37,12:58,10,735.7,109.1,12.31,15K100760,"*Manta start time may actually have been ~12:45 (forgot the time after checking watch).
***Vial ID not recorded in the field, but added on 6/12/21. Checked vial IDs at Naches (site just prior to Union Gap) and Mabton (site just after Union Gap) to confirm vial ID for Union Gap.
**No ""Time Leaving"" was recorded, but estimate it to be ~13:15 based on Manta and barotroll ""Time done.""
Post-field (meta)data sheet corrections (by S. Fulton):
1)	Photograph time stamps are in PDT.
2)	Manta logging was manually turned on upon arrival at the American River site at 9:06 PST and manually turned off upon departure from the Yakima River at Kiona site at 16:43 PST. On May 24, 2021, RC-2 discovered that the time stamps are wrong in log file ""2021-05-20_MANTA_4659L.LOG"": the time stamps are two (2) hours ahead of PST.",,"Stephanie_Fulton, Lupita_Renteria",13:00,13:00,13:01
6/12/2021 17:55:10,Mabton,0029,5/20/2021,PST,14:32,15:15,120.4,7.93,78.12,13.6,119.7,8.01,77.73,13.4,119.9,7.98,77.81,13.4,14:43,1.02,3.75,1.69,13.98,15:00,46.232023,-120.000242,16,9:06,14:43,15:08,16:43,03214659L,8:00,14:43,15:08,21:00,801493,14:41,13.5,745.3,109.7,11.43,14:59,13.3,744.4,108.2,11.33,15K100760,"Sprinkling the entire time we have been here.
Post-field (meta)data sheet corrections (by S. Fulton):
1)	Photograph time stamps are in PDT.
2)	Manta logging was manually turned on upon arrival at the American River site at 9:06 PST and manually turned off upon departure from the Yakima River at Kiona site at 16:43 PST. On May 24, 2021, RC-2 discovered that the time stamps are wrong in log file ""2021-05-20_MANTA_4659L.LOG"": the time stamps are two (2) hours ahead of PST.",,"Stephanie_Fulton, Lupita_Renteria",14:51,14:52,14:53
6/12/2021 17:59:52,Kiona,0030,5/20/2021,PST,16:03,16:42,126.5,8.04,81.85,14.6,126.4,8.05,81.83,14.6,126.6,8.04,81.87,14.6,16:12,1.13,3.88,1.73,15.22,16:32,46.254232,-119.473537,16,9:06,16:14,16:38,16:43,03214659L,8:00,16:04,16:38,21:00,801493,16:10,15,749.2,109.4,11.07,16:32,14.7,749.2,110.4,11.2,15K100760,"Post-field (meta)data sheet corrections (by S. Fulton):
1)	Photograph time stamps are in PDT.
2)	Manta logging was manually turned on upon arrival at the American River site at 9:06 PST and manually turned off upon departure from the Yakima River at Kiona site at 16:43 PST. On May 24, 2021, RC-2 discovered that the time stamps are wrong in log file ""2021-05-20_MANTA_4659L.LOG"": the time stamps are two (2) hours ahead of PST.",,"Stephanie_Fulton, Lupita_Renteria",16:27,16:28,16:28
6/13/2021 16:50:19,American River,0019,5/13/2021,PST,8:40,9:10,46.81,8.15,30.76,5.3,46.94,7.88,31.16,5.2,46.85,7.82,31.19,5,8:48,0.38,1.96,0.9,5.81,9:08,46.977609,-121.168413,15,8:40,8:49,9:06,17:29,03214653L,5:18,8:52,9:14,18:48,801493,8:45,5,693.1,99.8,12.77,9:06,4.8,692.9,100.4,12.88,15K100760,"Post-field (meta)data sheet corrections (by S. Fulton):
1)	Time zone manually recorded incorrectly in the field on the (meta)data sheet as ""PST"" when the time zone was actually PDT, and all time stamps were manually recorded incorrectly in PDT with very few exceptions (see #4, below). The time zone on the (meta)data sheet has been manually corrected to ""PDT"" and time stamps left ""as is,"" but the time zone and all time stamps on this (meta)data sheet were correctly digitized in the Google Form in PST.
2)	Photograph time stamps are in PDT.
3)	Manta logging was manually turned on upon arrival at the American River site at 8:40 PST and manually turned off upon departure from the Yakima River at Kiona site at 17:29 PST. “Time turned off” time stamp was not entered on the (meta)data sheet. On May 24, 2021, RC-2 discovered that the time stamps are wrong in log file ""2021-05-13_MANTA_4653L.LOG"": the time stamps are one (1) hour ahead of PST. The “Time turned off” time stamp was determined the log file and correctly digitized in PST in the Google Form by subtracting 1 hour.
4)	BaroTROLL was scheduled to log data in 12-hr time from 7:30 AM to 9:00 PM PST (13.5 hours). The scheduled “Time turned on” time stamp was manually recorded on the (meta)data sheet in the field, but the “Time turned off” time stamp was left blank. On May 13, 2021, however, RC-2 discovered that logging had been started manually in error, and “Time turned on” and “time turned off” time stamps are actually 5:18 AM PST and 6:48 PM PST, respectively. To avoid confusion, the “Time turned on” time stamp was crossed out and the “Time turned off” time stamp was left blank on the (meta)data sheet, but the correct time stamps were determined from the log file, converted to 24-hr time, and all four time stamps were correctly digitized in 24-hr time in PST on the Google Form.",,"Stephanie_Fulton, Lupita_Renteria",8:56,8:57,8:59
6/13/2021 16:59:53,Little Naches,0020,5/13/2021,PST,9:42,10:07,50.48,7.85,33.37,6,50.86,7.75,33.82,5.5,50.55,7.81,33.45,6.3,9:46,0.69,2.89,1.52,6.43,9:59,46.989221,-121.098695,15,8:40,9:41,10:05,17:29,03214653L,5:18,9:43,10:07,18:48,801493,9:43,5.4,698.4,101.9,12.88,9:59,5.5,698.2,102.1,12.87,15K100760,"Post-field (meta)data sheet corrections (by S. Fulton):
1)        Time zone manually recorded incorrectly in the field on the (meta)data sheet as ""PST"" when the time zone was actually PDT, and all time stamps were manually recorded incorrectly in PDT. The time zone on the (meta)data sheet has been manually corrected to ""PDT"" and time stamps left ""as is,"" but the time zone and all time stamps on this (meta)data sheet were correctly digitized in the Google Form in PST.
2)        Photograph time stamps are in PDT.
3)        Manta logging was manually turned on upon arrival at the American River site at 8:40 PST and manually turned off upon departure from the Yakima River at Kiona site at 17:29 PST. “Time turned on” and “Time turned off” time stamps were left blank on the (meta)data sheet. On May 24, 2021, RC-2 discovered that the time stamps are wrong in log file ""2021-05-13_MANTA_4653L.LOG"": the time stamps are one (1) hour ahead of PST. Missing “Time turned on” and “Time turned off” time stamps were determined from the American River (meta) data sheet and the log file, respectively, and correctly digitized in PST in the Google Form by subtracting 1 hour.
4)        BaroTROLL was scheduled to log data in 12-hr time from 7:30 AM to 9:00 PM PST (13.5 hours). “Time turned on” and “Time turned off” time stamps were left blank. On May 13, 2021, however, RC-2 discovered that logging had been started manually in error, and “Time turned on” and “Time turned off” time stamps are actually 5:18 AM PST and 6:48 PM PST, respectively. The correct “Time turned on” and “Time turned off” time stamps were determined from the log file, converted to 24-hr time, and all four time stamps were correctly digitized in 24-hr time in PST on the Google Form.
",,"Stephanie_Fulton, Lupita_Renteria",9:49,9:50,9:57
6/13/2021 17:07:19,Naches- Craig Road 2,0021,5/13/2021,PST,11:20,11:51,55.53,8.08,36.56,9.3,55.63,8.1,36.51,9.6,55.58,8.1,36.59,9.4,11:26,0.46,2.58,1.39,10.21,11:44,46.728835,-120.71359,12,8:40,11:23,11:49,17:29,03214653L,5:18,11:25,11:48,20:48,801493,11:26,9.4,725.4,110.2,12.65,11:44,9.5,725.3,110.5,12.62,15K100760,"Post-field (meta)data sheet corrections (by S. Fulton):
1)	Time zone manually recorded incorrectly in the field on the (meta)data sheet as ""PST"" when the time zone was actually PDT, and all time stamps were manually recorded incorrectly in PDT. The time zone on the (meta)data sheet has been manually corrected to ""PDT"" and time stamps left ""as is,"" but the time zone and all time stamps on this (meta)data sheet were correctly digitized in the Google Form in PST.
2)	Photograph time stamps are in PDT.
3)	Manta logging was manually turned on upon arrival at the American River site at 8:40 PST and manually turned off upon departure from the Yakima River at Kiona site at 17:29 PST. “Time turned on” and “Time turned off” time stamps were left blank on the (meta)data sheet. On May 24, 2021, RC-2 discovered that the timestamps are wrong in log file ""2021-05-06_MANTA_4653L.LOG"": the time stamps are one (1) hour ahead of PST. Missing “Time turned on” and “Time turned off” time stamps were determined from the American River (meta) data sheet and the log file, respectively, and correctly digitized in PST in the Google Form by subtracting 1 hour.
4)	BaroTROLL was scheduled to log data in 12-hr time from 7:30 AM to 9:00 PM PST (13.5 hours). “Time turned on” and “Time turned off” time stamps were left blank. On May 13, 2021, however, RC-2 discovered that logging had been started manually in error, and “Time turned on” and “Time turned off” time stamps are actually 5:18 AM and 6:48 PM PST, respectively.  The correct “Time turned on” and “time turned off” time stamps were determined from the log file, converted to 24-hr time, and all four time stamps were correctly digitized in 24-hr time in PST on the Google Form.",,"Stephanie_Fulton, Lupita_Renteria",11:30,11:32,11:33
6/13/2021 17:13:03,Union Gap,0022,5/13/2021,PST,12:55,13:31,94.52,8.2,61,14,94.66,8.21,61.27,13.7,94.91,8.22,61.49,13.6,13:03,0.7,2.85,1.53,14.22,13:22,46.53049,-120.470651,14,8:40,12:58,13:28,17:29,03214653L,5:18,13:04,13:29,20:48,801493,13:04,14.2,738.8,116.4,11.97,13:21,13.6,738.6,118.1,12.28,15K100760,"Post-field (meta)data sheet corrections (by S. Fulton):
1)        Time zone manually recorded incorrectly in the field on the (meta)data sheet as ""PST"" when the time zone was actually PDT, and all time stamps were manually recorded incorrectly in PDT. The time zone on the (meta)data sheet has been manually corrected to ""PDT"" and time stamps left ""as is,"" but the time zone and all time stamps on this (meta)data sheet were correctly digitized in the Google Form in PST.
2)        Photograph time stamps are in PDT.
3)        Manta logging was manually turned on upon arrival at the American River site at 8:40 PST and manually turned off upon departure from the Yakima River at Kiona site at 17:29 PST. “Time turned on” and “Time turned off” time stamps were left blank on the (meta)data sheet. On May 24, 2021, RC-2 discovered that the timestamps are wrong in log file ""2021-05-06_MANTA_4653L.LOG"": the time stamps are one (1) hour ahead of PST. Missing “Time turned on” and “Time turned off” time stamps were determined from the American River (meta) data sheet and the log file, respectively, and correctly digitized in PST in the Google Form by subtracting 1 hour.
4)        BaroTROLL was scheduled to log data in 12-hr time from 7:30 AM to 9:00 PM PST (13.5 hours). “Time turned on” and “Time turned off” time stamps were left blank. On May 13, 2021, however, RC-2 discovered that logging had been started manually in error, and “Time turned on” and “Time turned off” time stamps are actually 5:18 AM and 6:48 PM PST, respectively.  The correct “Time turned on” and “Time turned off” time stamps were determined from the log file, converted to 24-hr time, and all four time stamps were correctly digitized in 24-hr time in PST on the Google Form.",,"Stephanie_Fulton, Lupita_Renteria",13:09,13:10,13:10
6/13/2021 17:18:18,Mabton,0023,5/13/2021,PST,15:00,15:51,156.5,8.29,100.2,18.9,156,8.22,99.72,18.7,156.1,8.22,100.1,18.6,15:12,1.12,3.52,1.76,19.46,15:23,46.232042,-120.000027,15,8:40,15:38,15:49,17:29,03214653L,5:18,15:19,15:48,20:48,801493,15:15,18.7,745.2,115.7,10.85,15:43,20.1,745.1,115.4,10.63,15K100760,"Post-field (meta)data sheet corrections (by S. Fulton):
1)        Time zone manually recorded incorrectly in the field on the (meta)data sheet as ""PST"" when the time zone was actually PDT, and all time stamps were manually recorded incorrectly in PDT. The time zone on the (meta)data sheet has been manually corrected to ""PDT"" and time stamps left ""as is,"" but the time zone and all time stamps on this (meta)data sheet were correctly digitized in the Google Form in PST.
2)        Photograph time stamps are in PDT.
3)        Manta logging was manually turned on upon arrival at the American River site at 8:40 PST and manually turned off upon departure from the Yakima River at Kiona site at 17:29 PST. “Time turned on” and “Time turned off” time stamps were left blank on the (meta)data sheet. On May 24, 2021, RC-2 discovered that the timestamps are wrong in log file ""2021-05-06_MANTA_4653L.LOG"": the time stamps are one (1) hour ahead of PST. Missing “Time turned on” and “Time turned off” time stamps were determined from the American River (meta) data sheet and the log file, respectively, and correctly digitized in PST in the Google Form by subtracting 1 hour.
4)        BaroTROLL was scheduled to log data in 12-hr time from 7:30 AM to 9:00 PM PST (13.5 hours). “Time turned on” and “Time turned off” time stamps were left blank. On May 13, 2021, however, RC-2 discovered that logging had been started manually in error, and “Time turned on” and “Time turned off” time stamps are actually 5:18 AM and 6:48 PM PST, respectively.  The correct “Time turned on” and “Time turned off” time stamps were determined from the log file, converted to 24-hr time, and all four time stamps were correctly digitized in 24-hr time in PST on the Google Form.",,"Stephanie_Fulton, Lupita_Renteria",15:42,15:42,15:42
6/13/2021 17:23:20,Kiona,0024,5/13/2021,PST,16:55,17:32,169.9,8.29,109.6,19.2,170.2,8.3,110.3,19.2,170.1,8.28,109.6,19.1,16:59,1.29,3.47,1.72,19.46,17:24,46.254238,-119.473555,19,8:40,16:59,17:28,17:29,03214653L,5:18,17:01,17:28,20:48,801493,17:03,19.2,749.7,117.4,10.84,17:23,19.1,749.7,116.4,10.77,15K100760,"Post-field (meta)data sheet corrections (by S. Fulton):
1)        Time zone manually recorded incorrectly in the field on the (meta)data sheet as ""PST"" when the time zone was actually PDT, and all time stamps were manually recorded incorrectly in PDT. The time zone on the (meta)data sheet has been manually corrected to ""PDT"" and time stamps left ""as is,"" but the time zone and all time stamps on this (meta)data sheet were correctly digitized in the Google Form in PST.
2)        Photograph time stamps are in PDT.
3)        Manta logging was manually turned on upon arrival at the American River site at 8:40 PST and manually turned off upon departure from the Yakima River at Kiona site at 17:29 PST. “Time turned on” and “Time turned off” time stamps were left blank on the (meta)data sheet. On May 24, 2021, RC-2 discovered that the timestamps are wrong in log file ""2021-05-06_MANTA_4653L.LOG"": the time stamps are one (1) hour ahead of PST. Missing “Time turned on” and “Time turned off” time stamps were determined from the American River (meta) data sheet and the log file, respectively, and correctly digitized in PST in the Google Form by subtracting 1 hour.
4)        BaroTROLL was scheduled to log data in 12-hr time from 7:30 AM to 9:00 PM PST (13.5 hours). “Time turned on” and “Time turned off” time stamps were left blank. On May 13, 2021, however, RC-2 discovered that logging had been started manually in error, and “Time turned on” and “Time turned off” time stamps are actually 5:18 AM and 6:48 PM PST, respectively.  The correct “Time turned on” and “Time turned off” time stamps were determined from the log file, converted to 24-hr time, and all four time stamps were correctly digitized in 24-hr time in PST on the Google Form.",,"Stephanie_Fulton, Lupita_Renteria",17:08,17:09,17:09
6/13/2021 18:19:01,American River,0013,5/6/2021,PST,9:10,10:20,59.33,7.82,38.85,7.9,48.01,7.74,32.02,7.9,47.81,7.7,31.91,4.9,9:29,0.4,1.97,0.91,5.66,10:05,46.977666,-121.168446,14,9:16,9:17,10:20,17:59,03214655L,8:00,9:20,10:10,21:00,801493,9:24,4.7,686.1,97.7,12.49,10:09,4.8,686.2,98.4,12.64,15K100760,"Changed Manta ""Time turned off"" per Lupita. She checked the time that photos were taken using her phone, and realized that phone time is PDT. That, in conjunction with Manta data showling last data record at site was recorded at 12:17 (2 hrs ahead of PST), which should be 10:17 PST.
Post-field (meta)data sheet corrections (by S. Fulton):
1)	Time zone manually recorded incorrectly in the field on the (meta)data sheet as ""PST"" when it was actually PDT, and all time stamps were manually recorded incorrectly in PDT with very few exceptions (see #4, below). The time zone on the (meta)data sheet has been manually corrected to ""PDT"" and time stamps left ""as is,"" but the time zone and all time stamps on this (meta)data sheet were correctly digitized in the Google Form in PST.
2)	Photograph time stamps are in PDT.
3)	Manta logging was manually turned on upon arrival at the American River site and manually turned off upon departure from the Yakima River at Kiona site. “Time turned off” time stamp was not entered on the (meta)data sheet. On May 24, 2021, RC-2 discovered that the timestamps are wrong in log file ""2021-05-06_MANTA_4655L.LOG"": the time stamps are two (2) hours ahead of PST. The correct “Time turned on” and the missing “Time turned off” time stamp on the (meta)data sheet were determined from the log file and digitized correctly in PST in the Google Form by subtracting 2 hours from the logged start/stop time stamps.
4)	BaroTROLL was programmed to log data in 12-hr time from 8:00 AM to 9:00 PM PST. “Time turned on” was correctly manually recorded in PST in the field on the (meta)data sheet, but “Time started” and “Time done” were incorrectly recorded manually in PDT. “Time turned off” was not recorded. The “Time started” and “Time done” time stamps were digitized correctly in PST in the Google Form. The missing “Time turned off” time stamp was determined from the log file, converted to 24-hr time, and correctly digitized in PST on the Google Form.",,"Lupita_Renteria, Aaron_Pelly",9:33,9:35,9:36
6/13/2021 18:25:25,Little Naches,0014,5/6/2021,PST,11:04,11:30,53.78,7.82,35.53,7.4,51.09,7.75,33.94,5.9,51.03,7.71,33.88,5.6,11:06,0.79,3.12,1.67,6.74,11:16,46.988953,-121.098028,15,9:16,11:08,11:19,17:59,03214655L,8:00,11:08,11:19,21:00,801493,11:10,5.3,691.6,99.5,12.61,11:20,5.3,691.6,99.8,12.65,15K100760,"Post-field (meta)data sheet corrections (by S. Fulton):
1)	Time zone manually recorded incorrectly in the field on the (meta)data sheet as ""PST"" when it was actually PDT, and all time stamps were manually recorded incorrectly in PDT with very few exceptions (see #4, below). The time zone on the (meta)data sheet has been manually corrected to ""PDT"" and time stamps left ""as is,"" but the time zone and all time stamps on this (meta)data sheet were correctly digitized in the Google Form in PST.
2)	Photograph time stamps are in PDT.
3)	Manta logging was manually turned on upon arrival at the American River site and manually turned off upon departure from the Yakima River at Kiona site. “Time turned on” and “Time turned off” time stamps were not entered on the (meta)data sheet. On May 24, 2021, RC-2 discovered that the time stamps are wrong in log file ""2021-05-06_MANTA_4655L.LOG"": the time stamps are two (2) hours ahead of PST. The missing “Time turned on” time stamp was determined from the American River (meta) data sheet and digitized correctly in PST in the Google Form by subtracting one (1) hour. The missing Time turned off” time stamp was determined from the log file and digitized correctly in PST in the Google Form by subtracting 2 hours from the logged stop time stamp.
4)	BaroTROLL was programmed to log data in 12-hr time from 8:00 AM to 9:00 PM PST. “Time turned on” was correctly manually recorded in PST in the field on the (meta)data sheet, but “Time started” and “Time done” were incorrectly recorded manually in PDT. “Time turned off” was not recorded. The “Time started” and “Time done” time stamps were digitized correctly in PST in the Google Form. The missing “Time turned off” time stamp was determined from the log file, converted to 24-hr time, and correctly digitized in PST on the Google Form.",,"Lupita_Renteria, Aaron_Pelly",11:11,11:12,11:13
6/13/2021 18:33:43,Naches- Craig Road 2,0015,5/6/2021,PST,12:52,NA,66.07,7.97,40.11,11.7,59.57,7.98,39.04,11,60.72,8.07,39.77,9.9,12:55,1.53,3.09,1.49,10.82,13:20,46.72883,-120.713627,16,9:16,12:58,13:20,17:59,03214655L,8:00,12:55,13:20,21:00,801493,12:56,9.8,718.2,107.4,12.17,13:20,9.9,718.2,106.7,12.19,15K100760,"Unable to download spectrolyzer data. Screen stopped working.
Post-field (meta)data sheet corrections (by S. Fulton):
1)	Time zone manually recorded incorrectly in the field on the (meta)data sheet as ""PST"" when it was actually PDT, and all time stamps were manually recorded incorrectly in PDT with very few exceptions (see #4, below). The time zone on the (meta)data sheet has been manually corrected to ""PDT"" and time stamps left ""as is,"" but the time zone and all time stamps on this (meta)data sheet were correctly digitized in the Google Form in PST.
2)	Photograph time stamps are in PDT.
3)	Manta logging was manually turned on upon arrival at the American River site and manually turned off upon departure from the Yakima River at Kiona site. “Time turned on” and “Time turned off” time stamps were not entered on the (meta)data sheet. On May 24, 2021, RC-2 discovered that the time stamps are wrong in log file ""2021-05-06_MANTA_4655L.LOG"": the time stamps are two (2) hours ahead of PST. The missing “Time turned on” time stamp was determined from the American River (meta) data sheet and digitized correctly in PST in the Google Form by subtracting one (1) hour. The missing Time turned off” time stamp was determined from the log file and digitized correctly in PST in the Google Form by subtracting 2 hours from the logged stop time stamp.
4)	BaroTROLL was programmed to log data in 12-hr time from 8:00 AM to 9:00 PM PST. “Time turned on” was correctly manually recorded in PST in the field on the (meta)data sheet, but “Time started” and “Time done” were incorrectly recorded manually in PDT. “Time turned off” was not recorded. The “Time started” and “Time done” time stamps were digitized correctly in PST in the Google Form. The missing “Time turned off” time stamp was determined from the log file, converted to 24-hr time, and correctly digitized in PST on the Google Form.
",,"Lupita_Renteria, Aaron_Pelly",12:59,12:59,12:59
6/13/2021 19:47:29,Union Gap,0016,5/6/2021,PST,15:15,15:48,93.04,7.99,59.71,13.6,92.31,8.03,59.67,13.6,93.07,8.03,59.99,13.5,NA,-9999,-9999,-9999,-9999,NA,46.530559,-120.470658,20,9:16,15:15,15:46,17:59,03214655L,8:00,15:15,15:41,21:00,801493,15:18,12.3,731.2,110.7,11.88,15:42,12.2,731.4,111.1,11.92,15K100760,"No spectrolyzer data. Issue with screen.
Post-field (meta)data sheet corrections (by S. Fulton):
1)	Time zone manually recorded incorrectly in the field on the (meta)data sheet as “PST” when it was actually PDT, and all time stamps were manually recorded incorrectly in PDT . The time zone on the (meta)data sheet has been manually corrected to ""PDT"" and time stamps left ""as is,"" but the time zone and all time stamps on this (meta)data sheet were correctly digitized in the Google Form in PST.
2)	Photograph time stamps are in PDT.
3)	Manta logging was manually turned on upon arrival at the American River site and manually turned off upon departure from the Yakima River at Kiona site. “Time turned on” and “Time turned off” time stamps were not entered on the (meta)data sheet. On May 24, 2021, RC-2 discovered that the time stamps are wrong in log file ""2021-05-06_MANTA_4655L.LOG"": the time stamps are two (2) hours ahead of PST. The missing “Time turned on” time stamp was determined from the American River (meta) data sheet and digitized correctly in PST in the Google Form by subtracting one (1) hour. The missing Time turned off” time stamp was determined from the log file and digitized correctly in PST in the Google Form by subtracting 2 hours from the logged stop time stamp.
4)	BaroTROLL was programmed to log data in 12-hr time from 8:00 AM to 9:00 PM PST. “Time turned on” and “Time turned off” were not recorded on the (meta)data sheet. These missing time stamps were determined from the log file, converted to 24-hr time, and correctly digitized in PST on the Google Form.",,"Lupita_Renteria, Aaron_Pelly",15:44,15:45,15:45
6/13/2021 19:53:48,Mabton,0017,5/6/2021,PST,15:59,16:28,126.3,7.84,80.72,14.6,126.6,7.81,81.56,14.3,126.8,7.81,81.7,14.3,NA,-9999,-9999,-9999,-9999,NA,46.232025,-120.000282,15,9:16,16:00,16:25,17:59,03214655L,8:00,16:00,16:25,21:00,801493,16:03,14.1,740,102.7,10.56,16:25,14.1,740.3,102.5,10.54,15K100760,"No spectrolyzer data. Issues with screen.
Post-field (meta)data sheet corrections (by S. Fulton):
1)	Time zone manually recorded incorrectly in the field on the (meta)data sheet as “PST” when it was actually PDT, and all time stamps were manually recorded incorrectly in PDT . The time zone on the (meta)data sheet has been manually corrected to ""PDT"" and time stamps left ""as is,"" but the time zone and all time stamps on this (meta)data sheet were correctly digitized in the Google Form in PST.
2)	Photograph time stamps are in PDT.
3)	Manta logging was manually turned on upon arrival at the American River site and manually turned off upon departure from the Yakima River at Kiona site. “Time turned on” and “Time turned off” time stamps were not entered on the (meta)data sheet. On May 24, 2021, RC-2 discovered that the time stamps are wrong in log file ""2021-05-06_MANTA_4655L.LOG"": the time stamps are two (2) hours ahead of PST. The missing “Time turned on” time stamp was determined from the American River (meta) data sheet and digitized correctly in PST in the Google Form by subtracting one (1) hour. The missing Time turned off” time stamp was determined from the log file and digitized correctly in PST in the Google Form by subtracting 2 hours from the logged stop time stamp.
4)	BaroTROLL was programmed to log data in 12-hr time from 8:00 AM to 9:00 PM PST. “Time turned on” and “Time turned off” were not recorded on the (meta)data sheet. These missing time stamps were determined from the log file, converted to 24-hr time, and correctly digitized in PST on the Google Form.",,"Lupita_Renteria, Aaron_Pelly",16:22,16:23,16:24
6/13/2021 20:00:40,Kiona,0018,5/6/2021,PST,17:20,17:50,139.2,7.83,89.41,17.1,140.4,7.93,89.99,16.5,140.1,7.93,90.31,16.3,NA,-9999,-9999,-9999,-9999,NA,46.254249,-119.473529,15,9:16,17:25,17:47,17:59,03214655L,8:00,17:25,17:47,21:00,801493,17:26,18.3,745.4,107.5,10.54,17:47,16.3,745.6,106.9,10.48,15K100760,"No spectrolyzer data. Issue with screen.
Post-field (meta)data sheet corrections (by S. Fulton):
1)	Time zone manually recorded incorrectly in the field on the (meta)data sheet as ""PST"" when it was actually PDT, and all time stamps were manually recorded incorrectly in PDT with very few exceptions (see #4, below). The time zone on the (meta)data sheet has been manually corrected to ""PDT"" and time stamps left ""as is,"" but the time zone and all time stamps on this (meta)data sheet were correctly digitized in the Google Form in PST.
2)	Photograph time stamps are in PDT.
3)	Manta logging was manually turned on upon arrival at the American River site and manually turned off upon departure from the Yakima River at Kiona site. “Time turned on” and “Time turned off” time stamps were not entered on the (meta)data sheet. On May 24, 2021, RC-2 discovered that the time stamps are wrong in log file ""2021-05-06_MANTA_4655L.LOG"": the time stamps are two (2) hours ahead of PST. Missing “Time turned on” and “Time turned off” time stamps were determined from the American River (meta) data sheet and the log file, respectively, and digitized correctly in PST in the Google Form by subtracting 2 hours from the logged start/stop time stamps.
4)	BaroTROLL was programmed to log data in 12-hr time from 8:00 AM to 9:00 PM PST. “Time turned on” was correctly manually recorded in PST in the field on the (meta)data sheet, but “Time started” and “Time done” were incorrectly recorded manually in PDT. “Time turned off” was not recorded. The “Time started” and “Time done” time stamps were digitized correctly in PST in the Google Form. The missing “Time turned off” time stamp was determined from the log file, converted to 24-hr time, and correctly digitized in PST on the Google Form.",,"Lupita_Renteria, Aaron_Pelly",17:29,17:29,17:29
6/13/2021 20:18:11,American River,0007,4/28/2021,PST,9:52,10:57,53.85,8.06,35.83,4.9,54.31,7.93,35.57,4.1,54.23,7.92,36.22,4.6,10:09,0.37,1.53,0.82,5.43,10:40,46.977587,-121.168384,14,9:57,10:01,10:54,17:58,03214653L,7:02,10:03,10:54,17:02,801493,10:24,4.7,695.3,96.4,12.4,10:43,4.6,695.3,96.8,12.48,15K100760,"YSI used instead of minidot.
Post-field (meta)data sheet corrections (by S. Fulton):
1)	Time zone manually recorded incorrectly in the field on the (meta)data sheet as ""PST"" when it was actually PDT, and all time stamps were manually recorded incorrectly in PDT with very few exceptions (see #4, below). The time zone on the (meta)data sheet has been manually corrected to ""PDT"" and time stamps left ""as is,"" but the time zone and all time stamps on this (meta)data sheet were correctly digitized in the Google Form in PST.
2)	Photograph time stamps are in PDT.
3)	Manta logging was manually turned on upon arrival at the American River site and manually turned off upon departure from the Yakima River at Kiona site. On May 24, 2021, RC-2 discovered that the time stamps are wrong in log file ""2021-04-28_MANTA_4653L.LOG"": the time stamps are one (1) hour ahead of PST. The correct “Time turned on” and “Time turned off” time stamps were digitized correctly in PST in the Google Form by subtracting 1 hour from the logged start/stop time stamps.
4)	BaroTROLL was programmed to log data in 12-hr time from 10:00 AM to 8:00 PM PST (10 hrs), and the “Time turned on” time stamp was manually recorded in PST on the (meta)data sheets in the field. “Time turned off” time stamp was not entered on the (meta)data sheet. However, on June 1, 2021, RC-2 discovered that logging had been started manually in error. As a result, the logged data only covers the 10-hr time frame from 07:02 AM to 05:02 PM, which doesn’t cover the entire sampling event. The correct “Time turned on” and “Time turned off” time stamps were determined from the log file, converted to 24-hr time, and correctly digitized in PST on the Google Form.",,"Stephanie_Fulton, Lupita_Renteria",10:20,10:21,10:22
6/13/2021 20:25:04,Little Naches,0008,4/28/2021,PST,11:20,11:51,55.55,7.97,36.72,5.5,55.01,7.8,37.09,5,55.51,7.78,37.03,4.9,11:24,0.83,3.01,1.91,5.74,11:48,46.988794,-121.098129,15,9:57,11:24,11:38,17:58,03214653L,7:02,11:24,11:48,17:02,801493,NA,4.7,700.7,97.6,12.57,NA,4.9,700.5,97.9,12.54,15K100760,"YSI used instead of minidot.
Post-field (meta)data sheet corrections (by S. Fulton):
1)	Time zone manually recorded incorrectly in the field on the (meta)data sheet as ""PST"" when it was actually PDT, and all time stamps were manually recorded incorrectly in PDT with very few exceptions (see #4, below). The time zone on the (meta)data sheet has been manually corrected to ""PDT"" and time stamps left ""as is,"" but the time zone and all time stamps on this (meta)data sheet were correctly digitized in the Google Form in PST.
2)	Photograph time stamps are in PDT.
3)	Manta logging was manually turned on upon arrival at the American River site and manually turned off upon departure from the Yakima River at Kiona site. On May 24, 2021, RC-2 discovered that the time stamps are wrong in log file ""2021-04-28_MANTA_4653L.LOG"": the time stamps are one (1) hour ahead of PST. The correct “Time turned on” and “Time turned off” time stamps were digitized correctly in PST in the Google Form by subtracting 1 hour from the logged start/stop time stamps.
4)	BaroTROLL was programmed to log data in 12-hr time from 10:00 AM to 8:00 PM PST (10 hrs), and the “Time turned on” time stamp was manually recorded in PST on the (meta)data sheets in the field. “Time turned off” time stamp was not entered on the (meta)data sheet. However, on June 1, 2021, RC-2 discovered that logging had been started manually in error. As a result, the logged data only covers the 10-hr time frame from 07:02 AM to 05:02 PM, which doesn’t cover the entire sampling event. The correct “Time turned on” and “Time turned off” time stamps were determined from the log file, converted to 24-hr time, and correctly digitized in PST on the Google Form.",,"Stephanie_Fulton, Lupita_Renteria",11:31,11:34,11:37
6/13/2021 20:31:56,Naches- Craig Road 2,0009,4/28/2021,PST,13:05,13:32,65.41,8.02,43.5,8.9,65.32,8.1,43.15,8.3,65.17,8.01,43.01,8.2,13:11,0.53,2.93,1.63,8.82,13:28,46.728849,-120.713589,16,9:57,13:11,13:27,17:58,03214653L,7:02,13:09,13:28,17:02,801493,NA,8.3,727.6,103.1,12.24,NA,7.9,727.6,104.8,12.45,15K100760,"YSI used intead of minidot.
Post-field (meta)data sheet corrections (by S. Fulton):
1)	Time zone manually recorded incorrectly in the field on the (meta)data sheet as ""PST"" when it was actually PDT, and all time stamps were manually recorded incorrectly in PDT with very few exceptions (see #4, below). The time zone on the (meta)data sheet has been manually corrected to ""PDT"" and time stamps left ""as is,"" but the time zone and all time stamps on this (meta)data sheet were correctly digitized in the Google Form in PST.
2)	Photograph time stamps are in PDT.
3)	Manta logging was manually turned on upon arrival at the American River site and manually turned off upon departure from the Yakima River at Kiona site. On May 24, 2021, RC-2 discovered that the time stamps are wrong in log file ""2021-04-28_MANTA_4653L.LOG"": the time stamps are one (1) hour ahead of PST. The correct “Time turned on” and “Time turned off” time stamps were digitized correctly in PST in the Google Form by subtracting 1 hour from the logged start/stop time stamps.
4)	BaroTROLL was programmed to log data in 12-hr time from 10:00 AM to 8:00 PM PST (10 hrs), and the “Time turned on” time stamp was manually recorded in PST on the (meta)data sheets in the field. “Time turned off” time stamp was not entered on the (meta)data sheet. However, on June 1, 2021, RC-2 discovered that logging had been started manually in error. As a result, the logged data only covers the 10-hr time frame from 07:02 AM to 05:02 PM, which doesn’t cover the entire sampling event. The correct “Time turned on” and “Time turned off” time stamps were determined from the log file, converted to 24-hr time, and correctly digitized in PST on the Google Form.",,"Stephanie_Fulton, Lupita_Renteria",13:22,13:24,13:25
6/13/2021 20:37:42,Union Gap,0010,4/28/2021,PST,14:22,14:55,94.45,8.02,60.9,12.6,92.92,8.01,60.47,11.1,93.4,8,60.93,11.2,14:30,0.73,3.03,1.63,11.59,14:49,46.530571,-120.470627,16,9:57,14:28,14:52,17:58,03214653L,7:02,14:22,14:52,17:02,801493,NA,11,741.3,108.5,11.97,NA,10.9,741.1,108.2,11.96,15K100760,"YSI used instead of minidot.
Post-field (meta)data sheet corrections (by S. Fulton):
1)	Time zone manually recorded incorrectly in the field on the (meta)data sheet as ""PST"" when it was actually PDT, and all time stamps were manually recorded incorrectly in PDT with very few exceptions (see #4, below). The time zone on the (meta)data sheet has been manually corrected to ""PDT"" and time stamps left ""as is,"" but the time zone and all time stamps on this (meta)data sheet were correctly digitized in the Google Form in PST.
2)	Photograph time stamps are in PDT.
3)	Manta logging was manually turned on upon arrival at the American River site and manually turned off upon departure from the Yakima River at Kiona site. On May 24, 2021, RC-2 discovered that the time stamps are wrong in log file ""2021-04-28_MANTA_4653L.LOG"": the time stamps are one (1) hour ahead of PST. The correct “Time turned on” and “Time turned off” time stamps were digitized correctly in PST in the Google Form by subtracting 1 hour from the logged start/stop time stamps.
4)	BaroTROLL was programmed to log data in 12-hr time from 10:00 AM to 8:00 PM PST (10 hrs), and the “Time turned on” time stamp was manually recorded in PST on the (meta)data sheets in the field. “Time turned off” time stamp was not entered on the (meta)data sheet. However, on June 1, 2021, RC-2 discovered that logging had been started manually in error. As a result, the logged data only covers the 10-hr time frame from 07:02 AM to 05:02 PM, which doesn’t cover the entire sampling event. The correct “Time turned on” and “Time turned off” time stamps were determined from the log file, converted to 24-hr time, and correctly digitized in PST on the Google Form.",,"Stephanie_Fulton, Lupita_Renteria",14:46,14:47,14:48
6/13/2021 20:45:05,Mabton,0011,4/28/2021,PST,16:00,16:30,125.1,7.92,80.36,13.7,125.3,7.86,81.01,13.2,125.7,7.83,81.56,13.1,16:02,1.07,3.73,1.85,13.98,16:28,46.232042,-120.000263,16,9:57,16:14,16:25,17:58,03214653L,7:02,16:04,16:29,17:02,801493,NA,13,748.4,100.9,10.63,NA,13,748.4,109,10.64,15K100760,"YSI used instead of minidot.
Post-field (meta)data sheet corrections (by S. Fulton):
1)	Time zone manually recorded incorrectly in the field on the (meta)data sheet as ""PST"" when it was actually PDT, and all time stamps were manually recorded incorrectly in PDT with very few exceptions (see #4, below). The time zone on the (meta)data sheet has been manually corrected to ""PDT"" and time stamps left ""as is,"" but the time zone and all time stamps on this (meta)data sheet were correctly digitized in the Google Form in PST.
2)	Photograph time stamps are in PDT.
3)	Manta logging was manually turned on upon arrival at the American River site and manually turned off upon departure from the Yakima River at Kiona site. On May 24, 2021, RC-2 discovered that the time stamps are wrong in log file ""2021-04-28_MANTA_4653L.LOG"": the time stamps are one (1) hour ahead of PST. The correct “Time turned on” and “Time turned off” time stamps were digitized correctly in PST in the Google Form by subtracting 1 hour from the logged start/stop time stamps.
4)	BaroTROLL was programmed to log data in 12-hr time from 10:00 AM to 8:00 PM PST (10 hrs), and the “Time turned on” time stamp was manually recorded in PST on the (meta)data sheets in the field. “Time turned off” time stamp was not entered on the (meta)data sheet. However, on June 1, 2021, RC-2 discovered that logging had been started manually in error. As a result, the logged data only covers the 10-hr time frame from 07:02 AM to 05:02 PM, which doesn’t cover the entire sampling event. The correct “Time turned on” and “Time turned off” time stamps were determined from the log file, converted to 24-hr time, and correctly digitized in PST on the Google Form.",,"Stephanie_Fulton, Lupita_Renteria",16:06,16:06,16:07
6/13/2021 20:51:39,Kiona,0012,4/28/2021,PST,17:30,18:00,136.6,7.97,87.79,15.5,135.1,7.97,88.5,15,137,7.93,88.52,14.9,17:34,1.23,4.24,1.92,15.45,17:52,46.254185,-119.473584,16,9:57,17:31,17:56,17:58,03214653L,7:02,17:31,17:52,17:02,801493,NA,15,753.2,105.5,10.67,NA,14.9,753.3,105.3,10.64,15K100760,"YSI used instead of minidot.
Post-field (meta)data sheet corrections (by S. Fulton):
1)	Time zone manually recorded incorrectly in the field on the (meta)data sheet as ""PST"" when it was actually PDT, and all time stamps were manually recorded incorrectly in PDT with very few exceptions (see #4, below). The time zone on the (meta)data sheet has been manually corrected to ""PDT"" and time stamps left ""as is,"" but the time zone and all time stamps on this (meta)data sheet were correctly digitized in the Google Form in PST.
2)	Photograph time stamps are in PDT.
3)	Manta logging was manually turned on upon arrival at the American River site and manually turned off upon departure from the Yakima River at Kiona site. On May 24, 2021, RC-2 discovered that the time stamps are wrong in log file ""2021-04-28_MANTA_4653L.LOG"": the time stamps are one (1) hour ahead of PST. The correct “Time turned on” and “Time turned off” time stamps were digitized correctly in PST in the Google Form by subtracting 1 hour from the logged start/stop time stamps.
4)	BaroTROLL was programmed to log data in 12-hr time from 10:00 AM to 8:00 PM PST (10 hrs), and the “Time turned on” time stamp was manually recorded in PST on the (meta)data sheets in the field. “Time turned off” time stamp was not entered on the (meta)data sheet. However, on June 1, 2021, RC-2 discovered that logging had been started manually in error. As a result, the logged data only covers the 10-hr time frame from 07:02 AM to 05:02 PM, which doesn’t cover the entire sampling event. The correct “Time turned on” and “Time turned off” time stamps were determined from the log file, converted to 24-hr time, and correctly digitized in PST on the Google Form.",,"Stephanie_Fulton, Lupita_Renteria",17:41,17:42,17:43
6/13/2021 21:35:02,American River,0001,4/20/2021,PST,10:00,11:11,57.07,8.47,-9999,4.3,56.17,8.36,-9999,4.3,55.96,8.26,-9999,4.3,10:24,0.54,1.94,1.02,5.43,11:04,46.977668,-121.168495,33,10:19,10:24,11:02,11:05,03214653L,0:50,10:13,11:05,23:59,801493,NA,-9999,-9999,-9999,-9999,NA,-9999,-9999,-9999,-9999,15K100760,"Post-field (meta)data sheet corrections (by S. Fulton):
1)	Time zone manually recorded incorrectly in the field on the (meta)data sheet as ""PST"" when it was actually PDT, and all time stamps were manually recorded incorrectly in PDT with very few exceptions (see #6, below). The time zone on the (meta)data sheet has been manually corrected to ""PDT"" and time stamps left ""as is,"" but the time zone and all time stamps on this (meta)data sheet were correctly digitized in the Google Form in PST.
2)	Photograph time stamps are in PDT.
3)	Did not collect Ultrameter TDS data.
4)	MiniDOT sensors were used to collect DO data. As of 2021/06/13, the data was not entered in the Google Form due to the lack of data fields for the miniDOT.
5)	Manta logging was manually turned on and off upon arrival and departure from the site, respectively. On May 24, 2021, RC-2 discovered that the time stamps are wrong in log file ""2021-04-20_to 2021-04-21_MANTA_4653L.LOG"": the time stamps are one (1) hour ahead of PST. All Manta time stamps recorded manually on the (meta)data sheet in the field were digitized correctly in PST in the Google Form.
6)	BaroTROLL was programmed to log data in 12-hr time from 08:00 AM PST on 2021/04/20 to 8:00 PM PST on 2021/04/21 (36 hrs). “Time turned on” was correctly manually recorded in PST in the field on the (meta)data sheet, but “Time started” and “Time done” were incorrectly recorded manually in PDT. “Time turned off” was not recorded. The “Time started” and “Time done” time stamps were digitized correctly in PST in the Google Form. The missing “Time turned off” time stamp was determined from the log file, converted to 24-hr time, and correctly digitized in PST on the Google Form. However, on June 1, 2021, RC-2 discovered that logging had been started manually in error. As a result, the logged data only covers the 36-hr time frame from 12:50 AM PST (0:50 in 24-hr time) on 2021/04/20 to 12:50 PM PST on 2021/04/21, which doesn’t cover the entire sampling event on 2021/04/21. Also, due to the lack of a date field for “Time turned on” and “Time turned off” time stamps, 11:59 PM on 2021/04/20 was used as the “Time turned off” time stamp, was converted to 24-hr time, and correctly digitized in the Google Form.",,"Stephanie_Fulton, Lupita_Renteria",10:33,10:36,10:37
6/13/2021 21:41:01,Little Naches,0002,4/20/2021,PST,11:20,12:30,55.47,7.95,-9999,5.1,55.41,8,-9999,4.9,55.34,7.96,-9999,4.9,11:54,1.03,4.15,2.44,5.74,12:10,46.988977,-121.098087,15,11:52,11:56,12:26,12:29,03214653L,0:50,11:50,12:26,23:59,801493,NA,-9999,-9999,-9999,-9999,NA,-9999,-9999,-9999,-9999,15K100760,"Post-field (meta)data sheet corrections (by S. Fulton):
1)	Time zone manually recorded incorrectly in the field on the (meta)data sheet as ""PST"" when it was actually PDT, and all time stamps were manually recorded incorrectly in PDT with very few exceptions (see #6, below). The time zone on the (meta)data sheet has been manually corrected to ""PDT"" and time stamps left ""as is,"" but the time zone and all time stamps on this (meta)data sheet were correctly digitized in the Google Form in PST.
2)	Photograph time stamps are in PDT.
3)	Did not collect Ultrameter TDS data.
4)	MiniDOT sensors were used to collect DO data. As of 2021/06/13, the data was not entered in the Google Form due to the lack of data fields for the miniDOT.
5)	Manta logging was manually turned on and off upon arrival and departure from the site, respectively. On May 24, 2021, RC-2 discovered that the time stamps are wrong in log file ""2021-04-20_to 2021-04-21_MANTA_4653L.LOG"": the time stamps are one (1) hour ahead of PST. All Manta time stamps recorded manually on the (meta)data sheet in the field were digitized correctly in PST in the Google Form.
6)	BaroTROLL was programmed to log data in 12-hr time from 08:00 AM PST on 2021/04/20 to 8:00 PM PST on 2021/04/21 (36 hrs). “Time turned on” was correctly manually recorded in PST in the field on the (meta)data sheet, but “Time started” and “Time done” were incorrectly recorded manually in PDT. “Time turned off” was not recorded. The “Time started” and “Time done” time stamps were digitized correctly in PST in the Google Form. The missing “Time turned off” time stamp was determined from the log file, converted to 24-hr time, and correctly digitized in PST on the Google Form. However, on June 1, 2021, RC-2 discovered that logging had been started manually in error. As a result, the logged data only covers the 36-hr time frame from 12:50 AM PST (0:50 in 24-hr time) on 2021/04/20 to 12:50 PM PST on 2021/04/21, which doesn’t cover the entire sampling event on 2021/04/21. Also, due to the lack of a date field for “Time turned on” and “Time turned off” time stamps, 11:59 PM on 2021/04/20 was used as the “Time turned off” time stamp, was converted to 24-hr time, and correctly digitized in the Google Form.",,"Stephanie_Fulton, Lupita_Renteria",12:14,12:15,12:16
6/13/2021 21:47:20,Naches- Craig Road 1,0003,4/20/2021,PST,13:20,14:18,64.2,7.98,-9999,8,64.1,7.98,-9999,7.9,64.32,7.97,-9999,7.8,13:48,0.78,4,2.18,9.59,14:06,46.72398,-120.700895,15,13:37,13:40,14:14,14:18,03214653L,0:50,13:37,14:13,23:59,801493,NA,-9999,-9999,-9999,-9999,NA,-9999,-9999,-9999,-9999,15K100760,"Post-field (meta)data sheet corrections (by S. Fulton):
1)	Time zone manually recorded incorrectly in the field on the (meta)data sheet as ""PST"" when it was actually PDT, and all time stamps were manually recorded incorrectly in PDT with very few exceptions (see #6, below). The time zone on the (meta)data sheet has been manually corrected to ""PDT"" and time stamps left ""as is,"" but the time zone and all time stamps on this (meta)data sheet were correctly digitized in the Google Form in PST.
2)	Photograph time stamps are in PDT.
3)	Did not collect Ultrameter TDS data.
4)	MiniDOT sensors were used to collect DO data. As of 2021/06/13, the data was not entered in the Google Form due to the lack of data fields for the miniDOT.
5)	Manta logging was manually turned on and off upon arrival and departure from the site, respectively. On May 24, 2021, RC-2 discovered that the time stamps are wrong in log file ""2021-04-20_to 2021-04-21_MANTA_4653L.LOG"": the time stamps are one (1) hour ahead of PST. All Manta time stamps recorded manually on the (meta)data sheet in the field were digitized correctly in PST in the Google Form.
6)	BaroTROLL was programmed to log data in 12-hr time from 08:00 AM PST on 2021/04/20 to 8:00 PM PST on 2021/04/21 (36 hrs). “Time turned on” was correctly manually recorded in PST in the field on the (meta)data sheet, but “Time started” and “Time done” were incorrectly recorded manually in PDT. “Time turned off” was not recorded. The “Time started” and “Time done” time stamps were digitized correctly in PST in the Google Form. The missing “Time turned off” time stamp was determined from the log file, converted to 24-hr time, and correctly digitized in PST on the Google Form. However, on June 1, 2021, RC-2 discovered that logging had been started manually in error. As a result, the logged data only covers the 36-hr time frame from 12:50 AM PST (0:50 in 24-hr time) on 2021/04/20 to 12:50 PM PST on 2021/04/21, which doesn’t cover the entire sampling event on 2021/04/21. Also, due to the lack of a date field for “Time turned on” and “Time turned off” time stamps, 11:59 PM on 2021/04/20 was used as the “Time turned off” time stamp, converted to 24-hr time, and correctly digitized in the Google Form.",,"Stephanie_Fulton, Lupita_Renteria",14:12,14:12,14:13
6/14/2021 12:39:15,Union Gap,0004,4/21/2021,PST,8:00,9:11,89.97,8.1,-9999,8.3,89.92,8.01,-9999,7.9,88.9,7.95,-9999,7.8,8:37,0.74,4.56,1.99,8.43,8:59,46.530481,-120.470732,16,8:31,8:33,9:05,9:08,03214653L,0:00,8:36,9:07,12:50,801493,NA,-9999,-9999,-9999,-9999,NA,-9999,-9999,-9999,-9999,15K100760,"Post-field (meta)data sheet corrections (by S. Fulton):
1)	Time zone manually recorded incorrectly in the field on the (meta)data sheet as ""PST"" when it was actually PDT, therefore all time stamps were manually recorded incorrectly in PDT with very few exceptions (see #6, below). The time zone on the (meta)data sheet has been manually corrected to ""PDT"" and time stamps left ""as is,"" but the time zone and all time stamps on this (meta)data sheet were correctly digitized in the Google Form in PST.
2)	Photograph time stamps are in PDT. 
3)	Did not collect Ultrameter TDS data.
4)	MiniDOT sensors were used to collect DO data instead of the YSI. As of 2021/06/14, the data was not entered in the Google Form due to the lack of data fields for the miniDOT. No YSI data available 2021/04/21.
5)	Manta logging was manually turned on and off upon arrival and departure from the site, respectively. On May 24, 2021, RC-2 discovered that the time stamps are wrong in log file ""2021-04-20_to 2021-04-21_MANTA_4653L.LOG"": the time stamps are one (1) hour ahead of PST. All Manta time stamps recorded manually on the (meta)data sheet in the field were digitized correctly in PST in the Google Form.
6)	BaroTROLL was programmed to log data in 12-hr time from 08:00 AM PST on 2021/04/20 to 8:00 PM PST on 2021/04/21 (36 hrs). “Time turned on” was correctly manually recorded in PST in the field on the (meta)data sheet, but “Time started” and “Time done” were incorrectly recorded manually in PDT. “Time turned off” was not recorded. The “Time started” and “Time done” time stamps were digitized correctly in PST in the Google Form. The missing “Time turned off” time stamp was determined from the log file, converted to 24-hr time, and correctly digitized in PST on the Google Form. However, on June 1, 2021, RC-2 discovered that logging had been started manually in error. As a result, the logged data only covers the 36-hr time frame from 12:50 AM PST (0:50 in 24-hr time) on 2021/04/20 to 12:50 PM PST on 2021/04/21, which doesn’t cover the entire sampling event on 2021/04/21. Also, due to the lack of a date field for “Time turned on” and “Time turned off” time stamps, 12:00 AM on 2021/04/21 was used as the “Time turned on” time stamp, converted to 24-hr time, and correctly digitized in the Google Form.",,"Stephanie_Fulton, Lupita_Renteria",8:48,8:50,8:51
6/14/2021 12:44:23,Mabton,0005,4/21/2021,PST,10:58,12:04,108.2,7.77,-9999,13.1,110,7.88,-9999,12.3,110,7.87,-9999,11.6,NA,-9999,-9999,-9999,-9999,NA,46.232063,-120.000211,17,11:13,11:23,11:56,12:00,03214653L,0:00,11:23,11:56,12:50,801493,NA,-9999,-9999,-9999,-9999,NA,-9999,-9999,-9999,-9999,15K100760,"Battery for spectrolyzer died (no data collected).
Samples for OCN, ICR, anions were collected fro ma 5-gal bucket.
Post-field (meta)data sheet corrections (by S. Fulton):
1)	Time zone manually recorded incorrectly in the field on the (meta)data sheet as ""PST"" when it was actually PDT, therefore all time stamps were manually recorded incorrectly in PDT with very few exceptions (see #6, below). The time zone on the (meta)data sheet has been manually corrected to ""PDT"" and time stamps left ""as is,"" but the time zone and all time stamps on this (meta)data sheet were correctly digitized in the Google Form in PST.
2)	Photograph time stamps are in PDT. 
3)	Did not collect Ultrameter TDS data.
4)	MiniDOT sensors were used to collect DO data instead of the YSI. As of 2021/06/14, the data was not entered in the Google Form due to the lack of data fields for the miniDOT. No YSI data available 2021/04/21.
5)	Manta logging was manually turned on and off upon arrival and departure from the site, respectively. On May 24, 2021, RC-2 discovered that the time stamps are wrong in log file ""2021-04-20_to 2021-04-21_MANTA_4653L.LOG"": the time stamps are one (1) hour ahead of PST. All Manta time stamps recorded manually on the (meta)data sheet in the field were digitized correctly in PST in the Google Form.
6)	BaroTROLL was programmed to log data in 12-hr time from 08:00 AM PST on 2021/04/20 to 8:00 PM PST on 2021/04/21 (36 hrs). “Time turned on” was correctly manually recorded in PST in the field on the (meta)data sheet, but “Time started” and “Time done” were incorrectly recorded manually in PDT. “Time turned off” was not recorded. The “Time started” and “Time done” time stamps were digitized correctly in PST in the Google Form. The missing “Time turned off” time stamp was determined from the log file, converted to 24-hr time, and correctly digitized in PST on the Google Form. However, on June 1, 2021, RC-2 discovered that logging had been started manually in error. As a result, the logged data only covers the 36-hr time frame from 12:50 AM PST (0:50 in 24-hr time) on 2021/04/20 to 12:50 PM PST on 2021/04/21, which doesn’t cover the entire sampling event on 2021/04/21. Also, due to the lack of a date field for “Time turned on” and “Time turned off” time stamps, 12:00 AM on 2021/04/21 was used as the “Time turned on” time stamp, converted to 24-hr time, and correctly digitized in the Google Form.",,"Stephanie_Fulton, Lupita_Renteria",12:01,12:02,12:02
6/14/2021 13:06:39,Kiona,0006,4/21/2021,PST,14:51,15:41,116.5,7.95,-9999,13.9,116.9,7.84,-9999,13.4,116.1,7.75,-9999,13.4,NA,-9999,-9999,-9999,-9999,NA,46.254243,-119.473552,16,14:53,15:04,15:38,15:39,03214653L,0:00,15:04,15:39,12:50,801493,NA,-9999,-9999,-9999,-9999,NA,-9999,-9999,-9999,-9999,15K100760,"No spectrolyzer data because battery died at Mabton site.
Post-field (meta)data sheet corrections (by S. Fulton):
1)	Time zone manually recorded incorrectly in the field on the (meta)data sheet as ""PST"" when it was actually PDT, therefore all time stamps were manually recorded incorrectly in PDT with very few exceptions (see #6, below). The time zone on the (meta)data sheet has been manually corrected to ""PDT"" and time stamps left ""as is,"" but the time zone and all time stamps on this (meta)data sheet were correctly digitized in the Google Form in PST.
2)	Photograph time stamps are in PDT. 
3)	Did not collect Ultrameter TDS data.
4)	MiniDOT sensors were used to collect DO data instead of the YSI. As of 2021/06/14, the data was not entered in the Google Form due to the lack of data fields for the miniDOT. No YSI data available 2021/04/21.
5)	Manta logging was manually turned on and off upon arrival and departure from the site, respectively. On May 24, 2021, RC-2 discovered that the time stamps are wrong in log file ""2021-04-20_to 2021-04-21_MANTA_4653L.LOG"": the time stamps are one (1) hour ahead of PST. All Manta time stamps recorded manually on the (meta)data sheet in the field were digitized correctly in PST in the Google Form.
6)	BaroTROLL was programmed to log data in 12-hr time from 08:00 AM PST on 2021/04/20 to 8:00 PM PST on 2021/04/21 (36 hrs). “Time turned on” was correctly manually recorded in PST in the field on the (meta)data sheet, but “Time started” and “Time done” were incorrectly recorded manually in PDT. “Time turned off” was not recorded. The “Time started” and “Time done” time stamps were digitized correctly in PST in the Google Form. The missing “Time turned off” time stamp was determined from the log file, converted to 24-hr time, and correctly digitized in PST on the Google Form. However, on June 1, 2021, RC-2 discovered that logging had been started manually in error. As a result, the logged data only covers the 36-hr time frame from 12:50 AM PST (0:50 in 24-hr time) on 2021/04/20 to 12:50 PM PST on 2021/04/21, which doesn’t cover the entire sampling event on 2021/04/21. Also, due to the lack of a date field for “Time turned on” and “Time turned off” time stamps, 12:00 AM on 2021/04/21 was used as the “Time turned on” time stamp, converted to 24-hr time, and correctly digitized in the Google Form.
",,"Stephanie_Fulton, Lupita_Renteria",15:14,15:16,15:18
6/21/2021 15:05:06,Mabton,0049,6/17/2021,PST,7:48,8:35,121.7,8.19,77.78,18,121.9,8.2,78.19,17.8,121.8,8.21,78.18,17.7,8:15,1.09,3.5,1.64,18.23,8:26,46.232034,-120.000276,17,7:36,8:00,8:29,18:25,03214659L,7:30,7:48,8:26,21:00,801493,8:00,18.2,748,18.1,11.16,8:18,17.7,747.9,117.8,11.22,15K100760,"Had to restart spectrolyzer - ""sensor not connected.""
Water very still near bank where samples collected.
1st deployment of new collar and pin tripod arm.
Note: vial # sequence out of order since we sampled Mabton 1st.",,"Stephanie_Fulton, Lupita_Renteria",8:06,8:06,8:07
6/21/2021 15:12:36,American River,0050,6/17/2021,PST,10:40,11:24,37.95,7.84,24.91,7.9,37.89,7.78,24.88,7.7,37.97,7.77,24.97,7.5,11:12,0.29,1.76,0.91,8.43,11:22,46.977732,-121.168455,15,7:36,10:46,11:11,18:25,03214659L,7:30,10:41,11:07,21:00,801493,10:43,7.5,692.6,101.9,12.25,10:59,7.4,692.5,102.2,12.26,15K100760,"Manta deployed alone ~6' from the bank; YSI and spectrolyzer deployed from the bank.
Clear, running fast, but less discharge than last week.
Had to restart spectrolyzer again (not connected)-->and then a second time when we touched the screen. Not sure why spectrolyzer keeps disconnecting but may be because we're waking the screen up too close to the ""Digital Input"" and ""Iselyzer"" icons so computer stops measuring and goes looking for another probe?
Note: vial IDs are off by one number from the ususal sequence since Mabton sampled first due to heat/low discharge.",,"Stephanie_Fulton, Lupita_Renteria",10:49,10:49,10:50
6/21/2021 15:22:18,Little Naches,0051,6/17/2021,PST,11:39,12:12,53.2,7.92,34.39,11.3,53.11,7.92,34.52,11.1,53.16,7.92,34.63,11.2,11:40,0.52,2.28,1.26,12.4,12:06,46.989174,-121.098598,17,7:36,11:48,12:11,18:25,03214659L,7:30,11:42,12:09,21:00,801493,11:43,11.4,697.9,106.4,11.71,12:05,11.2,697.8,107.3,11.76,15K100760,"(Steph) Fell in while deploying Manta so not sure of ""Time in water.""
River running clear and ~25' wide, max 4-4.5' deep.
Clear, sunny, and warm.
Forgot barotroll at site but went back to retrieve it after Naches.
Note: vial IDs are off by one number from the ususal sequence since Mabton sampled first due to heat/low discharge.",,"Stephanie_Fulton, Lupita_Renteria",11:53,11:54,11:54
6/21/2021 15:29:17,Naches- Craig Road 1,0052,6/17/2021,PST,13:04,13:35,54.31,7.88,34.73,14.5,54.42,7.9,34.68,14.3,54.38,7.89,35.07,14.1,13:13,0.36,2.23,1.13,14.6,13:31,46.728816,-120.713707,14,7:36,13:06,13:30,18:25,03214659L,NA,NA,NA,NA,801493,13:10,14.3,724,109,11.18,13:25,14.1,723.8,109.5,11.25,15K100760,"Forgot barotroll at Little Naches (hence no data) - headed back to get it when we leave Naches.
Note: vial IDs are off by one number from the ususal sequence since Mabton sampled first due to heat/low discharge.",,"Stephanie_Fulton, Lupita_Renteria",13:16,13:16,13:17
6/21/2021 15:38:11,Union Gap,0053,6/17/2021,PST,15:40,16:20,82.2,8.17,52.77,17.7,82.58,8.17,52.71,17.4,82.49,8.18,52.83,17.2,15:50,0.65,2.72,1.39,17.84,16:11,46.530807,-120.47037,16,7:36,15:51,16:18,18:25,03214659L,7:30,15:41,16:17,21:00,801493,15:52,17.2,736.5,118.1,11.37,16:11,17.1,736.4,117.9,11.38,15K100760,"Took a while to deploy Manta on tripod in swift current; YSI and spectrolyzer deployed directly from boat ramp.
Note: vial IDs are off by one number from the ususal sequence since Mabton sampled first due to heat/low discharge.",,"Stephanie_Fulton, Lupita_Renteria",16:01,16:02,16:03
6/21/2021 15:47:11,Kiona,0054,6/17/2021,PST,17:45,18:25,137.1,8.63,86.81,21.4,137,8.66,86.93,20.8,136.8,8.66,86.98,20.8,17:50,1.22,3.52,1.7,20.92,18:17,46.254432,-119.473571,17,7:36,18:00,18:20,18:25,03214659L,7:30,17:47,18:22,21:00,801493,17:53,21.5,748.3,127.3,11.3,18:12,20.6,748.3,128.4,11.54,15K100760,"Deployed Manta directly from bank immediately upstream of sampling location due to steep, soft bank. Sensors were submerged in deeper water where bank drops suddenly.
Note: vial IDs are off by one number from the ususal sequence since Mabton sampled first due to heat/low discharge.",,"Stephanie_Fulton, Lupita_Renteria",18:03,18:04,18:05
6/28/2021 15:01:42,American River,0055,6/24/2021,PST,14:54,15:25,35.35,7.9,22.91,11.9,35.28,7.78,22.83,11.8,35.31,7.71,22.86,11.8,14:58,0.31,2.05,0.99,12.75,15:15,46.977753,-121.168393,14,7:15,14:55,15:20,15:22,03214659L,7:00,14:55,15:18,21:00,801493,14:56,12.3,689,101.3,10.87,15:13,11.8,689.1,102,11.04,15K100760,"River relatively low, channel narrowed to ~25' width, rapids still run through middle of the channel.",,"Stephanie_Fulton, Lupita_Renteria",15:00,15:01,15:01
6/28/2021 15:08:18,Little Naches,0056,6/24/2021,PST,14:03,14:34,57.81,8.04,36.96,16.2,57.7,8.06,37.08,16.2,57.68,8.05,37.08,16.2,14:07,0.48,2.28,1.19,16.84,14:29,46.989095,-121.098612,18,7:15,14:06,14:32,15:22,03214659L,7:00,14:07,14:34,21:00,801493,14:10,16.1,694.5,107.3,10.57,14:28,16.2,694.5,107.2,10.54,15K100760,River has receded substantially! Channel currently only 15-20' wide in most places. Temps have tripled since sampling began in April 2021.,,"Stephanie_Fulton, Lupita_Renteria",14:15,14:15,14:16
6/28/2021 15:16:52,Naches- Craig Road 2,0057,6/24/2021,PST,12:30,13:07,51.74,7.82,33.04,16.4,51.76,7.82,33.23,16.3,51.79,7.81,33.16,16.4,12:39,0.37,2.3,1.14,16.68,13:01,46.728796,-120.713834,16,7:15,12:35,13:05,15:22,03214659L,7:00,12:40,13:05,21:00,801493,12:40,16.2,720.6,108.9,10.71,13:02,16.4,720.6,109,10.67,15K100760,Moved upstream ~75' due to fishermen.,,"Stephanie_Fulton, Lupita_Renteria",12:48,12:49,12:49
6/28/2021 15:24:41,Union Gap,0058,6/24/2021,PST,11:02,11:46,75.67,8.03,48.5,17.1,75.76,8.03,48.43,17.1,75.69,8.04,48.43,17.2,11:17,0.6,2.71,1.31,17.69,11:36,46.530809,-120.470342,16,7:15,11:14,11:37,15:22,03214659L,7:00,11:05,11:38,21:00,801493,11:14,17.1,734.5,116.5,11.23,11:36,17.2,734.6,117.7,11.32,15K100760,"YSI and spec deployed from boat ramp, Manta on tripod.",,"Stephanie_Fulton, Lupita_Renteria",11:21,11:22,11:22
6/28/2021 15:29:56,Mabton,0059,6/24/2021,PST,9:00,9:47,121.2,8.3,77.15,24.1,121.1,8.31,77.14,23.3,121.3,8.32,77.13,23,9:16,1.04,3.7,1.58,22.62,9:40,46.232055,-120.000259,18,7:15,9:16,9:40,15:22,03214659L,7:00,9:16,9:40,21:00,801493,9:16,22.5,742.9,119.6,10.36,9:39,22.4,742.8,120.9,10.49,15K100760,Water level ~2.5-3' below bank w/ submerged aquatic veg exposed. Very slow moving. Sampled along mud bank just upstream of boat ramp.,,"Stephanie_Fulton, Lupita_Renteria",9:22,9:23,9:23
6/28/2021 15:34:41,Kiona,0060,6/24/2021,PST,6:50,7:51,149.8,7.72,95.55,22.5,149.8,7.75,95.5,22.5,149.7,7.77,95.36,22.4,7:20,1.17,2.96,1.54,22.39,7:40,46.255324,-119.474088,16,7:15,7:20,7:45,15:22,03214659L,7:00,7:08,7:51,21:00,801493,7:35,22.4,747.3,101.5,8.81,7:40,22.4,747.4,102.6,8.9,15K100760,Sampled at north corner of park parking lot. Water about 2-3' deep near bank and warm.,,"Stephanie_Fulton, Lupita_Renteria",7:30,7:31,7:31