SampleID,num_peak
RC2_0001_ICR-1,4182
RC2_0001_ICR-2,4373
RC2_0001_ICR-3,4130
RC2_0002_ICR-1,4475
RC2_0002_ICR-2,4428
RC2_0002_ICR-3,4249
RC2_0003_ICR-1,4317
RC2_0003_ICR-2,3702
RC2_0003_ICR-3,4202
RC2_0004_ICR-1,4434
RC2_0004_ICR-2,4462
RC2_0004_ICR-3,4239
RC2_0005_ICR-1,4574
RC2_0005_ICR-2,4618
RC2_0005_ICR-3,4123
RC2_0006_ICR-1,4552
RC2_0006_ICR-2,4721
RC2_0006_ICR-3,4517
RC2_0007_ICR-1,4112
RC2_0007_ICR-2,4226
RC2_0007_ICR-3,3873
RC2_0008_ICR-1,4422
RC2_0008_ICR-2,4237
RC2_0008_ICR-3,4429
RC2_0009_ICR-1,4305
RC2_0009_ICR-2,4500
RC2_0009_ICR-3,4461
RC2_0010_ICR-1,4398
RC2_0010_ICR-2,4503
RC2_0010_ICR-3,4250
RC2_0011_ICR-1,4528
RC2_0011_ICR-2,4629
RC2_0011_ICR-3,4172
RC2_0012_ICR-1,4259
RC2_0012_ICR-2,4535
RC2_0012_ICR-3,4430
RC2_0013_ICR-1,4219
RC2_0013_ICR-2,4024
RC2_0013_ICR-3,3810
RC2_0014_ICR-1,4238
RC2_0014_ICR-2,4163
RC2_0014_ICR-3,4416
RC2_0015_ICR-1,4603
RC2_0015_ICR-2,4319
RC2_0015_ICR-3,4313
RC2_0016_ICR-1,4583
RC2_0016_ICR-2,4447
RC2_0016_ICR-3,4640
RC2_0017_ICR-1,4591
RC2_0017_ICR-2,4514
RC2_0017_ICR-3,4531
RC2_0018_ICR-1,4612
RC2_0018_ICR-2,4455
RC2_0018_ICR-3,4563
RC2_0019_ICR-2,3985
RC2_0019_ICR-3,4147
RC2_0020_ICR-1,4213
RC2_0020_ICR-2,4454
RC2_0020_ICR-3,3967
RC2_0021_ICR-1,4524
RC2_0021_ICR-2,4203
RC2_0021_ICR-3,4284
RC2_0022_ICR-1,4442
RC2_0022_ICR-2,4509
RC2_0022_ICR-3,4567
RC2_0023_ICR-1,4451
RC2_0023_ICR-2,4458
RC2_0023_ICR-3,4374
RC2_0024_ICR-1,4292
RC2_0024_ICR-2,4536
RC2_0024_ICR-3,4363
RC2_0025_ICR-1,4135
RC2_0025_ICR-2,4002
RC2_0025_ICR-3,4095
RC2_0026_ICR-1,4249
RC2_0026_ICR-2,4255
RC2_0026_ICR-3,4205
RC2_0027_ICR-1,4069
RC2_0027_ICR-2,3927
RC2_0027_ICR-3,4060
RC2_0028_ICR-1,4353
RC2_0028_ICR-2,4453
RC2_0028_ICR-3,4247
RC2_0029_ICR-1,4419
RC2_0029_ICR-2,4303
RC2_0029_ICR-3,4570
RC2_0030_ICR-1,4644
RC2_0030_ICR-2,4449
RC2_0030_ICR-3,4308
RC2_0031_ICR-1,3677
RC2_0031_ICR-2,4321
RC2_0031_ICR-3,4057
RC2_0032_ICR-1,4550
RC2_0032_ICR-2,4372
RC2_0032_ICR-3,4176
RC2_0033_ICR-1,4510
RC2_0033_ICR-2,4491
RC2_0033_ICR-3,4326
RC2_0034_ICR-1,4132
RC2_0034_ICR-2,4608
RC2_0034_ICR-3,4649
RC2_0035_ICR-1,4672
RC2_0035_ICR-2,4404
RC2_0035_ICR-3,4849
RC2_0036_ICR-1,4586
RC2_0036_ICR-2,4693
RC2_0036_ICR-3,4118
RC2_0037_ICR-1,4821
RC2_0037_ICR-2,4560
RC2_0037_ICR-3,4554
RC2_0038_ICR-1,4606
RC2_0038_ICR-2,4116
RC2_0038_ICR-3,4386
RC2_0039_ICR-1,4710
RC2_0039_ICR-2,4254
RC2_0039_ICR-3,4852
RC2_0040_ICR-1,4385
RC2_0040_ICR-2,4196
RC2_0040_ICR-3,4683
RC2_0041_ICR-1,4692
RC2_0041_ICR-2,4606
RC2_0041_ICR-3,3847
RC2_0042_ICR-1,4177
RC2_0042_ICR-2,4610
RC2_0042_ICR-3,3991
RC2_0043_ICR-1,4031
RC2_0043_ICR-2,3950
RC2_0043_ICR-3,3245
RC2_0044_ICR-1,4206
RC2_0044_ICR-2,3177
RC2_0044_ICR-3,4207
RC2_0045_ICR-1,4587
RC2_0045_ICR-2,4703
RC2_0045_ICR-3,4283
RC2_0046_ICR-1,4595
RC2_0046_ICR-2,4367
RC2_0046_ICR-3,4697
RC2_0048_ICR-1,4595
RC2_0048_ICR-2,4217
RC2_0048_ICR-3,4794
RC2_0049_ICR-1,4266
RC2_0049_ICR-2,4549
RC2_0049_ICR-3,4789
RC2_0050_ICR-1,4370
RC2_0050_ICR-2,4479
RC2_0050_ICR-3,4596
RC2_0051_ICR-1,4508
RC2_0051_ICR-2,4124
RC2_0051_ICR-3,4746
RC2_0052_ICR-1,4657
RC2_0052_ICR-2,4601
RC2_0052_ICR-3,3936
RC2_0053_ICR-1,4677
RC2_0053_ICR-2,4694
RC2_0053_ICR-3,4135
RC2_0054_ICR-1,4354
RC2_0054_ICR-2,4841
RC2_0054_ICR-3,4782
RC2_0055_ICR-1,4202
RC2_0055_ICR-2,4781
RC2_0055_ICR-3,4904
RC2_0056_ICR-1,4681
RC2_0056_ICR-2,4154
RC2_0056_ICR-3,4299
RC2_0057_ICR-1,4066
RC2_0057_ICR-2,4446
RC2_0057_ICR-3,4485
RC2_0058_ICR-1,4751
RC2_0058_ICR-2,4232
RC2_0058_ICR-3,4256
RC2_0059_ICR-1,4656
RC2_0059_ICR-2,4803
RC2_0059_ICR-3,4211
RC2_0060_ICR-1,4706
RC2_0060_ICR-2,4767
RC2_0060_ICR-3,4880
RC2_0061_ICR-1,4056
RC2_0061_ICR-2,3853
RC2_0061_ICR-3,3951
RC2_0062_ICR-1,4075
RC2_0062_ICR-2,4650
RC2_0062_ICR-3,4262
RC2_0063_ICR-1,4303
RC2_0063_ICR-2,4606
RC2_0063_ICR-3,4356
RC2_0064_ICR-1,4467
RC2_0064_ICR-2,4238
RC2_0064_ICR-3,4565
RC2_0065_ICR-1,4572
RC2_0065_ICR-2,4686
RC2_0065_ICR-3,4486
RC2_0066_ICR-1,4664
RC2_0066_ICR-2,4663
RC2_0066_ICR-3,4415
RC2_0067_ICR-1,3923
RC2_0067_ICR-2,2874
RC2_0067_ICR-3,2813
RC2_0068_ICR-1,4213
RC2_0068_ICR-2,4088
RC2_0068_ICR-3,4388
RC2_0069_ICR-1,4711
RC2_0069_ICR-2,4110
RC2_0069_ICR-3,4662
RC2_0070_ICR-1,4658
RC2_0070_ICR-2,2782
RC2_0070_ICR-3,4648
RC2_0071_ICR-1,4820
RC2_0071_ICR-2,4607
RC2_0071_ICR-3,4297
RC2_0072_ICR-1,4493
RC2_0072_ICR-2,3731
RC2_0072_ICR-3,4751
RC2_0073_ICR-1,4426
RC2_0073_ICR-2,4777
RC2_0073_ICR-3,4345
RC2_0074_ICR-1,4737
RC2_0074_ICR-2,4356
RC2_0074_ICR-3,4243
RC2_0075_ICR-1,4315
RC2_0075_ICR-2,4594
RC2_0075_ICR-3,4097
RC2_0076_ICR-1,4502
RC2_0076_ICR-2,4601
RC2_0076_ICR-3,4420
RC2_0077_ICR-1,4359
RC2_0077_ICR-2,4746
RC2_0077_ICR-3,4322
RC2_0078_ICR-1,3866
RC2_0078_ICR-2,3662
RC2_0078_ICR-3,3306
RC2_0079_ICR-1,3676
RC2_0079_ICR-2,3690
RC2_0079_ICR-3,3564
RC2_0080_ICR-1,4315
RC2_0080_ICR-2,3552
RC2_0080_ICR-3,4337
RC2_0081_ICR-1,4416
RC2_0081_ICR-2,3839
RC2_0081_ICR-3,4536
RC2_0082_ICR-1,4884
RC2_0082_ICR-2,4701
RC2_0082_ICR-3,4624
RC2_0083_ICR-1,4817
RC2_0083_ICR-2,4516
RC2_0083_ICR-3,4369
RC2_0084_ICR-1,4304
RC2_0084_ICR-2,5031
RC2_0084_ICR-3,4831
RC2_0085_ICR-1,3586
RC2_0085_ICR-2,3552
RC2_0085_ICR-3,3761
RC2_0086_ICR-1,4186
RC2_0086_ICR-2,4577
RC2_0086_ICR-3,4129
RC2_0087_ICR-1,4612
RC2_0087_ICR-2,4347
RC2_0087_ICR-3,4856
RC2_0088_ICR-1,4276
RC2_0088_ICR-2,4676
RC2_0088_ICR-3,4614
RC2_0089_ICR-1,4742
RC2_0089_ICR-2,4526
RC2_0089_ICR-3,4740
RC2_0090_ICR-1,4497
RC2_0090_ICR-2,4366
RC2_0090_ICR-3,4628
RC2_0091_ICR-1,2827
RC2_0091_ICR-2,2513
RC2_0091_ICR-3,2819
RC2_0092_ICR-1,2967
RC2_0092_ICR-2,3915
RC2_0092_ICR-3,3277
RC2_0093_ICR-1,3867
RC2_0093_ICR-2,4085
RC2_0093_ICR-3,4738
RC2_0094_ICR-1,4354
RC2_0094_ICR-2,4046
RC2_0094_ICR-3,4340
RC2_0095_ICR-1,4108
RC2_0095_ICR-2,4465
RC2_0095_ICR-3,4211
RC2_0096_ICR-1,3641
RC2_0096_ICR-2,4549
RC2_0096_ICR-3,4219
RC2_0097_ICR-1,4247
RC2_0097_ICR-2,4095
RC2_0097_ICR-3,3893
RC2_0098_ICR-1,4349
RC2_0098_ICR-2,4407
RC2_0098_ICR-3,4292
RC2_0099_ICR-1,4541
RC2_0099_ICR-2,4234
RC2_0099_ICR-3,4379
RC2_0100_ICR-1,4789
RC2_0100_ICR-2,4161
RC2_0100_ICR-3,4194
RC2_0101_ICR-1,3099
RC2_0101_ICR-2,3132
RC2_0101_ICR-3,3204
RC2_0103_ICR-1,3900
RC2_0103_ICR-2,4026
RC2_0103_ICR-3,4441
RC2_0104_ICR-1,3896
RC2_0104_ICR-2,3586
RC2_0104_ICR-3,4068
RC2_0105_ICR-1,4313
RC2_0105_ICR-2,4362
RC2_0105_ICR-3,4358
RC2_0106_ICR-1,4184
RC2_0106_ICR-2,4289
RC2_0106_ICR-3,4225
RC2_0107_ICR-1,2962
RC2_0107_ICR-2,3127
RC2_0107_ICR-3,3231
RC2_0108_ICR-1,4133
RC2_0108_ICR-2,4289
RC2_0108_ICR-3,4166
RC2_0109_ICR-1,4271
RC2_0109_ICR-2,4682
RC2_0109_ICR-3,4035
RC2_0110_ICR-1,4285
RC2_0110_ICR-2,3734
RC2_0110_ICR-3,4262
RC2_0111_ICR-1,3802
RC2_0111_ICR-2,3982
RC2_0111_ICR-3,3743
RC2_0112_ICR-1,3702
RC2_0112_ICR-2,4284
RC2_0112_ICR-3,4158
RC2_0113_ICR-1,3285
RC2_0113_ICR-2,3113
RC2_0113_ICR-3,3440
RC2_0114_ICR-1,3920
RC2_0114_ICR-2,3307
RC2_0114_ICR-3,3316
RC2_0115_ICR-1,4272
RC2_0115_ICR-2,3713
RC2_0115_ICR-3,3391
RC2_0116_ICR-1,3740
RC2_0116_ICR-2,3793
RC2_0116_ICR-3,3720
RC2_0117_ICR-1,4156
RC2_0117_ICR-2,4229
RC2_0117_ICR-3,4426
RC2_0118_ICR-1,3709
RC2_0118_ICR-2,3675
RC2_0118_ICR-3,3744
RC2_0119_ICR-1,3333
RC2_0119_ICR-2,3447
RC2_0119_ICR-3,3147
RC2_0120_ICR-1,3846
RC2_0120_ICR-2,3304
RC2_0120_ICR-3,4555
RC2_0121_ICR-1,4141
RC2_0121_ICR-2,4477
RC2_0121_ICR-3,3683
RC2_0122_ICR-1,4148
RC2_0122_ICR-2,4464
RC2_0122_ICR-3,4378
RC2_0123_ICR-1,4312
RC2_0123_ICR-2,4335
RC2_0123_ICR-3,3687
RC2_0124_ICR-1,4542
RC2_0124_ICR-2,3510
RC2_0124_ICR-3,4238
RC2_0125_ICR-1,3640
RC2_0125_ICR-2,3482
RC2_0125_ICR-3,3528
RC2_0126_ICR-1,3783
RC2_0126_ICR-2,3491
RC2_0127_ICR-1,3309
RC2_0127_ICR-2,4546
RC2_0127_ICR-3,4177
RC2_0128_ICR-1,3909
RC2_0128_ICR-2,4417
RC2_0128_ICR-3,3835
RC2_0129_ICR-1,3755
RC2_0129_ICR-2,3829
RC2_0129_ICR-3,3972
RC2_0130_ICR-1,4085
RC2_0130_ICR-2,4154
RC2_0130_ICR-3,4196
RC2_0131_ICR-1,3449
RC2_0131_ICR-2,3824
RC2_0131_ICR-3,3271
RC2_0132_ICR-1,3723
RC2_0132_ICR-2,3293
RC2_0132_ICR-3,4014
RC2_0133_ICR-1,2951
RC2_0133_ICR-2,3996
RC2_0133_ICR-3,3330
RC2_0134_ICR-1,3499
RC2_0134_ICR-2,3770
RC2_0134_ICR-3,4181
RC2_0135_ICR-1,4301
RC2_0135_ICR-2,3753
RC2_0135_ICR-3,4262
RC2_0136_ICR-1,4167
RC2_0136_ICR-2,4121
RC2_0136_ICR-3,4346
RC2_0137_ICR-1,3437
RC2_0137_ICR-2,3615
RC2_0137_ICR-3,4608
RC2_0138_ICR-1,3938
RC2_0138_ICR-2,4176
RC2_0138_ICR-3,4113
RC2_0139_ICR-1,4134
RC2_0139_ICR-2,3701
RC2_0139_ICR-3,4031
RC2_0140_ICR-1,3507
RC2_0140_ICR-2,4137
RC2_0140_ICR-3,4216
RC2_0141_ICR-1,4187
RC2_0141_ICR-2,4308
RC2_0141_ICR-3,4298
RC2_0142_ICR-1,4242
RC2_0142_ICR-2,4281
RC2_0142_ICR-3,3920
RC2_0143_ICR-1,4097
RC2_0143_ICR-2,3914
RC2_0143_ICR-3,4143
RC2_0144_ICR-1,3886
RC2_0144_ICR-2,4342
RC2_0144_ICR-3,4234
RC2_0145_ICR-1,4169
RC2_0145_ICR-2,4401
RC2_0145_ICR-3,3834
RC2_0146_ICR-1,3257
RC2_0146_ICR-2,4352
RC2_0146_ICR-3,4324
RC2_0147_ICR-1,3900
RC2_0147_ICR-2,4531
RC2_0147_ICR-3,3440
RC2_0148_ICR-1,4200
RC2_0148_ICR-2,3491
RC2_0148_ICR-3,4191
RC2_0149_ICR-1,4028
RC2_0149_ICR-2,4285
RC2_0149_ICR-3,4438
RC2_0150_ICR-1,3829
RC2_0150_ICR-2,4204
RC2_0150_ICR-3,3996
RC2_0151_ICR-1,2138
RC2_0151_ICR-1,2828
RC2_0151_ICR-2,4312
RC2_0151_ICR-3,4167
RC2_0152_ICR-1,4289
RC2_0152_ICR-2,4195
RC2_0152_ICR-3,3957
RC2_0153_ICR-2,4453
RC2_0153_ICR-3,4289
RC2_0154_ICR-1,4489
RC2_0154_ICR-2,4488
RC2_0154_ICR-3,4086
RC2_0155_ICR-1,3989
RC2_0155_ICR-2,3986
RC2_0155_ICR-3,4150
RC2_0156_ICR-1,3908
RC2_0156_ICR-2,4224
RC2_0156_ICR-3,4321
RC2_0157_ICR-1,3903
RC2_0157_ICR-2,4129
RC2_0157_ICR-3,4221
RC2_0158_ICR-1,4200
RC2_0158_ICR-2,4211
RC2_0158_ICR-3,3839
RC2_0159_ICR-1,3969
RC2_0159_ICR-2,4281
RC2_0159_ICR-3,4145
RC2_0160_ICR-1,4035
RC2_0160_ICR-2,4263
RC2_0160_ICR-3,4081
RC2_0163_ICR-1,3758
RC2_0163_ICR-2,3977
RC2_0163_ICR-3,4071
RC2_0164_ICR-1,4055
RC2_0164_ICR-2,3068
RC2_0164_ICR-3,3816
RC2_0165_ICR-1,3997
RC2_0165_ICR-2,4187
RC2_0165_ICR-3,4127
RC2_0166_ICR-1,3875
RC2_0166_ICR-2,3910
RC2_0166_ICR-3,2859
RC2_0167_ICR-1,3233
RC2_0167_ICR-2,3989
RC2_0167_ICR-3,4108
RC2_0177_ICR-1,4142
RC2_0177_ICR-2,4132
RC2_0177_ICR-3,4314
RC2_0178_ICR-1,3630
RC2_0178_ICR-2,4076
RC2_0178_ICR-3,4255
RC2_0179_ICR-1,4168
RC2_0179_ICR-3,4192
RC2_0183_ICR-2,3770
RC2_0183_ICR-3,4194
RC2_0184_ICR-1,4012
RC2_0184_ICR-2,4034
RC2_0184_ICR-3,4002
RC2_0187_ICR-1,4343
RC2_0187_ICR-2,4115
RC2_0187_ICR-3,4119
RC2_0188_ICR-1,3723
RC2_0188_ICR-2,4252
RC2_0188_ICR-3,4214
RC2_0189_ICR-1,4101
RC2_0189_ICR-2,4447
RC2_0189_ICR-3,4240
RC2_0190_ICR-1,4002
RC2_0190_ICR-2,4202
RC2_0190_ICR-3,4063
RC2_0191_ICR-1,4318
RC2_0191_ICR-2,3939
RC2_0191_ICR-3,3790
RC2_0192_ICR-1,3817
RC2_0192_ICR-2,1899
RC2_0192_ICR-3,4059
RC2_0193_ICR-1,4442
RC2_0193_ICR-2,4398
RC2_0193_ICR-3,4481
RC2_0194_ICR-1,3352
RC2_0194_ICR-2,4190
RC2_0194_ICR-3,4360
RC2_0195_ICR-1,3940
RC2_0195_ICR-2,3964
RC2_0195_ICR-3,3994
RC2_0196_ICR-1,4337
RC2_0196_ICR-2,4050
RC2_0196_ICR-3,3010
RC2_0197_ICR-1,4135
RC2_0197_ICR-2,4234
RC2_0197_ICR-3,4234
RC2_0198_ICR-1,3936
RC2_0198_ICR-2,4084
RC2_0198_ICR-3,3973
RC2_0199_ICR-1,4198
RC2_0199_ICR-2,4131
RC2_0199_ICR-3,4135
RC2_0200_ICR-1,4654
RC2_0200_ICR-2,4648
RC2_0200_ICR-3,4653
RC2_0201_ICR-1,4365
RC2_0201_ICR-2,4388
RC2_0201_ICR-3,4476
RC2_0202_ICR-1,4660
RC2_0202_ICR-2,4546
RC2_0202_ICR-3,4311
RC2_0203_ICR-1,4458
RC2_0203_ICR-2,4633
RC2_0203_ICR-3,4722
RC2_0204_ICR-1,4636
RC2_0204_ICR-2,4684
RC2_0204_ICR-3,4702
RC2_0205_ICR-1,4839
RC2_0205_ICR-2,4742
RC2_0205_ICR-3,4517
RC2_0206_ICR-1,4588
RC2_0206_ICR-2,4245
RC2_0206_ICR-3,3960
RC2_0207_ICR-1,4277
RC2_0207_ICR-2,4212
RC2_0207_ICR-3,4473
RC2_0208_ICR-1,4475
RC2_0208_ICR-2,4462
RC2_0208_ICR-3,4497
RC2_0209_ICR-1,4532
RC2_0209_ICR-2,4621
RC2_0209_ICR-3,4660
RC2_0210_ICR-1,4826
RC2_0210_ICR-2,4696
RC2_0210_ICR-3,4629
RC2_0211_ICR-1,4499
RC2_0211_ICR-2,4554
RC2_0211_ICR-3,4732
