"file","n_before","n_after_cleaning","n_removed_mass_or_isotopologue"
"RC2_0001_ICR-1_p08.corems.csv",10966,4182,6784
"RC2_0001_ICR-2_p08.corems.csv",11309,4373,6936
"RC2_0001_ICR-3_p08.corems.csv",10750,4130,6620
"RC2_0002_ICR-1_p08.corems.csv",11710,4475,7235
"RC2_0002_ICR-2_p08.corems.csv",12084,4428,7656
"RC2_0002_ICR-3_p08.corems.csv",11343,4249,7094
"RC2_0003_ICR-1_p08.corems.csv",12097,4317,7780
"RC2_0003_ICR-2_p08.corems.csv",9220,3702,5518
"RC2_0003_ICR-3_p08.corems.csv",11426,4202,7224
"RC2_0004_ICR-1_p08.corems.csv",11674,4434,7240
"RC2_0004_ICR-2_p08.corems.csv",11910,4462,7448
"RC2_0004_ICR-3_p08.corems.csv",11103,4239,6864
"RC2_0005_ICR-1_p08.corems.csv",11769,4574,7195
"RC2_0005_ICR-2_p08.corems.csv",11937,4618,7319
"RC2_0005_ICR-3_p08.corems.csv",10371,4123,6248
"RC2_0006_ICR-1_p08.corems.csv",11629,4552,7077
"RC2_0006_ICR-2_p08.corems.csv",11912,4721,7191
"RC2_0006_ICR-3_p08.corems.csv",11622,4517,7105
"RC2_0007_ICR-1_p08.corems.csv",10645,4112,6533
"RC2_0007_ICR-2_p08.corems.csv",10704,4226,6478
"RC2_0007_ICR-3_p08.corems.csv",10163,3873,6290
"RC2_0008_ICR-1_p08.corems.csv",12057,4422,7635
"RC2_0008_ICR-2_p08.corems.csv",11282,4237,7045
"RC2_0008_ICR-3_p08.corems.csv",12213,4429,7784
"RC2_0009_ICR-1_p08.corems.csv",11831,4305,7526
"RC2_0009_ICR-2_p08.corems.csv",12173,4500,7673
"RC2_0009_ICR-3_p08.corems.csv",12315,4461,7854
"RC2_0010_ICR-1_p08.corems.csv",11406,4398,7008
"RC2_0010_ICR-2_p08.corems.csv",11351,4503,6848
"RC2_0010_ICR-3_p08.corems.csv",10718,4250,6468
"RC2_0011_ICR-1_p08.corems.csv",11417,4528,6889
"RC2_0011_ICR-2_p08.corems.csv",11697,4629,7068
"RC2_0011_ICR-3_p08.corems.csv",10443,4172,6271
"RC2_0012_ICR-1_p08.corems.csv",10889,4259,6630
"RC2_0012_ICR-2_p08.corems.csv",11419,4535,6884
"RC2_0012_ICR-3_p08.corems.csv",11115,4430,6685
"RC2_0013_ICR-1_p08.corems.csv",11062,4219,6843
"RC2_0013_ICR-2_p08.corems.csv",10434,4024,6410
"RC2_0013_ICR-3_p08.corems.csv",9952,3810,6142
"RC2_0014_ICR-1_p08.corems.csv",11235,4238,6997
"RC2_0014_ICR-2_p08.corems.csv",11273,4163,7110
"RC2_0014_ICR-3_p08.corems.csv",11901,4416,7485
"RC2_0015_ICR-1_p08.corems.csv",12249,4603,7646
"RC2_0015_ICR-2_p08.corems.csv",11465,4319,7146
"RC2_0015_ICR-3_p08.corems.csv",11366,4313,7053
"RC2_0016_ICR-1_p08.corems.csv",11497,4583,6914
"RC2_0016_ICR-2_p08.corems.csv",11019,4447,6572
"RC2_0016_ICR-3_p08.corems.csv",12240,4640,7600
"RC2_0017_ICR-1_p08.corems.csv",11821,4591,7230
"RC2_0017_ICR-2_p08.corems.csv",11090,4514,6576
"RC2_0017_ICR-3_p08.corems.csv",11654,4531,7123
"RC2_0018_ICR-1_p08.corems.csv",11316,4612,6704
"RC2_0018_ICR-2_p08.corems.csv",11041,4455,6586
"RC2_0018_ICR-3_p08.corems.csv",11206,4563,6643
"RC2_0019_ICR-2_p08.corems.csv",10219,3985,6234
"RC2_0019_ICR-3_p08.corems.csv",10694,4147,6547
"RC2_0020_ICR-1_p08.corems.csv",11422,4213,7209
"RC2_0020_ICR-2_p08.corems.csv",12014,4454,7560
"RC2_0020_ICR-3_p08.corems.csv",10621,3967,6654
"RC2_0021_ICR-1_p08.corems.csv",12187,4524,7663
"RC2_0021_ICR-2_p08.corems.csv",11207,4203,7004
"RC2_0021_ICR-3_p08.corems.csv",10961,4284,6677
"RC2_0022_ICR-1_p08.corems.csv",11255,4442,6813
"RC2_0022_ICR-2_p08.corems.csv",11649,4509,7140
"RC2_0022_ICR-3_p08.corems.csv",11572,4567,7005
"RC2_0023_ICR-1_p08.corems.csv",10737,4451,6286
"RC2_0023_ICR-2_p08.corems.csv",10805,4458,6347
"RC2_0023_ICR-3_p08.corems.csv",10555,4374,6181
"RC2_0024_ICR-1_p08.corems.csv",10525,4292,6233
"RC2_0024_ICR-2_p08.corems.csv",10940,4536,6404
"RC2_0024_ICR-3_p08.corems.csv",10816,4363,6453
"RC2_0025_ICR-1_p08.corems.csv",10919,4135,6784
"RC2_0025_ICR-2_p08.corems.csv",10472,4002,6470
"RC2_0025_ICR-3_p08.corems.csv",10587,4095,6492
"RC2_0026_ICR-1_p08.corems.csv",11339,4249,7090
"RC2_0026_ICR-2_p08.corems.csv",11446,4255,7191
"RC2_0026_ICR-3_p08.corems.csv",11350,4205,7145
"RC2_0027_ICR-1_p08.corems.csv",10882,4069,6813
"RC2_0027_ICR-2_p08.corems.csv",10101,3927,6174
"RC2_0027_ICR-3_p08.corems.csv",10997,4060,6937
"RC2_0028_ICR-1_p08.corems.csv",11184,4353,6831
"RC2_0028_ICR-2_p08.corems.csv",11517,4453,7064
"RC2_0028_ICR-3_p08.corems.csv",10685,4247,6438
"RC2_0029_ICR-1_p08.corems.csv",11184,4419,6765
"RC2_0029_ICR-2_p08.corems.csv",10779,4303,6476
"RC2_0029_ICR-3_p08.corems.csv",11172,4570,6602
"RC2_0030_ICR-1_p08.corems.csv",11182,4644,6538
"RC2_0030_ICR-2_p08.corems.csv",11041,4449,6592
"RC2_0030_ICR-3_p08.corems.csv",10526,4308,6218
"RC2_0031_ICR-1_p08.corems.csv",8974,3677,5297
"RC2_0031_ICR-2_p08.corems.csv",10776,4321,6455
"RC2_0031_ICR-3_p08.corems.csv",9998,4057,5941
"RC2_0032_ICR-1_p08.corems.csv",11916,4550,7366
"RC2_0032_ICR-2_p08.corems.csv",10514,4372,6142
"RC2_0032_ICR-3_p08.corems.csv",10552,4176,6376
"RC2_0033_ICR-1_p08.corems.csv",11356,4510,6846
"RC2_0033_ICR-2_p08.corems.csv",11432,4491,6941
"RC2_0033_ICR-3_p08.corems.csv",10963,4326,6637
"RC2_0034_ICR-1_p08.corems.csv",9811,4132,5679
"RC2_0034_ICR-2_p08.corems.csv",11221,4608,6613
"RC2_0034_ICR-3_p08.corems.csv",11235,4649,6586
"RC2_0035_ICR-1_p08.corems.csv",11331,4672,6659
"RC2_0035_ICR-2_p08.corems.csv",10657,4404,6253
"RC2_0035_ICR-3_p08.corems.csv",11643,4849,6794
"RC2_0036_ICR-1_p08.corems.csv",11019,4586,6433
"RC2_0036_ICR-2_p08.corems.csv",11373,4693,6680
"RC2_0036_ICR-3_p08.corems.csv",9619,4118,5501
"RC2_0037_ICR-1_p08.corems.csv",12617,4821,7796
"RC2_0037_ICR-2_p08.corems.csv",11685,4560,7125
"RC2_0037_ICR-3_p08.corems.csv",11779,4554,7225
"RC2_0038_ICR-1_p08.corems.csv",11675,4606,7069
"RC2_0038_ICR-2_p08.corems.csv",10469,4116,6353
"RC2_0038_ICR-3_p08.corems.csv",11750,4386,7364
"RC2_0039_ICR-1_p08.corems.csv",11456,4710,6746
"RC2_0039_ICR-2_p08.corems.csv",10495,4254,6241
"RC2_0039_ICR-3_p08.corems.csv",12430,4852,7578
"RC2_0040_ICR-1_p08.corems.csv",10683,4385,6298
"RC2_0040_ICR-2_p08.corems.csv",10103,4196,5907
"RC2_0040_ICR-3_p08.corems.csv",11908,4683,7225
"RC2_0041_ICR-1_p08.corems.csv",11423,4692,6731
"RC2_0041_ICR-2_p08.corems.csv",11183,4606,6577
"RC2_0041_ICR-3_p08.corems.csv",9139,3847,5292
"RC2_0042_ICR-1_p08.corems.csv",9575,4177,5398
"RC2_0042_ICR-2_p08.corems.csv",11001,4610,6391
"RC2_0042_ICR-3_p08.corems.csv",9398,3991,5407
"RC2_0043_ICR-1_p08.corems.csv",9787,4031,5756
"RC2_0043_ICR-2_p08.corems.csv",9851,3950,5901
"RC2_0043_ICR-3_p08.corems.csv",7925,3245,4680
"RC2_0044_ICR-1_p08.corems.csv",10454,4206,6248
"RC2_0044_ICR-2_p08.corems.csv",7555,3177,4378
"RC2_0044_ICR-3_p08.corems.csv",10413,4207,6206
"RC2_0045_ICR-1_p08.corems.csv",11130,4587,6543
"RC2_0045_ICR-2_p08.corems.csv",11553,4703,6850
"RC2_0045_ICR-3_p08.corems.csv",10871,4283,6588
"RC2_0046_ICR-1_p08.corems.csv",10832,4595,6237
"RC2_0046_ICR-2_p08.corems.csv",10356,4367,5989
"RC2_0046_ICR-3_p08.corems.csv",11017,4697,6320
"RC2_0048_ICR-1_p08.corems.csv",10519,4595,5924
"RC2_0048_ICR-2_p08.corems.csv",9832,4217,5615
"RC2_0048_ICR-3_p08.corems.csv",10910,4794,6116
"RC2_0049_ICR-1_p08.corems.csv",9754,4266,5488
"RC2_0049_ICR-2_p08.corems.csv",10579,4549,6030
"RC2_0049_ICR-3_p08.corems.csv",10831,4789,6042
"RC2_0050_ICR-1_p08.corems.csv",10909,4370,6539
"RC2_0050_ICR-2_p08.corems.csv",11004,4479,6525
"RC2_0050_ICR-3_p08.corems.csv",11153,4596,6557
"RC2_0051_ICR-1_p08.corems.csv",11242,4508,6734
"RC2_0051_ICR-2_p08.corems.csv",9808,4124,5684
"RC2_0051_ICR-3_p08.corems.csv",11424,4746,6678
"RC2_0052_ICR-1_p08.corems.csv",11557,4657,6900
"RC2_0052_ICR-2_p08.corems.csv",11237,4601,6636
"RC2_0052_ICR-3_p08.corems.csv",9744,3936,5808
"RC2_0053_ICR-1_p08.corems.csv",11180,4677,6503
"RC2_0053_ICR-2_p08.corems.csv",10937,4694,6243
"RC2_0053_ICR-3_p08.corems.csv",9757,4135,5622
"RC2_0054_ICR-1_p08.corems.csv",10043,4354,5689
"RC2_0054_ICR-2_p08.corems.csv",11469,4841,6628
"RC2_0054_ICR-3_p08.corems.csv",10853,4782,6071
"RC2_0055_ICR-1_p08.corems.csv",10269,4202,6067
"RC2_0055_ICR-2_p08.corems.csv",11428,4781,6647
"RC2_0055_ICR-3_p08.corems.csv",11881,4904,6977
"RC2_0056_ICR-1_p08.corems.csv",11994,4681,7313
"RC2_0056_ICR-2_p08.corems.csv",10327,4154,6173
"RC2_0056_ICR-3_p08.corems.csv",10711,4299,6412
"RC2_0057_ICR-1_p08.corems.csv",10359,4066,6293
"RC2_0057_ICR-2_p08.corems.csv",10956,4446,6510
"RC2_0057_ICR-3_p08.corems.csv",11280,4485,6795
"RC2_0058_ICR-1_p08.corems.csv",11320,4751,6569
"RC2_0058_ICR-2_p08.corems.csv",9875,4232,5643
"RC2_0058_ICR-3_p08.corems.csv",10191,4256,5935
"RC2_0059_ICR-1_p08.corems.csv",10669,4656,6013
"RC2_0059_ICR-2_p08.corems.csv",10876,4803,6073
"RC2_0059_ICR-3_p08.corems.csv",9471,4211,5260
"RC2_0060_ICR-1_p08.corems.csv",10729,4706,6023
"RC2_0060_ICR-2_p08.corems.csv",10941,4767,6174
"RC2_0060_ICR-3_p08.corems.csv",11188,4880,6308
"RC2_0061_ICR-1_p08.corems.csv",9853,4056,5797
"RC2_0061_ICR-2_p08.corems.csv",9567,3853,5714
"RC2_0061_ICR-3_p08.corems.csv",9471,3951,5520
"RC2_0062_ICR-1_p08.corems.csv",9987,4075,5912
"RC2_0062_ICR-2_p08.corems.csv",11394,4650,6744
"RC2_0062_ICR-3_p08.corems.csv",10620,4262,6358
"RC2_0063_ICR-1_p08.corems.csv",10741,4303,6438
"RC2_0063_ICR-2_p08.corems.csv",11349,4606,6743
"RC2_0063_ICR-3_p08.corems.csv",10772,4356,6416
"RC2_0064_ICR-1_p08.corems.csv",10720,4467,6253
"RC2_0064_ICR-2_p08.corems.csv",10050,4238,5812
"RC2_0064_ICR-3_p08.corems.csv",10927,4565,6362
"RC2_0065_ICR-1_p08.corems.csv",10011,4572,5439
"RC2_0065_ICR-2_p08.corems.csv",10136,4686,5450
"RC2_0065_ICR-3_p08.corems.csv",9924,4486,5438
"RC2_0066_ICR-1_p08.corems.csv",10223,4664,5559
"RC2_0066_ICR-2_p08.corems.csv",10268,4663,5605
"RC2_0066_ICR-3_p08.corems.csv",9776,4415,5361
"RC2_0067_ICR-1_p08.corems.csv",9618,3923,5695
"RC2_0067_ICR-2_p08.corems.csv",7136,2874,4262
"RC2_0067_ICR-3_p08.corems.csv",7046,2813,4233
"RC2_0068_ICR-1_p08.corems.csv",10482,4213,6269
"RC2_0068_ICR-2_p08.corems.csv",10168,4088,6080
"RC2_0068_ICR-3_p08.corems.csv",10979,4388,6591
"RC2_0069_ICR-1_p08.corems.csv",11518,4711,6807
"RC2_0069_ICR-2_p08.corems.csv",10198,4110,6088
"RC2_0069_ICR-3_p08.corems.csv",11786,4662,7124
"RC2_0070_ICR-1_p08.corems.csv",11191,4658,6533
"RC2_0070_ICR-2_p08.corems.csv",6770,2782,3988
"RC2_0070_ICR-3_p08.corems.csv",11090,4648,6442
"RC2_0071_ICR-1_p08.corems.csv",10370,4820,5550
"RC2_0071_ICR-2_p08.corems.csv",10069,4607,5462
"RC2_0071_ICR-3_p08.corems.csv",9315,4297,5018
"RC2_0072_ICR-1_p08.corems.csv",9925,4493,5432
"RC2_0072_ICR-2_p08.corems.csv",8279,3731,4548
"RC2_0072_ICR-3_p08.corems.csv",10708,4751,5957
"RC2_0073_ICR-1_p08.corems.csv",9851,4426,5425
"RC2_0073_ICR-2_p08.corems.csv",10270,4777,5493
"RC2_0073_ICR-3_p08.corems.csv",9809,4345,5464
"RC2_0074_ICR-1_p08.corems.csv",10287,4737,5550
"RC2_0074_ICR-2_p08.corems.csv",9589,4356,5233
"RC2_0074_ICR-3_p08.corems.csv",9367,4243,5124
"RC2_0075_ICR-1_p08.corems.csv",10344,4315,6029
"RC2_0075_ICR-2_p08.corems.csv",11086,4594,6492
"RC2_0075_ICR-3_p08.corems.csv",9869,4097,5772
"RC2_0076_ICR-1_p08.corems.csv",11291,4502,6789
"RC2_0076_ICR-2_p08.corems.csv",11316,4601,6715
"RC2_0076_ICR-3_p08.corems.csv",11302,4420,6882
"RC2_0077_ICR-1_p08.corems.csv",10817,4359,6458
"RC2_0077_ICR-2_p08.corems.csv",11779,4746,7033
"RC2_0077_ICR-3_p08.corems.csv",10786,4322,6464
"RC2_0078_ICR-1_p08.corems.csv",9472,3866,5606
"RC2_0078_ICR-2_p08.corems.csv",9208,3662,5546
"RC2_0078_ICR-3_p08.corems.csv",8328,3306,5022
"RC2_0079_ICR-1_p08.corems.csv",8942,3676,5266
"RC2_0079_ICR-2_p08.corems.csv",9092,3690,5402
"RC2_0079_ICR-3_p08.corems.csv",8758,3564,5194
"RC2_0080_ICR-1_p08.corems.csv",10540,4315,6225
"RC2_0080_ICR-2_p08.corems.csv",8695,3552,5143
"RC2_0080_ICR-3_p08.corems.csv",10667,4337,6330
"RC2_0081_ICR-1_p08.corems.csv",10957,4416,6541
"RC2_0081_ICR-2_p08.corems.csv",9362,3839,5523
"RC2_0081_ICR-3_p08.corems.csv",11068,4536,6532
"RC2_0082_ICR-1_p08.corems.csv",11446,4884,6562
"RC2_0082_ICR-2_p08.corems.csv",11125,4701,6424
"RC2_0082_ICR-3_p08.corems.csv",10855,4624,6231
"RC2_0083_ICR-1_p08.corems.csv",10461,4817,5644
"RC2_0083_ICR-2_p08.corems.csv",9754,4516,5238
"RC2_0083_ICR-3_p08.corems.csv",9625,4369,5256
"RC2_0084_ICR-1_p08.corems.csv",9555,4304,5251
"RC2_0084_ICR-2_p08.corems.csv",11118,5031,6087
"RC2_0084_ICR-3_p08.corems.csv",10471,4831,5640
"RC2_0085_ICR-1_p08.corems.csv",8666,3586,5080
"RC2_0085_ICR-2_p08.corems.csv",8499,3552,4947
"RC2_0085_ICR-3_p08.corems.csv",9241,3761,5480
"RC2_0086_ICR-1_p08.corems.csv",10520,4186,6334
"RC2_0086_ICR-2_p08.corems.csv",11393,4577,6816
"RC2_0086_ICR-3_p08.corems.csv",10276,4129,6147
"RC2_0087_ICR-1_p08.corems.csv",11309,4612,6697
"RC2_0087_ICR-2_p08.corems.csv",10386,4347,6039
"RC2_0087_ICR-3_p08.corems.csv",11839,4856,6983
"RC2_0088_ICR-1_p08.corems.csv",10051,4276,5775
"RC2_0088_ICR-2_p08.corems.csv",10961,4676,6285
"RC2_0088_ICR-3_p08.corems.csv",10783,4614,6169
"RC2_0089_ICR-1_p08.corems.csv",10236,4742,5494
"RC2_0089_ICR-2_p08.corems.csv",9929,4526,5403
"RC2_0089_ICR-3_p08.corems.csv",10249,4740,5509
"RC2_0090_ICR-1_p08.corems.csv",10027,4497,5530
"RC2_0090_ICR-2_p08.corems.csv",9656,4366,5290
"RC2_0090_ICR-3_p08.corems.csv",10008,4628,5380
"RC2_0091_ICR-1_p1.corems.csv",6938,2827,4111
"RC2_0091_ICR-2_p1.corems.csv",6673,2513,4160
"RC2_0091_ICR-3_p1.corems.csv",6891,2819,4072
"RC2_0092_ICR-1_p1.corems.csv",7536,2967,4569
"RC2_0092_ICR-2_p1.corems.csv",9686,3915,5771
"RC2_0092_ICR-3_p1.corems.csv",8366,3277,5089
"RC2_0093_ICR-1_p1.corems.csv",9542,3867,5675
"RC2_0093_ICR-2_p1.corems.csv",10098,4085,6013
"RC2_0093_ICR-3_p1.corems.csv",11588,4738,6850
"RC2_0094_ICR-1_p1.corems.csv",10348,4354,5994
"RC2_0094_ICR-2_p1.corems.csv",9821,4046,5775
"RC2_0094_ICR-3_p1.corems.csv",10298,4340,5958
"RC2_0095_ICR-1_p1.corems.csv",8867,4108,4759
"RC2_0095_ICR-2_p1.corems.csv",10065,4465,5600
"RC2_0095_ICR-3_p1.corems.csv",9230,4211,5019
"RC2_0096_ICR-1_p1.corems.csv",8135,3641,4494
"RC2_0096_ICR-2_p1.corems.csv",9887,4549,5338
"RC2_0096_ICR-3_p1.corems.csv",9255,4219,5036
"RC2_0097_ICR-1_p1.corems.csv",9310,4247,5063
"RC2_0097_ICR-2_p1.corems.csv",9094,4095,4999
"RC2_0097_ICR-3_p1.corems.csv",8736,3893,4843
"RC2_0098_ICR-1_p1.corems.csv",9737,4349,5388
"RC2_0098_ICR-2_p1.corems.csv",9778,4407,5371
"RC2_0098_ICR-3_p1.corems.csv",9599,4292,5307
"RC2_0099_ICR-1_p1.corems.csv",10598,4541,6057
"RC2_0099_ICR-2_p1.corems.csv",9915,4234,5681
"RC2_0099_ICR-3_p1.corems.csv",10121,4379,5742
"RC2_0100_ICR-1_p1.corems.csv",11304,4789,6515
"RC2_0100_ICR-2_p1.corems.csv",10311,4161,6150
"RC2_0100_ICR-3_p1.corems.csv",10404,4194,6210
"RC2_0101_ICR-1_p1.corems.csv",7500,3099,4401
"RC2_0101_ICR-2_p3.corems.csv",7952,3132,4820
"RC2_0101_ICR-3_p1.corems.csv",8112,3204,4908
"RC2_0103_ICR-1_p1.corems.csv",9542,3900,5642
"RC2_0103_ICR-2_p1.corems.csv",10075,4026,6049
"RC2_0103_ICR-3_p1.corems.csv",10960,4441,6519
"RC2_0104_ICR-1_p1.corems.csv",9168,3896,5272
"RC2_0104_ICR-2_p1.corems.csv",8374,3586,4788
"RC2_0104_ICR-3_p1.corems.csv",9495,4068,5427
"RC2_0105_ICR-1_p1.corems.csv",9503,4313,5190
"RC2_0105_ICR-2_p1.corems.csv",9797,4362,5435
"RC2_0105_ICR-3_p1.corems.csv",9708,4358,5350
"RC2_0106_ICR-1_p1.corems.csv",9510,4184,5326
"RC2_0106_ICR-2_p1.corems.csv",9496,4289,5207
"RC2_0106_ICR-3_p1.corems.csv",9255,4225,5030
"RC2_0107_ICR-1_p3.corems.csv",7693,2962,4731
"RC2_0107_ICR-2_p1.corems.csv",7707,3127,4580
"RC2_0107_ICR-3_p1.corems.csv",8136,3231,4905
"RC2_0108_ICR-1_p1.corems.csv",10392,4133,6259
"RC2_0108_ICR-2_p1.corems.csv",10506,4289,6217
"RC2_0108_ICR-3_p1.corems.csv",10218,4166,6052
"RC2_0109_ICR-1_p1.corems.csv",10466,4271,6195
"RC2_0109_ICR-2_p1.corems.csv",11528,4682,6846
"RC2_0109_ICR-3_p1.corems.csv",10143,4035,6108
"RC2_0110_ICR-1_p1.corems.csv",9812,4285,5527
"RC2_0110_ICR-2_p1.corems.csv",8824,3734,5090
"RC2_0110_ICR-3_p1.corems.csv",9918,4262,5656
"RC2_0111_ICR-1_p1.corems.csv",8469,3802,4667
"RC2_0111_ICR-2_p1.corems.csv",9032,3982,5050
"RC2_0111_ICR-3_p1.corems.csv",8455,3743,4712
"RC2_0112_ICR-1_p1.corems.csv",8454,3702,4752
"RC2_0112_ICR-2_p1.corems.csv",9695,4284,5411
"RC2_0112_ICR-3_p1.corems.csv",9383,4158,5225
"RC2_0113_ICR-1_p3.corems.csv",8351,3285,5066
"RC2_0113_ICR-2_p1.corems.csv",7893,3113,4780
"RC2_0113_ICR-3_p1.corems.csv",8542,3440,5102
"RC2_0114_ICR-1_p1.corems.csv",9813,3920,5893
"RC2_0114_ICR-2_p1.corems.csv",8255,3307,4948
"RC2_0114_ICR-3_p1.corems.csv",8478,3316,5162
"RC2_0115_ICR-1_p1.corems.csv",10667,4272,6395
"RC2_0115_ICR-2_p1.corems.csv",9807,3713,6094
"RC2_0115_ICR-3_p1.corems.csv",8523,3391,5132
"RC2_0116_ICR-1_p1.corems.csv",8804,3740,5064
"RC2_0116_ICR-2_p1.corems.csv",8495,3793,4702
"RC2_0116_ICR-3_p1.corems.csv",8483,3720,4763
"RC2_0117_ICR-1_p1.corems.csv",9255,4156,5099
"RC2_0117_ICR-2_p1.corems.csv",9314,4229,5085
"RC2_0117_ICR-3_p1.corems.csv",9768,4426,5342
"RC2_0118_ICR-1_p1.corems.csv",8342,3709,4633
"RC2_0118_ICR-2_p1.corems.csv",8015,3675,4340
"RC2_0118_ICR-3_p1.corems.csv",8365,3744,4621
"RC2_0119_ICR-1_p1.corems.csv",8408,3333,5075
"RC2_0119_ICR-2_p1.corems.csv",8273,3447,4826
"RC2_0119_ICR-3_p1.corems.csv",7681,3147,4534
"RC2_0120_ICR-1_p1.corems.csv",9622,3846,5776
"RC2_0120_ICR-2_p1.corems.csv",8379,3304,5075
"RC2_0120_ICR-3_p1.corems.csv",11033,4555,6478
"RC2_0121_ICR-1_p1.corems.csv",10212,4141,6071
"RC2_0121_ICR-2_p1.corems.csv",11000,4477,6523
"RC2_0121_ICR-3_p1.corems.csv",9232,3683,5549
"RC2_0122_ICR-1_p1.corems.csv",9609,4148,5461
"RC2_0122_ICR-2_p1.corems.csv",10191,4464,5727
"RC2_0122_ICR-3_p1.corems.csv",9958,4378,5580
"RC2_0123_ICR-1_p1.corems.csv",9461,4312,5149
"RC2_0123_ICR-2_p1.corems.csv",9338,4335,5003
"RC2_0123_ICR-3_p1.corems.csv",7983,3687,4296
"RC2_0124_ICR-1_p1.corems.csv",9970,4542,5428
"RC2_0124_ICR-2_p1.corems.csv",8185,3510,4675
"RC2_0124_ICR-3_p1.corems.csv",9353,4238,5115
"RC2_0125_ICR-1_p1.corems.csv",8892,3640,5252
"RC2_0125_ICR-2_p1.corems.csv",8607,3482,5125
"RC2_0125_ICR-3_p1.corems.csv",8516,3528,4988
"RC2_0126_ICR-1_p1.corems.csv",9191,3783,5408
"RC2_0126_ICR-2_p3.corems.csv",8466,3491,4975
"RC2_0127_ICR-1_p1.corems.csv",8327,3309,5018
"RC2_0127_ICR-2_p1.corems.csv",11317,4546,6771
"RC2_0127_ICR-3_p1.corems.csv",9982,4177,5805
"RC2_0128_ICR-1_p1.corems.csv",9098,3909,5189
"RC2_0128_ICR-2_p1.corems.csv",10298,4417,5881
"RC2_0128_ICR-3_p1.corems.csv",8942,3835,5107
"RC2_0129_ICR-1_p1.corems.csv",8320,3755,4565
"RC2_0129_ICR-2_p1.corems.csv",8555,3829,4726
"RC2_0129_ICR-3_p1.corems.csv",8499,3972,4527
"RC2_0130_ICR-1_p1.corems.csv",9027,4085,4942
"RC2_0130_ICR-2_p1.corems.csv",9266,4154,5112
"RC2_0130_ICR-3_p1.corems.csv",9413,4196,5217
"RC2_0131_ICR-1_p1.corems.csv",8280,3449,4831
"RC2_0131_ICR-2_p1.corems.csv",9193,3824,5369
"RC2_0131_ICR-3_p1.corems.csv",7741,3271,4470
"RC2_0132_ICR-1_p1.corems.csv",9274,3723,5551
"RC2_0132_ICR-2_p1.corems.csv",8503,3293,5210
"RC2_0132_ICR-3_p1.corems.csv",9951,4014,5937
"RC2_0133_ICR-1_p1.corems.csv",7336,2951,4385
"RC2_0133_ICR-2_p1.corems.csv",9984,3996,5988
"RC2_0133_ICR-3_p1.corems.csv",8244,3330,4914
"RC2_0134_ICR-1_p1.corems.csv",8182,3499,4683
"RC2_0134_ICR-2_p1.corems.csv",8732,3770,4962
"RC2_0134_ICR-3_p1.corems.csv",9477,4181,5296
"RC2_0135_ICR-1_p1.corems.csv",9605,4301,5304
"RC2_0135_ICR-2_p1.corems.csv",8607,3753,4854
"RC2_0135_ICR-3_p1.corems.csv",9468,4262,5206
"RC2_0136_ICR-1_p1.corems.csv",9467,4167,5300
"RC2_0136_ICR-2_p1.corems.csv",9244,4121,5123
"RC2_0136_ICR-3_p1.corems.csv",9564,4346,5218
"RC2_0137_ICR-1_p1.corems.csv",8670,3437,5233
"RC2_0137_ICR-2_p1.corems.csv",9047,3615,5432
"RC2_0137_ICR-3_p1.corems.csv",11157,4608,6549
"RC2_0138_ICR-1_p1.corems.csv",9928,3938,5990
"RC2_0138_ICR-2_p1.corems.csv",10643,4176,6467
"RC2_0138_ICR-3_p1.corems.csv",10350,4113,6237
"RC2_0139_ICR-1_p1.corems.csv",10364,4134,6230
"RC2_0139_ICR-2_p1.corems.csv",9637,3701,5936
"RC2_0139_ICR-3_p1.corems.csv",9982,4031,5951
"RC2_0140_ICR-1_p1.corems.csv",8279,3507,4772
"RC2_0140_ICR-2_p1.corems.csv",9511,4137,5374
"RC2_0140_ICR-3_p1.corems.csv",9845,4216,5629
"RC2_0141_ICR-1_p1.corems.csv",9175,4187,4988
"RC2_0141_ICR-2_p1.corems.csv",9725,4308,5417
"RC2_0141_ICR-3_p1.corems.csv",9292,4298,4994
"RC2_0142_ICR-1_p1.corems.csv",9523,4242,5281
"RC2_0142_ICR-2_p1.corems.csv",9483,4281,5202
"RC2_0142_ICR-3_p1.corems.csv",8775,3920,4855
"RC2_0143_ICR-1_p1.corems.csv",10391,4097,6294
"RC2_0143_ICR-2_p1.corems.csv",9964,3914,6050
"RC2_0143_ICR-3_p1.corems.csv",10325,4143,6182
"RC2_0144_ICR-1_p1.corems.csv",10157,3886,6271
"RC2_0144_ICR-2_p1.corems.csv",10747,4342,6405
"RC2_0144_ICR-3_p1.corems.csv",10731,4234,6497
"RC2_0145_ICR-1_p1.corems.csv",10706,4169,6537
"RC2_0145_ICR-2_p1.corems.csv",10971,4401,6570
"RC2_0145_ICR-3_p1.corems.csv",9621,3834,5787
"RC2_0146_ICR-1_p1.corems.csv",8084,3257,4827
"RC2_0146_ICR-2_p1.corems.csv",9925,4352,5573
"RC2_0146_ICR-3_p1.corems.csv",10049,4324,5725
"RC2_0147_ICR-1_p1.corems.csv",9004,3900,5104
"RC2_0147_ICR-2_p1.corems.csv",10342,4531,5811
"RC2_0147_ICR-3_p1.corems.csv",7895,3440,4455
"RC2_0148_ICR-1_p1.corems.csv",9392,4200,5192
"RC2_0148_ICR-2_p1.corems.csv",8131,3491,4640
"RC2_0148_ICR-3_p1.corems.csv",9577,4191,5386
"RC2_0149_ICR-1_p08.corems.csv",10591,4028,6563
"RC2_0149_ICR-2_p08.corems.csv",10819,4285,6534
"RC2_0149_ICR-3_p08.corems.csv",11088,4438,6650
"RC2_0150_ICR-1_p08.corems.csv",9863,3829,6034
"RC2_0150_ICR-2_p08.corems.csv",10413,4204,6209
"RC2_0150_ICR-3_p08.corems.csv",10278,3996,6282
"RC2_0151_ICR-1_p08.corems.csv",5156,2138,3018
"RC2_0151_ICR-1_p1.corems.csv",6880,2828,4052
"RC2_0151_ICR-2_p08.corems.csv",10717,4312,6405
"RC2_0151_ICR-3_p08.corems.csv",10312,4167,6145
"RC2_0152_ICR-1_p08.corems.csv",10417,4289,6128
"RC2_0152_ICR-2_p08.corems.csv",10190,4195,5995
"RC2_0152_ICR-3_p08.corems.csv",9714,3957,5757
"RC2_0153_ICR-2_p08.corems.csv",10680,4453,6227
"RC2_0153_ICR-3_p08.corems.csv",10416,4289,6127
"RC2_0154_ICR-1_p08.corems.csv",10599,4489,6110
"RC2_0154_ICR-2_p08.corems.csv",10528,4488,6040
"RC2_0154_ICR-3_p08.corems.csv",9849,4086,5763
"RC2_0155_ICR-1_p08.corems.csv",10015,3989,6026
"RC2_0155_ICR-2_p08.corems.csv",9946,3986,5960
"RC2_0155_ICR-3_p08.corems.csv",10232,4150,6082
"RC2_0156_ICR-1_p08.corems.csv",9778,3908,5870
"RC2_0156_ICR-2_p08.corems.csv",10418,4224,6194
"RC2_0156_ICR-3_p08.corems.csv",10736,4321,6415
"RC2_0157_ICR-1_p08.corems.csv",9656,3903,5753
"RC2_0157_ICR-2_p08.corems.csv",10264,4129,6135
"RC2_0157_ICR-3_p08.corems.csv",10875,4221,6654
"RC2_0158_ICR-1_p08.corems.csv",10390,4200,6190
"RC2_0158_ICR-2_p08.corems.csv",10217,4211,6006
"RC2_0158_ICR-3_p08.corems.csv",9436,3839,5597
"RC2_0159_ICR-1_p08.corems.csv",9910,3969,5941
"RC2_0159_ICR-2_p08.corems.csv",10222,4281,5941
"RC2_0159_ICR-3_p08.corems.csv",9774,4145,5629
"RC2_0160_ICR-1_p08.corems.csv",9888,4035,5853
"RC2_0160_ICR-2_p08.corems.csv",10325,4263,6062
"RC2_0160_ICR-3_p08.corems.csv",10045,4081,5964
"RC2_0163_ICR-1_p08.corems.csv",9616,3758,5858
"RC2_0163_ICR-2_p08.corems.csv",10056,3977,6079
"RC2_0163_ICR-3_p08.corems.csv",10284,4071,6213
"RC2_0164_ICR-1_p08.corems.csv",9975,4055,5920
"RC2_0164_ICR-2_p08.corems.csv",7421,3068,4353
"RC2_0164_ICR-3_p08.corems.csv",9425,3816,5609
"RC2_0165_ICR-1_p08.corems.csv",9684,3997,5687
"RC2_0165_ICR-2_p08.corems.csv",10103,4187,5916
"RC2_0165_ICR-3_p08.corems.csv",9834,4127,5707
"RC2_0166_ICR-1_p08.corems.csv",9237,3875,5362
"RC2_0166_ICR-2_p08.corems.csv",9227,3910,5317
"RC2_0166_ICR-3_p08.corems.csv",6584,2859,3725
"RC2_0167_ICR-1_p08.corems.csv",7522,3233,4289
"RC2_0167_ICR-2_p08.corems.csv",9096,3989,5107
"RC2_0167_ICR-3_p08.corems.csv",9213,4108,5105
"RC2_0177_ICR-1_p08.corems.csv",9491,4142,5349
"RC2_0177_ICR-2_p08.corems.csv",9693,4132,5561
"RC2_0177_ICR-3_p08.corems.csv",9947,4314,5633
"RC2_0178_ICR-1_p08.corems.csv",8447,3630,4817
"RC2_0178_ICR-2_p08.corems.csv",9637,4076,5561
"RC2_0178_ICR-3_p08.corems.csv",9936,4255,5681
"RC2_0179_ICR-1_p08.corems.csv",10295,4168,6127
"RC2_0179_ICR-3_p08.corems.csv",10443,4192,6251
"RC2_0183_ICR-2_p08.corems.csv",9189,3770,5419
"RC2_0183_ICR-3_p08.corems.csv",10167,4194,5973
"RC2_0184_ICR-1_p08.corems.csv",9605,4012,5593
"RC2_0184_ICR-2_p08.corems.csv",9751,4034,5717
"RC2_0184_ICR-3_p08.corems.csv",9804,4002,5802
"RC2_0187_ICR-1_p08.corems.csv",10449,4343,6106
"RC2_0187_ICR-2_p08.corems.csv",10128,4115,6013
"RC2_0187_ICR-3_p08.corems.csv",10457,4119,6338
"RC2_0188_ICR-1_p08.corems.csv",8372,3723,4649
"RC2_0188_ICR-2_p08.corems.csv",9601,4252,5349
"RC2_0188_ICR-3_p08.corems.csv",9650,4214,5436
"RC2_0189_ICR-1_p08.corems.csv",9581,4101,5480
"RC2_0189_ICR-2_p08.corems.csv",10436,4447,5989
"RC2_0189_ICR-3_p08.corems.csv",9800,4240,5560
"RC2_0190_ICR-1_p08.corems.csv",9447,4002,5445
"RC2_0190_ICR-2_p08.corems.csv",9895,4202,5693
"RC2_0190_ICR-3_p08.corems.csv",9480,4063,5417
"RC2_0191_ICR-1_p08.corems.csv",10095,4318,5777
"RC2_0191_ICR-2_p08.corems.csv",9558,3939,5619
"RC2_0191_ICR-3_p08.corems.csv",9019,3790,5229
"RC2_0192_ICR-1_p08.corems.csv",9165,3817,5348
"RC2_0192_ICR-2_p1.corems.csv",5060,1899,3161
"RC2_0192_ICR-3_p08.corems.csv",9460,4059,5401
"RC2_0193_ICR-1_p08.corems.csv",11044,4442,6602
"RC2_0193_ICR-2_p08.corems.csv",11085,4398,6687
"RC2_0193_ICR-3_p08.corems.csv",11116,4481,6635
"RC2_0194_ICR-1_p08.corems.csv",8111,3352,4759
"RC2_0194_ICR-2_p08.corems.csv",10297,4190,6107
"RC2_0194_ICR-3_p08.corems.csv",10625,4360,6265
"RC2_0195_ICR-1_p08.corems.csv",10313,3940,6373
"RC2_0195_ICR-2_p08.corems.csv",10330,3964,6366
"RC2_0195_ICR-3_p08.corems.csv",10045,3994,6051
"RC2_0196_ICR-1_p08.corems.csv",11185,4337,6848
"RC2_0196_ICR-2_p08.corems.csv",10220,4050,6170
"RC2_0196_ICR-3_p08.corems.csv",7657,3010,4647
"RC2_0197_ICR-1_p08.corems.csv",10183,4135,6048
"RC2_0197_ICR-2_p08.corems.csv",10289,4234,6055
"RC2_0197_ICR-3_p08.corems.csv",10433,4234,6199
"RC2_0198_ICR-1_p08.corems.csv",9899,3936,5963
"RC2_0198_ICR-2_p08.corems.csv",10166,4084,6082
"RC2_0198_ICR-3_p08.corems.csv",9782,3973,5809
"RC2_0199_ICR-1_p08.corems.csv",10389,4198,6191
"RC2_0199_ICR-2_p08.corems.csv",10151,4131,6020
"RC2_0199_ICR-3_p08.corems.csv",10047,4135,5912
"RC2_0200_ICR-1_p08.corems.csv",11398,4654,6744
"RC2_0200_ICR-2_p08.corems.csv",11095,4648,6447
"RC2_0200_ICR-3_p08.corems.csv",11457,4653,6804
"RC2_0201_ICR-1_p08.corems.csv",10823,4365,6458
"RC2_0201_ICR-2_p08.corems.csv",11422,4388,7034
"RC2_0201_ICR-3_p08.corems.csv",11503,4476,7027
"RC2_0202_ICR-1_p08.corems.csv",11818,4660,7158
"RC2_0202_ICR-2_p08.corems.csv",11163,4546,6617
"RC2_0202_ICR-3_p08.corems.csv",10504,4311,6193
"RC2_0203_ICR-1_p08.corems.csv",10768,4458,6310
"RC2_0203_ICR-2_p08.corems.csv",11245,4633,6612
"RC2_0203_ICR-3_p08.corems.csv",11711,4722,6989
"RC2_0204_ICR-1_p08.corems.csv",11116,4636,6480
"RC2_0204_ICR-2_p08.corems.csv",11020,4684,6336
"RC2_0204_ICR-3_p08.corems.csv",11228,4702,6526
"RC2_0205_ICR-1_p08.corems.csv",11226,4839,6387
"RC2_0205_ICR-2_p08.corems.csv",11014,4742,6272
"RC2_0205_ICR-3_p08.corems.csv",10708,4517,6191
"RC2_0206_ICR-1_p08.corems.csv",10963,4588,6375
"RC2_0206_ICR-2_p08.corems.csv",10195,4245,5950
"RC2_0206_ICR-3_p08.corems.csv",9529,3960,5569
"RC2_0207_ICR-1_p08.corems.csv",10483,4277,6206
"RC2_0207_ICR-2_p08.corems.csv",10470,4212,6258
"RC2_0207_ICR-3_p08.corems.csv",11420,4473,6947
"RC2_0208_ICR-1_p08.corems.csv",11046,4475,6571
"RC2_0208_ICR-2_p08.corems.csv",10780,4462,6318
"RC2_0208_ICR-3_p08.corems.csv",11259,4497,6762
"RC2_0209_ICR-1_p08.corems.csv",11380,4532,6848
"RC2_0209_ICR-2_p08.corems.csv",11211,4621,6590
"RC2_0209_ICR-3_p08.corems.csv",11316,4660,6656
"RC2_0210_ICR-1_p08.corems.csv",11745,4826,6919
"RC2_0210_ICR-2_p08.corems.csv",11392,4696,6696
"RC2_0210_ICR-3_p08.corems.csv",10868,4629,6239
"RC2_0211_ICR-1_p08.corems.csv",10671,4499,6172
"RC2_0211_ICR-2_p08.corems.csv",10785,4554,6231
"RC2_0211_ICR-3_p08.corems.csv",11242,4732,6510
