Sample_ID,Parent_ID,Site_ID,your_site_4digit,your_rep,Sample_ID_repo,repo_location,your_richness,repo_richness,richness_difference,your_total_transformations,repo_total_transformations,total_transformations_difference,your_normalized_transformations,repo_normalized_transformations,normalized_transformations_difference,your_basin_area_km2,repo_basin_area_km2,basin_area_difference_km2
RC2_0001_ICR-1,RC2_0001,T06,0001,1,RC2_0001_ICR.1_p08,American River,4182,3196,986,28182,65532,-37350,6.738880918220947,20.504380475594495,-13.765499557373548,206.20349999999996,206.20349999999996,0
RC2_0001_ICR-2,RC2_0001,T06,0001,2,RC2_0001_ICR.2_p08,American River,4373,3871,502,28969,79217,-50248,6.624514063571919,20.46422113149057,-13.839707067918653,206.20349999999996,206.20349999999996,0
RC2_0001_ICR-3,RC2_0001,T06,0001,3,RC2_0001_ICR.3_p08,American River,4130,3078,1052,27290,62835,-35545,6.60774818401937,20.41423001949318,-13.806481835473807,206.20349999999996,206.20349999999996,0
RC2_0002_ICR-1,RC2_0002,T05P,0002,1,RC2_0002_ICR.1_p08,Little Naches,4475,3606,869,28475,72162,-43687,6.363128491620111,20.011647254575706,-13.648518762955595,383.86440000000005,383.86440000000005,0
RC2_0002_ICR-2,RC2_0002,T05P,0002,2,RC2_0002_ICR.2_p08,Little Naches,4428,3805,623,25306,76884,-51578,5.714995483288166,20.20604467805519,-14.491049194767022,383.86440000000005,383.86440000000005,0
RC2_0002_ICR-3,RC2_0002,T05P,0002,3,RC2_0002_ICR.3_p08,Little Naches,4249,3715,534,24712,75557,-50845,5.815956695693104,20.33835800807537,-14.522401312382268,383.86440000000005,383.86440000000005,0
RC2_0003_ICR-1,RC2_0003,T41,0003,1,RC2_0003_ICR.1_p08,Naches- Craig Road 1,4317,3615,702,25648,73237,-47589,5.941162844567987,20.259197786998616,-14.318034942430629,2465.9001000000003,2465.9001000000003,0
RC2_0003_ICR-2,RC2_0003,T41,0003,2,RC2_0003_ICR.2_p08,Naches- Craig Road 1,3702,2854,848,27178,56067,-28889,7.341437061048082,19.645059565522075,-12.303622504473992,2465.9001000000003,2465.9001000000003,0
RC2_0003_ICR-3,RC2_0003,T41,0003,3,RC2_0003_ICR.3_p08,Naches- Craig Road 1,4202,3770,432,22630,75382,-52752,5.385530699666825,19.99522546419098,-14.609694764524155,2465.9001000000003,2465.9001000000003,0
RC2_0004_ICR-1,RC2_0004,T03,0004,1,RC2_0004_ICR.1_p08,Union Gap,4434,3849,585,26588,77871,-51283,5.996391520072169,20.23148869836321,-14.235097178291042,8977.068899999998,8977.068899999998,0
RC2_0004_ICR-2,RC2_0004,T03,0004,2,RC2_0004_ICR.2_p08,Union Gap,4462,3839,623,25468,76962,-51494,5.707754370237562,20.04740817921334,-14.339653808975775,8977.068899999998,8977.068899999998,0
RC2_0004_ICR-3,RC2_0004,T03,0004,3,RC2_0004_ICR.3_p08,Union Gap,4239,3743,496,25549,75763,-50214,6.027129039867893,20.24125033395672,-14.214121294088827,8977.068899999998,8977.068899999998,0
RC2_0005_ICR-1,RC2_0005,T02,0005,1,RC2_0005_ICR.1_p08,Mabton,4574,3366,1208,28795,70843,-42048,6.295365107127241,21.046642899584075,-14.751277792456834,13461.462,13461.462,0
RC2_0005_ICR-2,RC2_0005,T02,0005,2,RC2_0005_ICR.2_p08,Mabton,4618,3939,679,27877,81568,-53691,6.036595928973582,20.707793856308708,-14.671197927335125,13461.462,13461.462,0
RC2_0005_ICR-3,RC2_0005,T02,0005,3,RC2_0005_ICR.3_p08,Mabton,4123,3265,858,28962,68197,-39235,7.0244967256851805,20.887289433384378,-13.862792707699198,13461.462,13461.462,0
RC2_0006_ICR-1,RC2_0006,T07,0006,1,RC2_0006_ICR.1_p08,Kiona,4552,3942,610,30236,84462,-54226,6.642355008787346,21.426179604261797,-14.783824595474451,14144.724900000001,14144.724900000001,0
RC2_0006_ICR-2,RC2_0006,T07,0006,2,RC2_0006_ICR.2_p08,Kiona,4721,3435,1286,27938,71675,-43737,5.917814022452871,20.86608442503639,-14.948270402583521,14144.724900000001,14144.724900000001,0
RC2_0006_ICR-3,RC2_0006,T07,0006,3,RC2_0006_ICR.3_p08,Kiona,4517,3763,754,26511,79092,-52581,5.869160947531547,21.01833643369652,-15.149175486164971,14144.724900000001,14144.724900000001,0
RC2_0007_ICR-1,RC2_0007,T06,0007,1,RC2_0007_ICR.1_p08,American River,4112,3022,1090,26297,60787,-34490,6.395184824902723,20.114824619457313,-13.719639794554588,206.20349999999996,206.20349999999996,0
RC2_0007_ICR-2,RC2_0007,T06,0007,2,RC2_0007_ICR.2_p08,American River,4226,3333,893,25433,66034,-40601,6.018220539517274,19.81218121812181,-13.793960678604538,206.20349999999996,206.20349999999996,0
RC2_0007_ICR-3,RC2_0007,T06,0007,3,RC2_0007_ICR.3_p08,American River,3873,3272,601,23437,63286,-39849,6.05138135812032,19.341687041564793,-13.290305683444473,206.20349999999996,206.20349999999996,0
RC2_0008_ICR-1,RC2_0008,T05P,0008,1,RC2_0008_ICR.1_p08,Little Naches,4422,3835,587,22420,72827,-50407,5.070104025327906,18.990091264667537,-13.919987239339632,383.86440000000005,383.86440000000005,0
RC2_0008_ICR-2,RC2_0008,T05P,0008,2,RC2_0008_ICR.2_p08,Little Naches,4237,3468,769,24126,69281,-45155,5.694123200377626,19.97722029988466,-14.283097099507035,383.86440000000005,383.86440000000005,0
RC2_0008_ICR-3,RC2_0008,T05P,0008,3,RC2_0008_ICR.3_p08,Little Naches,4429,3555,874,24574,70287,-45713,5.548430797019643,19.771308016877637,-14.222877219857994,383.86440000000005,383.86440000000005,0
RC2_0009_ICR-1,RC2_0009,T42,0009,1,RC2_0009_ICR.1_p08,Naches- Craig Road 2,4305,3359,946,26783,69558,-42775,6.2213704994192804,20.707948794284015,-14.486578294864735,2465.9001000000003,2465.9001000000003,0
RC2_0009_ICR-2,RC2_0009,T42,0009,2,RC2_0009_ICR.2_p08,Naches- Craig Road 2,4500,3713,787,26232,74866,-48634,5.8293333333333335,20.163210342041477,-14.333877008708143,2465.9001000000003,2465.9001000000003,0
RC2_0009_ICR-3,RC2_0009,T42,0009,3,RC2_0009_ICR.3_p08,Naches- Craig Road 2,4461,3715,746,26541,75618,-49077,5.949562878278413,20.35477792732167,-14.405215049043257,2465.9001000000003,2465.9001000000003,0
RC2_0010_ICR-1,RC2_0010,T03,0010,1,RC2_0010_ICR.1_p08,Union Gap,4398,3760,638,27093,77661,-50568,6.160300136425648,20.654521276595744,-14.494221140170097,8977.068899999998,8977.068899999998,0
RC2_0010_ICR-2,RC2_0010,T03,0010,2,RC2_0010_ICR.2_p08,Union Gap,4503,3701,802,26105,76941,-50836,5.797246280257606,20.789246149689273,-14.991999869431666,8977.068899999998,8977.068899999998,0
RC2_0010_ICR-3,RC2_0010,T03,0010,3,RC2_0010_ICR.3_p08,Union Gap,4250,3077,1173,27398,65070,-37672,6.446588235294118,21.147221319467015,-14.700633084172896,8977.068899999998,8977.068899999998,0
RC2_0011_ICR-1,RC2_0011,T02,0011,1,RC2_0011_ICR.1_p08,Mabton,4528,3960,568,24822,80591,-55769,5.4818904593639575,20.351262626262628,-14.869372166898671,13461.462,13461.462,0
RC2_0011_ICR-2,RC2_0011,T02,0011,2,RC2_0011_ICR.2_p08,Mabton,4629,3743,886,24286,76635,-52349,5.24648952257507,20.47421854127705,-15.22772901870198,13461.462,13461.462,0
RC2_0011_ICR-3,RC2_0011,T02,0011,3,RC2_0011_ICR.3_p08,Mabton,4172,2857,1315,28743,58611,-29868,6.889501438159156,20.51487574378719,-13.625374305628034,13461.462,13461.462,0
RC2_0012_ICR-1,RC2_0012,T07,0012,1,RC2_0012_ICR.1_p08,Kiona,4259,3326,933,26662,69928,-43266,6.26015496595445,21.02465423932652,-14.76449927337207,14144.724900000001,14144.724900000001,0
RC2_0012_ICR-2,RC2_0012,T07,0012,2,RC2_0012_ICR.2_p08,Kiona,4535,3969,566,25113,81190,-56077,5.537596471885336,20.456034265558074,-14.918437793672737,14144.724900000001,14144.724900000001,0
RC2_0012_ICR-3,RC2_0012,T07,0012,3,RC2_0012_ICR.3_p08,Kiona,4430,4035,395,24107,82303,-58196,5.44176072234763,20.39727385377943,-14.9555131314318,14144.724900000001,14144.724900000001,0
RC2_0013_ICR-1,RC2_0013,T06,0013,1,RC2_0013_ICR.1_p08,American River,4219,3602,617,26501,72614,-46113,6.281346290590188,20.159355913381454,-13.878009622791266,206.20349999999996,206.20349999999996,0
RC2_0013_ICR-2,RC2_0013,T06,0013,2,RC2_0013_ICR.2_p08,American River,4024,3445,579,23147,68432,-45285,5.7522365805168985,19.864150943396226,-14.111914362879327,206.20349999999996,206.20349999999996,0
RC2_0013_ICR-3,RC2_0013,T06,0013,3,RC2_0013_ICR.3_p08,American River,3810,2638,1172,23212,53364,-30152,6.092388451443569,20.2289613343442,-14.13657288290063,206.20349999999996,206.20349999999996,0
RC2_0014_ICR-1,RC2_0014,T05P,0014,1,RC2_0014_ICR.1_p08,Little Naches,4238,3915,323,21441,76658,-55217,5.059226050023596,19.58058748403576,-14.521361434012164,383.86440000000005,383.86440000000005,0
RC2_0014_ICR-2,RC2_0014,T05P,0014,2,RC2_0014_ICR.2_p08,Little Naches,4163,3855,308,20123,73731,-53608,4.83377372087437,19.126070038910505,-14.292296318036136,383.86440000000005,383.86440000000005,0
RC2_0014_ICR-3,RC2_0014,T05P,0014,3,RC2_0014_ICR.3_p08,Little Naches,4416,3889,527,22705,76405,-53700,5.141530797101449,19.646438673180768,-14.504907876079319,383.86440000000005,383.86440000000005,0
RC2_0015_ICR-1,RC2_0015,T42,0015,1,RC2_0015_ICR.1_p08,Naches- Craig Road 2,4603,3751,852,26724,76489,-49765,5.80577883988703,20.391628898960278,-14.585850059073248,2465.9001000000003,2465.9001000000003,0
RC2_0015_ICR-2,RC2_0015,T42,0015,2,RC2_0015_ICR.2_p08,Naches- Craig Road 2,4319,3566,753,24827,73661,-48834,5.748321370687659,20.656477846326418,-14.908156475638759,2465.9001000000003,2465.9001000000003,0
RC2_0015_ICR-3,RC2_0015,T42,0015,3,RC2_0015_ICR.3_p08,Naches- Craig Road 2,4313,3954,359,21715,79572,-57857,5.034778576396939,20.12443095599393,-15.089652379596991,2465.9001000000003,2465.9001000000003,0
RC2_0016_ICR-1,RC2_0016,T03,0016,1,RC2_0016_ICR.1_p08,Union Gap,4583,3706,877,27916,77119,-49203,6.091206633209688,20.80922827846735,-14.718021645257664,8977.068899999998,8977.068899999998,0
RC2_0016_ICR-2,RC2_0016,T03,0016,2,RC2_0016_ICR.2_p08,Union Gap,4447,3938,509,21868,78702,-56834,4.91747245333933,19.985271711528696,-15.067799258189368,8977.068899999998,8977.068899999998,0
RC2_0016_ICR-3,RC2_0016,T03,0016,3,RC2_0016_ICR.3_p08,Union Gap,4640,3815,825,27397,80612,-53215,5.904525862068965,21.1302752293578,-15.225749367288834,8977.068899999998,8977.068899999998,0
RC2_0017_ICR-1,RC2_0017,T02,0017,1,RC2_0017_ICR.1_p08,Mabton,4591,3734,857,26775,78225,-51450,5.832062731431061,20.949384038564542,-15.11732130713348,13461.462,13461.462,0
RC2_0017_ICR-2,RC2_0017,T02,0017,2,RC2_0017_ICR.2_p08,Mabton,4514,3863,651,23774,77809,-54035,5.266725742135578,20.142117525239453,-14.875391783103876,13461.462,13461.462,0
RC2_0017_ICR-3,RC2_0017,T02,0017,3,RC2_0017_ICR.3_p08,Mabton,4531,3874,657,24927,81736,-56809,5.501434561906864,21.098606091894684,-15.59717152998782,13461.462,13461.462,0
RC2_0018_ICR-1,RC2_0018,T07,0018,1,RC2_0018_ICR.1_p08,Kiona,4612,3933,679,25215,81735,-56520,5.467259323503903,20.78184591914569,-15.314586595641789,14144.724900000001,14144.724900000001,0
RC2_0018_ICR-2,RC2_0018,T07,0018,2,RC2_0018_ICR.2_p08,Kiona,4455,3933,522,23643,81085,-57442,5.307070707070707,20.616577676074243,-15.309506969003536,14144.724900000001,14144.724900000001,0
RC2_0018_ICR-3,RC2_0018,T07,0018,3,RC2_0018_ICR.3_p08,Kiona,4563,3850,713,26428,80081,-53653,5.791803637957484,20.80025974025974,-15.008456102302256,14144.724900000001,14144.724900000001,0
RC2_0019_ICR-2,RC2_0019,T06,0019,2,RC2_0019_ICR.2_p08,American River,3985,2663,1322,28115,52660,-24545,7.055207026348808,19.774690199023656,-12.719483172674849,206.20349999999996,206.20349999999996,0
RC2_0019_ICR-3,RC2_0019,T06,0019,3,RC2_0019_ICR.3_p08,American River,4147,3312,835,26606,65094,-38488,6.415722208825657,19.653985507246375,-13.23826329842072,206.20349999999996,206.20349999999996,0
RC2_0020_ICR-1,RC2_0020,T05P,0020,1,RC2_0020_ICR.1_p08,Little Naches,4213,3886,327,21473,74783,-53310,5.096843104676003,19.24420998455996,-14.147366879883956,383.86440000000005,383.86440000000005,0
RC2_0020_ICR-2,RC2_0020,T05P,0020,2,RC2_0020_ICR.2_p08,Little Naches,4454,3563,891,25819,73759,-47940,5.796811854512797,20.701375245579566,-14.90456339106677,383.86440000000005,383.86440000000005,0
RC2_0020_ICR-3,RC2_0020,T05P,0020,3,RC2_0020_ICR.3_p08,Little Naches,3967,3000,967,25591,59880,-34289,6.450970506680111,19.96,-13.50902949331989,383.86440000000005,383.86440000000005,0
RC2_0021_ICR-1,RC2_0021,T42,0021,1,RC2_0021_ICR.1_p08,Naches- Craig Road 2,4524,3651,873,27183,75898,-48715,6.008620689655173,20.788277184333058,-14.779656494677885,2465.9001000000003,2465.9001000000003,0
RC2_0021_ICR-2,RC2_0021,T42,0021,2,RC2_0021_ICR.2_p08,Naches- Craig Road 2,4203,3818,385,22855,75828,-52973,5.437782536283607,19.86066003143007,-14.422877495146462,2465.9001000000003,2465.9001000000003,0
RC2_0021_ICR-3,RC2_0021,T42,0021,3,RC2_0021_ICR.3_p08,Naches- Craig Road 2,4284,3924,360,20709,78994,-58285,4.834033613445378,20.13098878695209,-15.296955173506714,2465.9001000000003,2465.9001000000003,0
RC2_0022_ICR-1,RC2_0022,T03,0022,1,RC2_0022_ICR.1_p08,Union Gap,4442,4028,414,25356,83317,-57961,5.708239531742459,20.684458788480637,-14.976219256738178,8977.068899999998,8977.068899999998,0
RC2_0022_ICR-2,RC2_0022,T03,0022,2,RC2_0022_ICR.2_p08,Union Gap,4509,3670,839,27214,77166,-49952,6.03548458638279,21.026158038147138,-14.990673451764348,8977.068899999998,8977.068899999998,0
RC2_0022_ICR-3,RC2_0022,T03,0022,3,RC2_0022_ICR.3_p08,Union Gap,4567,3961,606,26546,83352,-56806,5.81256842566236,21.043170916435244,-15.230602490772885,8977.068899999998,8977.068899999998,0
RC2_0023_ICR-1,RC2_0023,T02,0023,1,RC2_0023_ICR.1_p08,Mabton,4451,4113,338,24834,83869,-59035,5.57942035497641,20.391198638463408,-14.811778283486998,13461.462,13461.462,0
RC2_0023_ICR-2,RC2_0023,T02,0023,2,RC2_0023_ICR.2_p08,Mabton,4458,4080,378,25702,83719,-58017,5.765365634813818,20.51936274509804,-14.753997110284221,13461.462,13461.462,0
RC2_0023_ICR-3,RC2_0023,T02,0023,3,RC2_0023_ICR.3_p08,Mabton,4374,3979,395,24766,80700,-55934,5.66209419295839,20.28147775823071,-14.61938356527232,13461.462,13461.462,0
RC2_0024_ICR-1,RC2_0024,T07,0024,1,RC2_0024_ICR.1_p08,Kiona,4292,4097,195,21814,84378,-62564,5.082479030754893,20.59506956309495,-15.512590532340056,14144.724900000001,14144.724900000001,0
RC2_0024_ICR-2,RC2_0024,T07,0024,2,RC2_0024_ICR.2_p08,Kiona,4536,3611,925,27730,77796,-50066,6.11331569664903,21.544170589864304,-15.430854893215274,14144.724900000001,14144.724900000001,0
RC2_0024_ICR-3,RC2_0024,T07,0024,3,RC2_0024_ICR.3_p08,Kiona,4363,4062,301,24947,83723,-58776,5.717854687141875,20.611275233874938,-14.893420546733063,14144.724900000001,14144.724900000001,0
RC2_0025_ICR-1,RC2_0025,T06,0025,1,RC2_0025_ICR.1_p08,American River,4135,3267,868,25998,64656,-38658,6.287303506650544,19.790633608815426,-13.503330102164881,206.20349999999996,206.20349999999996,0
RC2_0025_ICR-2,RC2_0025,T06,0025,2,RC2_0025_ICR.2_p08,American River,4002,3604,398,24567,69113,-44546,6.138680659670165,19.176748057713652,-13.038067398043488,206.20349999999996,206.20349999999996,0
RC2_0025_ICR-3,RC2_0025,T06,0025,3,RC2_0025_ICR.3_p08,American River,4095,2598,1497,26438,51238,-24800,6.456166056166056,19.72209391839877,-13.265927862232713,206.20349999999996,206.20349999999996,0
RC2_0026_ICR-1,RC2_0026,T05P,0026,1,RC2_0026_ICR.1_p08,Little Naches,4249,3812,437,23152,74645,-51493,5.448811485055307,19.581584470094437,-14.13277298503913,383.86440000000005,383.86440000000005,0
RC2_0026_ICR-2,RC2_0026,T05P,0026,2,RC2_0026_ICR.2_p08,Little Naches,4255,3902,353,22625,75365,-52740,5.317273795534665,19.314454126089185,-13.99718033055452,383.86440000000005,383.86440000000005,0
RC2_0026_ICR-3,RC2_0026,T05P,0026,3,RC2_0026_ICR.3_p08,Little Naches,4205,3824,381,23414,74735,-51321,5.568133174791915,19.543671548117153,-13.97553837332524,383.86440000000005,383.86440000000005,0
RC2_0027_ICR-1,RC2_0027,T42,0027,1,RC2_0027_ICR.1_p08,Naches- Craig Road 2,4069,3940,129,22727,77855,-55128,5.585401818628656,19.76015228426396,-14.174750465635304,2465.9001000000003,2465.9001000000003,0
RC2_0027_ICR-2,RC2_0027,T42,0027,2,RC2_0027_ICR.2_p08,Naches- Craig Road 2,3927,3523,404,23344,67282,-43938,5.944486885663356,19.097927902355945,-13.15344101669259,2465.9001000000003,2465.9001000000003,0
RC2_0027_ICR-3,RC2_0027,T42,0027,3,RC2_0027_ICR.3_p08,Naches- Craig Road 2,4060,3493,567,23161,70205,-47044,5.704679802955665,20.098768966504437,-14.394089163548772,2465.9001000000003,2465.9001000000003,0
RC2_0028_ICR-1,RC2_0028,T03,0028,1,RC2_0028_ICR.1_p08,Union Gap,4353,3885,468,24589,75691,-51102,5.648747989892028,19.482882882882883,-13.834134892990855,8977.068899999998,8977.068899999998,0
RC2_0028_ICR-2,RC2_0028,T03,0028,2,RC2_0028_ICR.2_p08,Union Gap,4453,3648,805,27084,77078,-49994,6.082191780821918,21.128837719298247,-15.046645938476328,8977.068899999998,8977.068899999998,0
RC2_0028_ICR-3,RC2_0028,T03,0028,3,RC2_0028_ICR.3_p08,Union Gap,4247,4009,238,22906,83078,-60172,5.3934542029668,20.72287353454727,-15.329419331580468,8977.068899999998,8977.068899999998,0
RC2_0029_ICR-1,RC2_0029,T02,0029,1,RC2_0029_ICR.1_p08,Mabton,4419,3670,749,28356,78615,-50259,6.41683638832315,21.420980926430516,-15.004144538107367,13461.462,13461.462,0
RC2_0029_ICR-2,RC2_0029,T02,0029,2,RC2_0029_ICR.2_p08,Mabton,4303,3987,316,25603,81163,-55560,5.950034859400418,20.356909957361424,-14.406875097961006,13461.462,13461.462,0
RC2_0029_ICR-3,RC2_0029,T02,0029,3,RC2_0029_ICR.3_p08,Mabton,4570,3975,595,27069,82991,-55922,5.9231947483588625,20.878238993710692,-14.955044245351829,13461.462,13461.462,0
RC2_0030_ICR-1,RC2_0030,T07,0030,1,RC2_0030_ICR.1_p08,Kiona,4644,3604,1040,27660,77322,-49662,5.956072351421189,21.45449500554939,-15.498422654128202,14144.724900000001,14144.724900000001,0
RC2_0030_ICR-2,RC2_0030,T07,0030,2,RC2_0030_ICR.2_p08,Kiona,4449,3542,907,28129,74096,-45967,6.322544391998202,20.919254658385093,-14.596710266386891,14144.724900000001,14144.724900000001,0
RC2_0030_ICR-3,RC2_0030,T07,0030,3,RC2_0030_ICR.3_p08,Kiona,4308,4113,195,21423,86182,-64759,4.972841225626741,20.953561876975442,-15.980720651348701,14144.724900000001,14144.724900000001,0
RC2_0031_ICR-1,RC2_0031,T06,0031,1,NA,NA,3677,NA,NA,24767,NA,NA,6.735654065814523,NA,NA,206.20349999999996,NA,NA
RC2_0031_ICR-2,RC2_0031,T06,0031,2,NA,NA,4321,NA,NA,29359,NA,NA,6.794492015737098,NA,NA,206.20349999999996,NA,NA
RC2_0031_ICR-3,RC2_0031,T06,0031,3,NA,NA,4057,NA,NA,26703,NA,NA,6.581957111165886,NA,NA,206.20349999999996,NA,NA
RC2_0032_ICR-1,RC2_0032,T05P,0032,1,NA,NA,4550,NA,NA,24892,NA,NA,5.470769230769231,NA,NA,383.86440000000005,NA,NA
RC2_0032_ICR-2,RC2_0032,T05P,0032,2,NA,NA,4372,NA,NA,25726,NA,NA,5.884263494967978,NA,NA,383.86440000000005,NA,NA
RC2_0032_ICR-3,RC2_0032,T05P,0032,3,NA,NA,4176,NA,NA,25272,NA,NA,6.051724137931035,NA,NA,383.86440000000005,NA,NA
RC2_0033_ICR-1,RC2_0033,T42,0033,1,NA,NA,4510,NA,NA,25936,NA,NA,5.750776053215078,NA,NA,2465.9001000000003,NA,NA
RC2_0033_ICR-2,RC2_0033,T42,0033,2,NA,NA,4491,NA,NA,26494,NA,NA,5.899354264083723,NA,NA,2465.9001000000003,NA,NA
RC2_0033_ICR-3,RC2_0033,T42,0033,3,NA,NA,4326,NA,NA,25826,NA,NA,5.969949144706426,NA,NA,2465.9001000000003,NA,NA
RC2_0034_ICR-1,RC2_0034,T03,0034,1,NA,NA,4132,NA,NA,28145,NA,NA,6.811471442400775,NA,NA,8977.068899999998,NA,NA
RC2_0034_ICR-2,RC2_0034,T03,0034,2,NA,NA,4608,NA,NA,27480,NA,NA,5.963541666666667,NA,NA,8977.068899999998,NA,NA
RC2_0034_ICR-3,RC2_0034,T03,0034,3,NA,NA,4649,NA,NA,29654,NA,NA,6.378576037857604,NA,NA,8977.068899999998,NA,NA
RC2_0035_ICR-1,RC2_0035,T02,0035,1,NA,NA,4672,NA,NA,28355,NA,NA,6.069135273972603,NA,NA,13461.462,NA,NA
RC2_0035_ICR-2,RC2_0035,T02,0035,2,NA,NA,4404,NA,NA,25736,NA,NA,5.84377838328792,NA,NA,13461.462,NA,NA
RC2_0035_ICR-3,RC2_0035,T02,0035,3,NA,NA,4849,NA,NA,28763,NA,NA,5.931738502784079,NA,NA,13461.462,NA,NA
RC2_0036_ICR-1,RC2_0036,T07,0036,1,NA,NA,4586,NA,NA,28943,NA,NA,6.311164413432185,NA,NA,14144.724900000001,NA,NA
RC2_0036_ICR-2,RC2_0036,T07,0036,2,NA,NA,4693,NA,NA,28953,NA,NA,6.16940123588323,NA,NA,14144.724900000001,NA,NA
RC2_0036_ICR-3,RC2_0036,T07,0036,3,NA,NA,4118,NA,NA,30252,NA,NA,7.346284604176785,NA,NA,14144.724900000001,NA,NA
RC2_0037_ICR-1,RC2_0037,T06,0037,1,NA,NA,4821,NA,NA,27090,NA,NA,5.619166148102053,NA,NA,206.20349999999996,NA,NA
RC2_0037_ICR-2,RC2_0037,T06,0037,2,NA,NA,4560,NA,NA,28271,NA,NA,6.199780701754386,NA,NA,206.20349999999996,NA,NA
RC2_0037_ICR-3,RC2_0037,T06,0037,3,NA,NA,4554,NA,NA,26207,NA,NA,5.754721124286342,NA,NA,206.20349999999996,NA,NA
RC2_0038_ICR-1,RC2_0038,T05P,0038,1,NA,NA,4606,NA,NA,24794,NA,NA,5.382978723404255,NA,NA,383.86440000000005,NA,NA
RC2_0038_ICR-2,RC2_0038,T05P,0038,2,NA,NA,4116,NA,NA,23742,NA,NA,5.7682215743440235,NA,NA,383.86440000000005,NA,NA
RC2_0038_ICR-3,RC2_0038,T05P,0038,3,NA,NA,4386,NA,NA,25909,NA,NA,5.907204742362061,NA,NA,383.86440000000005,NA,NA
RC2_0039_ICR-1,RC2_0039,T42,0039,1,NA,NA,4710,NA,NA,25662,NA,NA,5.448407643312102,NA,NA,2465.9001000000003,NA,NA
RC2_0039_ICR-2,RC2_0039,T42,0039,2,NA,NA,4254,NA,NA,30800,NA,NA,7.240244475787494,NA,NA,2465.9001000000003,NA,NA
RC2_0039_ICR-3,RC2_0039,T42,0039,3,NA,NA,4852,NA,NA,26248,NA,NA,5.4097279472382525,NA,NA,2465.9001000000003,NA,NA
RC2_0040_ICR-1,RC2_0040,T03,0040,1,NA,NA,4385,NA,NA,26695,NA,NA,6.0877993158494865,NA,NA,8977.068899999998,NA,NA
RC2_0040_ICR-2,RC2_0040,T03,0040,2,NA,NA,4196,NA,NA,28999,NA,NA,6.911105815061964,NA,NA,8977.068899999998,NA,NA
RC2_0040_ICR-3,RC2_0040,T03,0040,3,NA,NA,4683,NA,NA,26810,NA,NA,5.724962630792227,NA,NA,8977.068899999998,NA,NA
RC2_0041_ICR-1,RC2_0041,T02,0041,1,NA,NA,4692,NA,NA,29372,NA,NA,6.26001705029838,NA,NA,13461.462,NA,NA
RC2_0041_ICR-2,RC2_0041,T02,0041,2,NA,NA,4606,NA,NA,26949,NA,NA,5.8508467216673905,NA,NA,13461.462,NA,NA
RC2_0041_ICR-3,RC2_0041,T02,0041,3,NA,NA,3847,NA,NA,26983,NA,NA,7.014036911879386,NA,NA,13461.462,NA,NA
RC2_0042_ICR-1,RC2_0042,T07,0042,1,NA,NA,4177,NA,NA,28573,NA,NA,6.840555422552071,NA,NA,14144.724900000001,NA,NA
RC2_0042_ICR-2,RC2_0042,T07,0042,2,NA,NA,4610,NA,NA,29648,NA,NA,6.431236442516269,NA,NA,14144.724900000001,NA,NA
RC2_0042_ICR-3,RC2_0042,T07,0042,3,NA,NA,3991,NA,NA,27522,NA,NA,6.896016036081183,NA,NA,14144.724900000001,NA,NA
RC2_0043_ICR-1,RC2_0043,T06,0043,1,NA,NA,4031,NA,NA,26525,NA,NA,6.580253038948152,NA,NA,206.20349999999996,NA,NA
RC2_0043_ICR-2,RC2_0043,T06,0043,2,NA,NA,3950,NA,NA,27954,NA,NA,7.076962025316456,NA,NA,206.20349999999996,NA,NA
RC2_0043_ICR-3,RC2_0043,T06,0043,3,NA,NA,3245,NA,NA,26594,NA,NA,8.19537750385208,NA,NA,206.20349999999996,NA,NA
RC2_0044_ICR-1,RC2_0044,T05P,0044,1,NA,NA,4206,NA,NA,28142,NA,NA,6.690917736566809,NA,NA,383.86440000000005,NA,NA
RC2_0044_ICR-2,RC2_0044,T05P,0044,2,NA,NA,3177,NA,NA,29898,NA,NA,9.410764872521248,NA,NA,383.86440000000005,NA,NA
RC2_0044_ICR-3,RC2_0044,T05P,0044,3,NA,NA,4207,NA,NA,26048,NA,NA,6.191585452816734,NA,NA,383.86440000000005,NA,NA
RC2_0045_ICR-1,RC2_0045,T42,0045,1,NA,NA,4587,NA,NA,31640,NA,NA,6.897754523653804,NA,NA,2465.9001000000003,NA,NA
RC2_0045_ICR-2,RC2_0045,T42,0045,2,NA,NA,4703,NA,NA,29102,NA,NA,6.1879651286412924,NA,NA,2465.9001000000003,NA,NA
RC2_0045_ICR-3,RC2_0045,T42,0045,3,NA,NA,4283,NA,NA,30324,NA,NA,7.080084053233715,NA,NA,2465.9001000000003,NA,NA
RC2_0046_ICR-1,RC2_0046,T03,0046,1,NA,NA,4595,NA,NA,28200,NA,NA,6.137105549510338,NA,NA,8977.068899999998,NA,NA
RC2_0046_ICR-2,RC2_0046,T03,0046,2,NA,NA,4367,NA,NA,29029,NA,NA,6.647355163727959,NA,NA,8977.068899999998,NA,NA
RC2_0046_ICR-3,RC2_0046,T03,0046,3,NA,NA,4697,NA,NA,30644,NA,NA,6.524164360229934,NA,NA,8977.068899999998,NA,NA
RC2_0048_ICR-1,RC2_0048,T07,0048,1,NA,NA,4595,NA,NA,28895,NA,NA,6.288356909684439,NA,NA,14144.724900000001,NA,NA
RC2_0048_ICR-2,RC2_0048,T07,0048,2,NA,NA,4217,NA,NA,31934,NA,NA,7.5726820014228124,NA,NA,14144.724900000001,NA,NA
RC2_0048_ICR-3,RC2_0048,T07,0048,3,NA,NA,4794,NA,NA,29527,NA,NA,6.1591572799332495,NA,NA,14144.724900000001,NA,NA
RC2_0049_ICR-1,RC2_0049,T02,0049,1,NA,NA,4266,NA,NA,29168,NA,NA,6.837318330989217,NA,NA,13461.462,NA,NA
RC2_0049_ICR-2,RC2_0049,T02,0049,2,NA,NA,4549,NA,NA,30344,NA,NA,6.670477027918224,NA,NA,13461.462,NA,NA
RC2_0049_ICR-3,RC2_0049,T02,0049,3,NA,NA,4789,NA,NA,27070,NA,NA,5.652537064105241,NA,NA,13461.462,NA,NA
RC2_0050_ICR-1,RC2_0050,T06,0050,1,NA,NA,4370,NA,NA,31748,NA,NA,7.264988558352402,NA,NA,206.20349999999996,NA,NA
RC2_0050_ICR-2,RC2_0050,T06,0050,2,NA,NA,4479,NA,NA,30229,NA,NA,6.749051127483813,NA,NA,206.20349999999996,NA,NA
RC2_0050_ICR-3,RC2_0050,T06,0050,3,NA,NA,4596,NA,NA,29248,NA,NA,6.363794604003481,NA,NA,206.20349999999996,NA,NA
RC2_0051_ICR-1,RC2_0051,T05P,0051,1,NA,NA,4508,NA,NA,27194,NA,NA,6.032386867790595,NA,NA,383.86440000000005,NA,NA
RC2_0051_ICR-2,RC2_0051,T05P,0051,2,NA,NA,4124,NA,NA,23960,NA,NA,5.809893307468477,NA,NA,383.86440000000005,NA,NA
RC2_0051_ICR-3,RC2_0051,T05P,0051,3,NA,NA,4746,NA,NA,27257,NA,NA,5.74315212810788,NA,NA,383.86440000000005,NA,NA
RC2_0052_ICR-1,RC2_0052,T42,0052,1,NA,NA,4657,NA,NA,27860,NA,NA,5.982392097917114,NA,NA,2465.9001000000003,NA,NA
RC2_0052_ICR-2,RC2_0052,T42,0052,2,NA,NA,4601,NA,NA,26700,NA,NA,5.803086285590089,NA,NA,2465.9001000000003,NA,NA
RC2_0052_ICR-3,RC2_0052,T42,0052,3,NA,NA,3936,NA,NA,33081,NA,NA,8.404725609756097,NA,NA,2465.9001000000003,NA,NA
RC2_0053_ICR-1,RC2_0053,T03,0053,1,NA,NA,4677,NA,NA,32069,NA,NA,6.856745777207612,NA,NA,8977.068899999998,NA,NA
RC2_0053_ICR-2,RC2_0053,T03,0053,2,NA,NA,4694,NA,NA,31915,NA,NA,6.7991052407328505,NA,NA,8977.068899999998,NA,NA
RC2_0053_ICR-3,RC2_0053,T03,0053,3,NA,NA,4135,NA,NA,31740,NA,NA,7.6759371221281745,NA,NA,8977.068899999998,NA,NA
RC2_0054_ICR-1,RC2_0054,T07,0054,1,NA,NA,4354,NA,NA,27498,NA,NA,6.3155718879191545,NA,NA,14144.724900000001,NA,NA
RC2_0054_ICR-2,RC2_0054,T07,0054,2,NA,NA,4841,NA,NA,28892,NA,NA,5.968188390828341,NA,NA,14144.724900000001,NA,NA
RC2_0054_ICR-3,RC2_0054,T07,0054,3,NA,NA,4782,NA,NA,30678,NA,NA,6.415307402760352,NA,NA,14144.724900000001,NA,NA
RC2_0055_ICR-1,RC2_0055,T06,0055,1,NA,NA,4202,NA,NA,29163,NA,NA,6.9402665397429795,NA,NA,206.20349999999996,NA,NA
RC2_0055_ICR-2,RC2_0055,T06,0055,2,NA,NA,4781,NA,NA,32268,NA,NA,6.749215645262497,NA,NA,206.20349999999996,NA,NA
RC2_0055_ICR-3,RC2_0055,T06,0055,3,NA,NA,4904,NA,NA,31931,NA,NA,6.511215334420881,NA,NA,206.20349999999996,NA,NA
RC2_0056_ICR-1,RC2_0056,T05P,0056,1,NA,NA,4681,NA,NA,27486,NA,NA,5.871822260200812,NA,NA,383.86440000000005,NA,NA
RC2_0056_ICR-2,RC2_0056,T05P,0056,2,NA,NA,4154,NA,NA,28903,NA,NA,6.957871930669234,NA,NA,383.86440000000005,NA,NA
RC2_0056_ICR-3,RC2_0056,T05P,0056,3,NA,NA,4299,NA,NA,25836,NA,NA,6.009769713886951,NA,NA,383.86440000000005,NA,NA
RC2_0057_ICR-1,RC2_0057,T42,0057,1,NA,NA,4066,NA,NA,29409,NA,NA,7.23290703393999,NA,NA,2465.9001000000003,NA,NA
RC2_0057_ICR-2,RC2_0057,T42,0057,2,NA,NA,4446,NA,NA,29183,NA,NA,6.563877642825012,NA,NA,2465.9001000000003,NA,NA
RC2_0057_ICR-3,RC2_0057,T42,0057,3,NA,NA,4485,NA,NA,27375,NA,NA,6.103678929765886,NA,NA,2465.9001000000003,NA,NA
RC2_0058_ICR-1,RC2_0058,T03,0058,1,NA,NA,4751,NA,NA,29001,NA,NA,6.104188591875395,NA,NA,8977.068899999998,NA,NA
RC2_0058_ICR-2,RC2_0058,T03,0058,2,NA,NA,4232,NA,NA,24993,NA,NA,5.905718336483932,NA,NA,8977.068899999998,NA,NA
RC2_0058_ICR-3,RC2_0058,T03,0058,3,NA,NA,4256,NA,NA,26255,NA,NA,6.168937969924812,NA,NA,8977.068899999998,NA,NA
RC2_0059_ICR-1,RC2_0059,T02,0059,1,NA,NA,4656,NA,NA,28681,NA,NA,6.160008591065292,NA,NA,13461.462,NA,NA
RC2_0059_ICR-2,RC2_0059,T02,0059,2,NA,NA,4803,NA,NA,31912,NA,NA,6.644180720383094,NA,NA,13461.462,NA,NA
RC2_0059_ICR-3,RC2_0059,T02,0059,3,NA,NA,4211,NA,NA,25505,NA,NA,6.05675611493707,NA,NA,13461.462,NA,NA
RC2_0060_ICR-1,RC2_0060,T07,0060,1,NA,NA,4706,NA,NA,30514,NA,NA,6.484062898427539,NA,NA,14144.724900000001,NA,NA
RC2_0060_ICR-2,RC2_0060,T07,0060,2,NA,NA,4767,NA,NA,28513,NA,NA,5.98132997692469,NA,NA,14144.724900000001,NA,NA
RC2_0060_ICR-3,RC2_0060,T07,0060,3,NA,NA,4880,NA,NA,29118,NA,NA,5.966803278688524,NA,NA,14144.724900000001,NA,NA
RC2_0061_ICR-1,RC2_0061,T06,0061,1,NA,NA,4056,NA,NA,32137,NA,NA,7.923323471400394,NA,NA,206.20349999999996,NA,NA
RC2_0061_ICR-2,RC2_0061,T06,0061,2,NA,NA,3853,NA,NA,29367,NA,NA,7.621853101479367,NA,NA,206.20349999999996,NA,NA
RC2_0061_ICR-3,RC2_0061,T06,0061,3,NA,NA,3951,NA,NA,32524,NA,NA,8.231840040496078,NA,NA,206.20349999999996,NA,NA
RC2_0062_ICR-1,RC2_0062,T05P,0062,1,NA,NA,4075,NA,NA,28616,NA,NA,7.022331288343558,NA,NA,383.86440000000005,NA,NA
RC2_0062_ICR-2,RC2_0062,T05P,0062,2,NA,NA,4650,NA,NA,25617,NA,NA,5.509032258064516,NA,NA,383.86440000000005,NA,NA
RC2_0062_ICR-3,RC2_0062,T05P,0062,3,NA,NA,4262,NA,NA,27723,NA,NA,6.50469263256687,NA,NA,383.86440000000005,NA,NA
RC2_0063_ICR-1,RC2_0063,T42,0063,1,NA,NA,4303,NA,NA,29558,NA,NA,6.869161050429932,NA,NA,2465.9001000000003,NA,NA
RC2_0063_ICR-2,RC2_0063,T42,0063,2,NA,NA,4606,NA,NA,28246,NA,NA,6.132435953104646,NA,NA,2465.9001000000003,NA,NA
RC2_0063_ICR-3,RC2_0063,T42,0063,3,NA,NA,4356,NA,NA,26941,NA,NA,6.184802571166207,NA,NA,2465.9001000000003,NA,NA
RC2_0064_ICR-1,RC2_0064,T03,0064,1,NA,NA,4467,NA,NA,28888,NA,NA,6.466980076113723,NA,NA,8977.068899999998,NA,NA
RC2_0064_ICR-2,RC2_0064,T03,0064,2,NA,NA,4238,NA,NA,31126,NA,NA,7.3445021236432275,NA,NA,8977.068899999998,NA,NA
RC2_0064_ICR-3,RC2_0064,T03,0064,3,NA,NA,4565,NA,NA,30430,NA,NA,6.665936473165389,NA,NA,8977.068899999998,NA,NA
RC2_0065_ICR-1,RC2_0065,T02,0065,1,NA,NA,4572,NA,NA,32286,NA,NA,7.061679790026247,NA,NA,13461.462,NA,NA
RC2_0065_ICR-2,RC2_0065,T02,0065,2,NA,NA,4686,NA,NA,29771,NA,NA,6.3531796841656,NA,NA,13461.462,NA,NA
RC2_0065_ICR-3,RC2_0065,T02,0065,3,NA,NA,4486,NA,NA,29638,NA,NA,6.606776638430674,NA,NA,13461.462,NA,NA
RC2_0066_ICR-1,RC2_0066,T07,0066,1,NA,NA,4664,NA,NA,30394,NA,NA,6.516723842195541,NA,NA,14144.724900000001,NA,NA
RC2_0066_ICR-2,RC2_0066,T07,0066,2,NA,NA,4663,NA,NA,30430,NA,NA,6.52584173279005,NA,NA,14144.724900000001,NA,NA
RC2_0066_ICR-3,RC2_0066,T07,0066,3,NA,NA,4415,NA,NA,29232,NA,NA,6.621064552661382,NA,NA,14144.724900000001,NA,NA
RC2_0067_ICR-1,RC2_0067,T06,0067,1,NA,NA,3923,NA,NA,27503,NA,NA,7.010706092276319,NA,NA,206.20349999999996,NA,NA
RC2_0067_ICR-2,RC2_0067,T06,0067,2,NA,NA,2874,NA,NA,24020,NA,NA,8.357689631176061,NA,NA,206.20349999999996,NA,NA
RC2_0067_ICR-3,RC2_0067,T06,0067,3,NA,NA,2813,NA,NA,23829,NA,NA,8.471027372911482,NA,NA,206.20349999999996,NA,NA
RC2_0068_ICR-1,RC2_0068,T05P,0068,1,NA,NA,4213,NA,NA,26236,NA,NA,6.227391407548065,NA,NA,383.86440000000005,NA,NA
RC2_0068_ICR-2,RC2_0068,T05P,0068,2,NA,NA,4088,NA,NA,27893,NA,NA,6.823140900195694,NA,NA,383.86440000000005,NA,NA
RC2_0068_ICR-3,RC2_0068,T05P,0068,3,NA,NA,4388,NA,NA,27948,NA,NA,6.36918869644485,NA,NA,383.86440000000005,NA,NA
RC2_0069_ICR-1,RC2_0069,T42,0069,1,NA,NA,4711,NA,NA,28081,NA,NA,5.960730205901083,NA,NA,2465.9001000000003,NA,NA
RC2_0069_ICR-2,RC2_0069,T42,0069,2,NA,NA,4110,NA,NA,30530,NA,NA,7.428223844282239,NA,NA,2465.9001000000003,NA,NA
RC2_0069_ICR-3,RC2_0069,T42,0069,3,NA,NA,4662,NA,NA,28042,NA,NA,6.015015015015015,NA,NA,2465.9001000000003,NA,NA
RC2_0070_ICR-1,RC2_0070,T03,0070,1,NA,NA,4658,NA,NA,29029,NA,NA,6.232073851438385,NA,NA,8977.068899999998,NA,NA
RC2_0070_ICR-2,RC2_0070,T03,0070,2,NA,NA,2782,NA,NA,24088,NA,NA,8.658519051042415,NA,NA,8977.068899999998,NA,NA
RC2_0070_ICR-3,RC2_0070,T03,0070,3,NA,NA,4648,NA,NA,28046,NA,NA,6.033993115318417,NA,NA,8977.068899999998,NA,NA
RC2_0071_ICR-1,RC2_0071,T02,0071,1,NA,NA,4820,NA,NA,30690,NA,NA,6.367219917012448,NA,NA,13461.462,NA,NA
RC2_0071_ICR-2,RC2_0071,T02,0071,2,NA,NA,4607,NA,NA,28335,NA,NA,6.150423268938572,NA,NA,13461.462,NA,NA
RC2_0071_ICR-3,RC2_0071,T02,0071,3,NA,NA,4297,NA,NA,26492,NA,NA,6.165231556900163,NA,NA,13461.462,NA,NA
RC2_0072_ICR-1,RC2_0072,T07,0072,1,NA,NA,4493,NA,NA,31904,NA,NA,7.100823503227242,NA,NA,14144.724900000001,NA,NA
RC2_0072_ICR-2,RC2_0072,T07,0072,2,NA,NA,3731,NA,NA,31214,NA,NA,8.366121683194853,NA,NA,14144.724900000001,NA,NA
RC2_0072_ICR-3,RC2_0072,T07,0072,3,NA,NA,4751,NA,NA,28754,NA,NA,6.052199536939591,NA,NA,14144.724900000001,NA,NA
RC2_0073_ICR-1,RC2_0073,T07,0073,1,NA,NA,4426,NA,NA,29904,NA,NA,6.756439222774514,NA,NA,14144.724900000001,NA,NA
RC2_0073_ICR-2,RC2_0073,T07,0073,2,NA,NA,4777,NA,NA,29453,NA,NA,6.165585095248064,NA,NA,14144.724900000001,NA,NA
RC2_0073_ICR-3,RC2_0073,T07,0073,3,NA,NA,4345,NA,NA,29292,NA,NA,6.741542002301496,NA,NA,14144.724900000001,NA,NA
RC2_0074_ICR-1,RC2_0074,T02,0074,1,NA,NA,4737,NA,NA,33253,NA,NA,7.019843782985012,NA,NA,13461.462,NA,NA
RC2_0074_ICR-2,RC2_0074,T02,0074,2,NA,NA,4356,NA,NA,27269,NA,NA,6.26010101010101,NA,NA,13461.462,NA,NA
RC2_0074_ICR-3,RC2_0074,T02,0074,3,NA,NA,4243,NA,NA,31090,NA,NA,7.327362715060099,NA,NA,13461.462,NA,NA
RC2_0075_ICR-1,RC2_0075,T03,0075,1,NA,NA,4315,NA,NA,27898,NA,NA,6.4653534183082275,NA,NA,8977.068899999998,NA,NA
RC2_0075_ICR-2,RC2_0075,T03,0075,2,NA,NA,4594,NA,NA,30119,NA,NA,6.55616020896822,NA,NA,8977.068899999998,NA,NA
RC2_0075_ICR-3,RC2_0075,T03,0075,3,NA,NA,4097,NA,NA,27966,NA,NA,6.8259702221137415,NA,NA,8977.068899999998,NA,NA
RC2_0076_ICR-1,RC2_0076,T42,0076,1,NA,NA,4502,NA,NA,28949,NA,NA,6.4302532207907594,NA,NA,2465.9001000000003,NA,NA
RC2_0076_ICR-2,RC2_0076,T42,0076,2,NA,NA,4601,NA,NA,30277,NA,NA,6.580525972614649,NA,NA,2465.9001000000003,NA,NA
RC2_0076_ICR-3,RC2_0076,T42,0076,3,NA,NA,4420,NA,NA,29115,NA,NA,6.58710407239819,NA,NA,2465.9001000000003,NA,NA
RC2_0077_ICR-1,RC2_0077,T05P,0077,1,NA,NA,4359,NA,NA,25959,NA,NA,5.955264969029594,NA,NA,383.86440000000005,NA,NA
RC2_0077_ICR-2,RC2_0077,T05P,0077,2,NA,NA,4746,NA,NA,28279,NA,NA,5.958491361146228,NA,NA,383.86440000000005,NA,NA
RC2_0077_ICR-3,RC2_0077,T05P,0077,3,NA,NA,4322,NA,NA,28190,NA,NA,6.522443313280888,NA,NA,383.86440000000005,NA,NA
RC2_0078_ICR-1,RC2_0078,T06,0078,1,NA,NA,3866,NA,NA,29758,NA,NA,7.697361614071392,NA,NA,206.20349999999996,NA,NA
RC2_0078_ICR-2,RC2_0078,T06,0078,2,NA,NA,3662,NA,NA,28370,NA,NA,7.747132714363736,NA,NA,206.20349999999996,NA,NA
RC2_0078_ICR-3,RC2_0078,T06,0078,3,NA,NA,3306,NA,NA,26099,NA,NA,7.894434361766486,NA,NA,206.20349999999996,NA,NA
RC2_0079_ICR-1,RC2_0079,T06,0079,1,NA,NA,3676,NA,NA,26951,NA,NA,7.331610446137105,NA,NA,206.20349999999996,NA,NA
RC2_0079_ICR-2,RC2_0079,T06,0079,2,NA,NA,3690,NA,NA,25223,NA,NA,6.83550135501355,NA,NA,206.20349999999996,NA,NA
RC2_0079_ICR-3,RC2_0079,T06,0079,3,NA,NA,3564,NA,NA,25344,NA,NA,7.111111111111111,NA,NA,206.20349999999996,NA,NA
RC2_0080_ICR-1,RC2_0080,T05P,0080,1,NA,NA,4315,NA,NA,26501,NA,NA,6.141599073001159,NA,NA,383.86440000000005,NA,NA
RC2_0080_ICR-2,RC2_0080,T05P,0080,2,NA,NA,3552,NA,NA,25444,NA,NA,7.163288288288288,NA,NA,383.86440000000005,NA,NA
RC2_0080_ICR-3,RC2_0080,T05P,0080,3,NA,NA,4337,NA,NA,28016,NA,NA,6.4597648143878255,NA,NA,383.86440000000005,NA,NA
RC2_0081_ICR-1,RC2_0081,T42,0081,1,NA,NA,4416,NA,NA,31092,NA,NA,7.040760869565218,NA,NA,2465.9001000000003,NA,NA
RC2_0081_ICR-2,RC2_0081,T42,0081,2,NA,NA,3839,NA,NA,32180,NA,NA,8.382391247720761,NA,NA,2465.9001000000003,NA,NA
RC2_0081_ICR-3,RC2_0081,T42,0081,3,NA,NA,4536,NA,NA,30192,NA,NA,6.656084656084656,NA,NA,2465.9001000000003,NA,NA
RC2_0082_ICR-1,RC2_0082,T03,0082,1,NA,NA,4884,NA,NA,30664,NA,NA,6.278460278460279,NA,NA,8977.068899999998,NA,NA
RC2_0082_ICR-2,RC2_0082,T03,0082,2,NA,NA,4701,NA,NA,29143,NA,NA,6.199319293767283,NA,NA,8977.068899999998,NA,NA
RC2_0082_ICR-3,RC2_0082,T03,0082,3,NA,NA,4624,NA,NA,28846,NA,NA,6.2383217993079585,NA,NA,8977.068899999998,NA,NA
RC2_0083_ICR-1,RC2_0083,T02,0083,1,NA,NA,4817,NA,NA,33297,NA,NA,6.912393605978825,NA,NA,13461.462,NA,NA
RC2_0083_ICR-2,RC2_0083,T02,0083,2,NA,NA,4516,NA,NA,33096,NA,NA,7.3286093888396815,NA,NA,13461.462,NA,NA
RC2_0083_ICR-3,RC2_0083,T02,0083,3,NA,NA,4369,NA,NA,30177,NA,NA,6.907072556649119,NA,NA,13461.462,NA,NA
RC2_0084_ICR-1,RC2_0084,T07,0084,1,NA,NA,4304,NA,NA,31433,NA,NA,7.303206319702603,NA,NA,14144.724900000001,NA,NA
RC2_0084_ICR-2,RC2_0084,T07,0084,2,NA,NA,5031,NA,NA,30854,NA,NA,6.132776783939574,NA,NA,14144.724900000001,NA,NA
RC2_0084_ICR-3,RC2_0084,T07,0084,3,NA,NA,4831,NA,NA,29779,NA,NA,6.164148209480439,NA,NA,14144.724900000001,NA,NA
RC2_0085_ICR-1,RC2_0085,T06,0085,1,NA,NA,3586,NA,NA,26467,NA,NA,7.380646960401561,NA,NA,206.20349999999996,NA,NA
RC2_0085_ICR-2,RC2_0085,T06,0085,2,NA,NA,3552,NA,NA,23862,NA,NA,6.717905405405405,NA,NA,206.20349999999996,NA,NA
RC2_0085_ICR-3,RC2_0085,T06,0085,3,NA,NA,3761,NA,NA,28787,NA,NA,7.6540813613400704,NA,NA,206.20349999999996,NA,NA
RC2_0086_ICR-1,RC2_0086,T05P,0086,1,NA,NA,4186,NA,NA,26027,NA,NA,6.217630195891066,NA,NA,383.86440000000005,NA,NA
RC2_0086_ICR-2,RC2_0086,T05P,0086,2,NA,NA,4577,NA,NA,28863,NA,NA,6.306095695870658,NA,NA,383.86440000000005,NA,NA
RC2_0086_ICR-3,RC2_0086,T05P,0086,3,NA,NA,4129,NA,NA,27493,NA,NA,6.658512957132477,NA,NA,383.86440000000005,NA,NA
RC2_0087_ICR-1,RC2_0087,T42,0087,1,NA,NA,4612,NA,NA,26623,NA,NA,5.772549869904597,NA,NA,2465.9001000000003,NA,NA
RC2_0087_ICR-2,RC2_0087,T42,0087,2,NA,NA,4347,NA,NA,32370,NA,NA,7.446514837819185,NA,NA,2465.9001000000003,NA,NA
RC2_0087_ICR-3,RC2_0087,T42,0087,3,NA,NA,4856,NA,NA,28004,NA,NA,5.766886326194399,NA,NA,2465.9001000000003,NA,NA
RC2_0088_ICR-1,RC2_0088,T03,0088,1,NA,NA,4276,NA,NA,27831,NA,NA,6.508652946679139,NA,NA,8977.068899999998,NA,NA
RC2_0088_ICR-2,RC2_0088,T03,0088,2,NA,NA,4676,NA,NA,28132,NA,NA,6.016253207869974,NA,NA,8977.068899999998,NA,NA
RC2_0088_ICR-3,RC2_0088,T03,0088,3,NA,NA,4614,NA,NA,31494,NA,NA,6.825747724317295,NA,NA,8977.068899999998,NA,NA
RC2_0089_ICR-1,RC2_0089,T02,0089,1,NA,NA,4742,NA,NA,30670,NA,NA,6.467735132855335,NA,NA,13461.462,NA,NA
RC2_0089_ICR-2,RC2_0089,T02,0089,2,NA,NA,4526,NA,NA,28536,NA,NA,6.304904993371631,NA,NA,13461.462,NA,NA
RC2_0089_ICR-3,RC2_0089,T02,0089,3,NA,NA,4740,NA,NA,30464,NA,NA,6.427004219409283,NA,NA,13461.462,NA,NA
RC2_0090_ICR-1,RC2_0090,T07,0090,1,NA,NA,4497,NA,NA,31652,NA,NA,7.0384700911718925,NA,NA,14144.724900000001,NA,NA
RC2_0090_ICR-2,RC2_0090,T07,0090,2,NA,NA,4366,NA,NA,28433,NA,NA,6.512368300503894,NA,NA,14144.724900000001,NA,NA
RC2_0090_ICR-3,RC2_0090,T07,0090,3,NA,NA,4628,NA,NA,28948,NA,NA,6.254969749351772,NA,NA,14144.724900000001,NA,NA
RC2_0091_ICR-1,RC2_0091,T06,0091,1,NA,NA,2827,NA,NA,27299,NA,NA,9.656526353024407,NA,NA,206.20349999999996,NA,NA
RC2_0091_ICR-2,RC2_0091,T06,0091,2,NA,NA,2513,NA,NA,18809,NA,NA,7.484679665738161,NA,NA,206.20349999999996,NA,NA
RC2_0091_ICR-3,RC2_0091,T06,0091,3,NA,NA,2819,NA,NA,24271,NA,NA,8.609790705924086,NA,NA,206.20349999999996,NA,NA
RC2_0092_ICR-1,RC2_0092,T05P,0092,1,NA,NA,2967,NA,NA,25433,NA,NA,8.571958206943041,NA,NA,383.86440000000005,NA,NA
RC2_0092_ICR-2,RC2_0092,T05P,0092,2,NA,NA,3915,NA,NA,27477,NA,NA,7.0183908045977015,NA,NA,383.86440000000005,NA,NA
RC2_0092_ICR-3,RC2_0092,T05P,0092,3,NA,NA,3277,NA,NA,25226,NA,NA,7.697894415624046,NA,NA,383.86440000000005,NA,NA
RC2_0093_ICR-1,RC2_0093,T42,0093,1,NA,NA,3867,NA,NA,27177,NA,NA,7.027928626842513,NA,NA,2465.9001000000003,NA,NA
RC2_0093_ICR-2,RC2_0093,T42,0093,2,NA,NA,4085,NA,NA,30258,NA,NA,7.407099143206854,NA,NA,2465.9001000000003,NA,NA
RC2_0093_ICR-3,RC2_0093,T42,0093,3,NA,NA,4738,NA,NA,32106,NA,NA,6.776276910088645,NA,NA,2465.9001000000003,NA,NA
RC2_0094_ICR-1,RC2_0094,T03,0094,1,NA,NA,4354,NA,NA,27275,NA,NA,6.264354616444648,NA,NA,8977.068899999998,NA,NA
RC2_0094_ICR-2,RC2_0094,T03,0094,2,NA,NA,4046,NA,NA,31080,NA,NA,7.681660899653979,NA,NA,8977.068899999998,NA,NA
RC2_0094_ICR-3,RC2_0094,T03,0094,3,NA,NA,4340,NA,NA,30066,NA,NA,6.927649769585253,NA,NA,8977.068899999998,NA,NA
RC2_0095_ICR-1,RC2_0095,T02,0095,1,NA,NA,4108,NA,NA,29247,NA,NA,7.11952288218111,NA,NA,13461.462,NA,NA
RC2_0095_ICR-2,RC2_0095,T02,0095,2,NA,NA,4465,NA,NA,30501,NA,NA,6.831131019036954,NA,NA,13461.462,NA,NA
RC2_0095_ICR-3,RC2_0095,T02,0095,3,NA,NA,4211,NA,NA,27332,NA,NA,6.490619805271907,NA,NA,13461.462,NA,NA
RC2_0096_ICR-1,RC2_0096,T07,0096,1,NA,NA,3641,NA,NA,33619,NA,NA,9.233452348255971,NA,NA,14144.724900000001,NA,NA
RC2_0096_ICR-2,RC2_0096,T07,0096,2,NA,NA,4549,NA,NA,28184,NA,NA,6.195647395031875,NA,NA,14144.724900000001,NA,NA
RC2_0096_ICR-3,RC2_0096,T07,0096,3,NA,NA,4219,NA,NA,28812,NA,NA,6.829106423323062,NA,NA,14144.724900000001,NA,NA
RC2_0097_ICR-1,RC2_0097,T07,0097,1,NA,NA,4247,NA,NA,27282,NA,NA,6.423828584883447,NA,NA,14144.724900000001,NA,NA
RC2_0097_ICR-2,RC2_0097,T07,0097,2,NA,NA,4095,NA,NA,29345,NA,NA,7.166056166056166,NA,NA,14144.724900000001,NA,NA
RC2_0097_ICR-3,RC2_0097,T07,0097,3,NA,NA,3893,NA,NA,31701,NA,NA,8.14307731826355,NA,NA,14144.724900000001,NA,NA
RC2_0098_ICR-1,RC2_0098,T02,0098,1,NA,NA,4349,NA,NA,30573,NA,NA,7.029891929179121,NA,NA,13461.462,NA,NA
RC2_0098_ICR-2,RC2_0098,T02,0098,2,NA,NA,4407,NA,NA,28937,NA,NA,6.566144769684593,NA,NA,13461.462,NA,NA
RC2_0098_ICR-3,RC2_0098,T02,0098,3,NA,NA,4292,NA,NA,28458,NA,NA,6.630475302889096,NA,NA,13461.462,NA,NA
RC2_0099_ICR-1,RC2_0099,T03,0099,1,NA,NA,4541,NA,NA,29891,NA,NA,6.582470821404977,NA,NA,8977.068899999998,NA,NA
RC2_0099_ICR-2,RC2_0099,T03,0099,2,NA,NA,4234,NA,NA,32470,NA,NA,7.66887104393009,NA,NA,8977.068899999998,NA,NA
RC2_0099_ICR-3,RC2_0099,T03,0099,3,NA,NA,4379,NA,NA,32301,NA,NA,7.376341630509248,NA,NA,8977.068899999998,NA,NA
RC2_0100_ICR-1,RC2_0100,T42,NA,1,NA,NA,4789,NA,NA,30541,NA,NA,6.377323031948214,NA,NA,2465.9001000000003,NA,NA
RC2_0100_ICR-2,RC2_0100,T42,NA,2,NA,NA,4161,NA,NA,28424,NA,NA,6.831050228310502,NA,NA,2465.9001000000003,NA,NA
RC2_0100_ICR-3,RC2_0100,T42,NA,3,NA,NA,4194,NA,NA,31157,NA,NA,7.42894611349547,NA,NA,2465.9001000000003,NA,NA
RC2_0101_ICR-1,RC2_0101,T06,NA,1,NA,NA,3099,NA,NA,28783,NA,NA,9.287834785414647,NA,NA,206.20349999999996,NA,NA
RC2_0101_ICR-2,RC2_0101,T06,NA,2,NA,NA,3132,NA,NA,16307,NA,NA,5.206577266922094,NA,NA,206.20349999999996,NA,NA
RC2_0101_ICR-3,RC2_0101,T06,NA,3,NA,NA,3204,NA,NA,26984,NA,NA,8.421972534332085,NA,NA,206.20349999999996,NA,NA
RC2_0103_ICR-1,RC2_0103,T42,NA,1,NA,NA,3900,NA,NA,34859,NA,NA,8.938205128205128,NA,NA,2465.9001000000003,NA,NA
RC2_0103_ICR-2,RC2_0103,T42,NA,2,NA,NA,4026,NA,NA,31071,NA,NA,7.717585692995529,NA,NA,2465.9001000000003,NA,NA
RC2_0103_ICR-3,RC2_0103,T42,NA,3,NA,NA,4441,NA,NA,29464,NA,NA,6.6345417698716505,NA,NA,2465.9001000000003,NA,NA
RC2_0104_ICR-1,RC2_0104,T03,NA,1,NA,NA,3896,NA,NA,27414,NA,NA,7.036447638603696,NA,NA,8977.068899999998,NA,NA
RC2_0104_ICR-2,RC2_0104,T03,NA,2,NA,NA,3586,NA,NA,29064,NA,NA,8.104852203011712,NA,NA,8977.068899999998,NA,NA
RC2_0104_ICR-3,RC2_0104,T03,NA,3,NA,NA,4068,NA,NA,29957,NA,NA,7.364060963618486,NA,NA,8977.068899999998,NA,NA
RC2_0105_ICR-1,RC2_0105,T02,NA,1,NA,NA,4313,NA,NA,27542,NA,NA,6.385810340830049,NA,NA,13461.462,NA,NA
RC2_0105_ICR-2,RC2_0105,T02,NA,2,NA,NA,4362,NA,NA,27727,NA,NA,6.356487849610271,NA,NA,13461.462,NA,NA
RC2_0105_ICR-3,RC2_0105,T02,NA,3,NA,NA,4358,NA,NA,28513,NA,NA,6.5426801284993115,NA,NA,13461.462,NA,NA
RC2_0106_ICR-1,RC2_0106,T07,NA,1,NA,NA,4184,NA,NA,31887,NA,NA,7.621175908221797,NA,NA,14144.724900000001,NA,NA
RC2_0106_ICR-2,RC2_0106,T07,NA,2,NA,NA,4289,NA,NA,32171,NA,NA,7.500816041035207,NA,NA,14144.724900000001,NA,NA
RC2_0106_ICR-3,RC2_0106,T07,NA,3,NA,NA,4225,NA,NA,28599,NA,NA,6.768994082840237,NA,NA,14144.724900000001,NA,NA
RC2_0107_ICR-1,RC2_0107,T06,NA,1,NA,NA,2962,NA,NA,11625,NA,NA,3.924713031735314,NA,NA,206.20349999999996,NA,NA
RC2_0107_ICR-2,RC2_0107,T06,NA,2,NA,NA,3127,NA,NA,23172,NA,NA,7.410297409657819,NA,NA,206.20349999999996,NA,NA
RC2_0107_ICR-3,RC2_0107,T06,NA,3,NA,NA,3231,NA,NA,23766,NA,NA,7.355617455896008,NA,NA,206.20349999999996,NA,NA
RC2_0108_ICR-1,RC2_0108,T05P,NA,1,NA,NA,4133,NA,NA,26450,NA,NA,6.399709654004355,NA,NA,383.86440000000005,NA,NA
RC2_0108_ICR-2,RC2_0108,T05P,NA,2,NA,NA,4289,NA,NA,28529,NA,NA,6.651667055257636,NA,NA,383.86440000000005,NA,NA
RC2_0108_ICR-3,RC2_0108,T05P,NA,3,NA,NA,4166,NA,NA,25409,NA,NA,6.099135861737878,NA,NA,383.86440000000005,NA,NA
RC2_0109_ICR-1,RC2_0109,T42,NA,1,NA,NA,4271,NA,NA,30138,NA,NA,7.056427066260829,NA,NA,2465.9001000000003,NA,NA
RC2_0109_ICR-2,RC2_0109,T42,NA,2,NA,NA,4682,NA,NA,32184,NA,NA,6.873985476292183,NA,NA,2465.9001000000003,NA,NA
RC2_0109_ICR-3,RC2_0109,T42,NA,3,NA,NA,4035,NA,NA,31184,NA,NA,7.728376703841388,NA,NA,2465.9001000000003,NA,NA
RC2_0110_ICR-1,RC2_0110,T03,NA,1,NA,NA,4285,NA,NA,27675,NA,NA,6.458576429404901,NA,NA,8977.068899999998,NA,NA
RC2_0110_ICR-2,RC2_0110,T03,NA,2,NA,NA,3734,NA,NA,29022,NA,NA,7.772362078200321,NA,NA,8977.068899999998,NA,NA
RC2_0110_ICR-3,RC2_0110,T03,NA,3,NA,NA,4262,NA,NA,29467,NA,NA,6.913890192397935,NA,NA,8977.068899999998,NA,NA
RC2_0111_ICR-1,RC2_0111,T02,NA,1,NA,NA,3802,NA,NA,29404,NA,NA,7.733824302998422,NA,NA,13461.462,NA,NA
RC2_0111_ICR-2,RC2_0111,T02,NA,2,NA,NA,3982,NA,NA,28284,NA,NA,7.102963335007534,NA,NA,13461.462,NA,NA
RC2_0111_ICR-3,RC2_0111,T02,NA,3,NA,NA,3743,NA,NA,28286,NA,NA,7.55703980764093,NA,NA,13461.462,NA,NA
RC2_0112_ICR-1,RC2_0112,T07,NA,1,NA,NA,3702,NA,NA,29554,NA,NA,7.983252296056186,NA,NA,14144.724900000001,NA,NA
RC2_0112_ICR-2,RC2_0112,T07,NA,2,NA,NA,4284,NA,NA,26688,NA,NA,6.2296918767507,NA,NA,14144.724900000001,NA,NA
RC2_0112_ICR-3,RC2_0112,T07,NA,3,NA,NA,4158,NA,NA,29142,NA,NA,7.008658008658009,NA,NA,14144.724900000001,NA,NA
RC2_0113_ICR-1,RC2_0113,T06,NA,1,NA,NA,3285,NA,NA,18317,NA,NA,5.575951293759513,NA,NA,206.20349999999996,NA,NA
RC2_0113_ICR-2,RC2_0113,T06,NA,2,NA,NA,3113,NA,NA,25067,NA,NA,8.052361066495342,NA,NA,206.20349999999996,NA,NA
RC2_0113_ICR-3,RC2_0113,T06,NA,3,NA,NA,3440,NA,NA,27737,NA,NA,8.063081395348837,NA,NA,206.20349999999996,NA,NA
RC2_0114_ICR-1,RC2_0114,T05P,NA,1,NA,NA,3920,NA,NA,27038,NA,NA,6.897448979591837,NA,NA,383.86440000000005,NA,NA
RC2_0114_ICR-2,RC2_0114,T05P,NA,2,NA,NA,3307,NA,NA,26379,NA,NA,7.976716056849108,NA,NA,383.86440000000005,NA,NA
RC2_0114_ICR-3,RC2_0114,T05P,NA,3,NA,NA,3316,NA,NA,26646,NA,NA,8.035585042219541,NA,NA,383.86440000000005,NA,NA
RC2_0115_ICR-1,RC2_0115,T42,NA,1,NA,NA,4272,NA,NA,31102,NA,NA,7.280430711610487,NA,NA,2465.9001000000003,NA,NA
RC2_0115_ICR-2,RC2_0115,T42,NA,2,NA,NA,3713,NA,NA,29616,NA,NA,7.976299488284406,NA,NA,2465.9001000000003,NA,NA
RC2_0115_ICR-3,RC2_0115,T42,NA,3,NA,NA,3391,NA,NA,30398,NA,NA,8.964317310527868,NA,NA,2465.9001000000003,NA,NA
RC2_0116_ICR-1,RC2_0116,T03,NA,1,NA,NA,3740,NA,NA,28877,NA,NA,7.721122994652406,NA,NA,8977.068899999998,NA,NA
RC2_0116_ICR-2,RC2_0116,T03,NA,2,NA,NA,3793,NA,NA,23570,NA,NA,6.214078565779067,NA,NA,8977.068899999998,NA,NA
RC2_0116_ICR-3,RC2_0116,T03,NA,3,NA,NA,3720,NA,NA,29879,NA,NA,8.031989247311827,NA,NA,8977.068899999998,NA,NA
RC2_0117_ICR-1,RC2_0117,T02,NA,1,NA,NA,4156,NA,NA,29239,NA,NA,7.035370548604427,NA,NA,13461.462,NA,NA
RC2_0117_ICR-2,RC2_0117,T02,NA,2,NA,NA,4229,NA,NA,30431,NA,NA,7.1957909671317095,NA,NA,13461.462,NA,NA
RC2_0117_ICR-3,RC2_0117,T02,NA,3,NA,NA,4426,NA,NA,30001,NA,NA,6.778355173971984,NA,NA,13461.462,NA,NA
RC2_0118_ICR-1,RC2_0118,T07,NA,1,NA,NA,3709,NA,NA,30319,NA,NA,8.17444055001348,NA,NA,14144.724900000001,NA,NA
RC2_0118_ICR-2,RC2_0118,T07,NA,2,NA,NA,3675,NA,NA,28976,NA,NA,7.884625850340136,NA,NA,14144.724900000001,NA,NA
RC2_0118_ICR-3,RC2_0118,T07,NA,3,NA,NA,3744,NA,NA,27670,NA,NA,7.390491452991453,NA,NA,14144.724900000001,NA,NA
RC2_0119_ICR-1,RC2_0119,T06,NA,1,NA,NA,3333,NA,NA,25507,NA,NA,7.652865286528653,NA,NA,206.20349999999996,NA,NA
RC2_0119_ICR-2,RC2_0119,T06,NA,2,NA,NA,3447,NA,NA,26499,NA,NA,7.687554395126197,NA,NA,206.20349999999996,NA,NA
RC2_0119_ICR-3,RC2_0119,T06,NA,3,NA,NA,3147,NA,NA,24778,NA,NA,7.873530346361615,NA,NA,206.20349999999996,NA,NA
RC2_0120_ICR-1,RC2_0120,T05P,NA,1,NA,NA,3846,NA,NA,29208,NA,NA,7.594383775351014,NA,NA,383.86440000000005,NA,NA
RC2_0120_ICR-2,RC2_0120,T05P,NA,2,NA,NA,3304,NA,NA,22844,NA,NA,6.914043583535109,NA,NA,383.86440000000005,NA,NA
RC2_0120_ICR-3,RC2_0120,T05P,NA,3,NA,NA,4555,NA,NA,27547,NA,NA,6.0476399560922065,NA,NA,383.86440000000005,NA,NA
RC2_0121_ICR-1,RC2_0121,T42,NA,1,NA,NA,4141,NA,NA,31822,NA,NA,7.684617242212026,NA,NA,2465.9001000000003,NA,NA
RC2_0121_ICR-2,RC2_0121,T42,NA,2,NA,NA,4477,NA,NA,29318,NA,NA,6.54858163949073,NA,NA,2465.9001000000003,NA,NA
RC2_0121_ICR-3,RC2_0121,T42,NA,3,NA,NA,3683,NA,NA,28968,NA,NA,7.86532717893022,NA,NA,2465.9001000000003,NA,NA
RC2_0122_ICR-1,RC2_0122,T03,NA,1,NA,NA,4148,NA,NA,30518,NA,NA,7.357280617164899,NA,NA,8977.068899999998,NA,NA
RC2_0122_ICR-2,RC2_0122,T03,NA,2,NA,NA,4464,NA,NA,28362,NA,NA,6.353494623655914,NA,NA,8977.068899999998,NA,NA
RC2_0122_ICR-3,RC2_0122,T03,NA,3,NA,NA,4378,NA,NA,29890,NA,NA,6.827318410232983,NA,NA,8977.068899999998,NA,NA
RC2_0123_ICR-1,RC2_0123,T02,NA,1,NA,NA,4312,NA,NA,26648,NA,NA,6.179962894248608,NA,NA,13461.462,NA,NA
RC2_0123_ICR-2,RC2_0123,T02,NA,2,NA,NA,4335,NA,NA,26741,NA,NA,6.168627450980392,NA,NA,13461.462,NA,NA
RC2_0123_ICR-3,RC2_0123,T02,NA,3,NA,NA,3687,NA,NA,28425,NA,NA,7.709519934906428,NA,NA,13461.462,NA,NA
RC2_0124_ICR-1,RC2_0124,T07,NA,1,NA,NA,4542,NA,NA,26835,NA,NA,5.9081902245706734,NA,NA,14144.724900000001,NA,NA
RC2_0124_ICR-2,RC2_0124,T07,NA,2,NA,NA,3510,NA,NA,28670,NA,NA,8.168091168091168,NA,NA,14144.724900000001,NA,NA
RC2_0124_ICR-3,RC2_0124,T07,NA,3,NA,NA,4238,NA,NA,26385,NA,NA,6.225814063237376,NA,NA,14144.724900000001,NA,NA
RC2_0125_ICR-1,RC2_0125,T06,NA,1,NA,NA,3640,NA,NA,27005,NA,NA,7.418956043956044,NA,NA,206.20349999999996,NA,NA
RC2_0125_ICR-2,RC2_0125,T06,NA,2,NA,NA,3482,NA,NA,26667,NA,NA,7.658529580700747,NA,NA,206.20349999999996,NA,NA
RC2_0125_ICR-3,RC2_0125,T06,NA,3,NA,NA,3528,NA,NA,28734,NA,NA,8.144557823129253,NA,NA,206.20349999999996,NA,NA
RC2_0126_ICR-1,RC2_0126,T05P,NA,1,NA,NA,3783,NA,NA,27237,NA,NA,7.1998413957176846,NA,NA,383.86440000000005,NA,NA
RC2_0126_ICR-2,RC2_0126,T05P,NA,2,NA,NA,3491,NA,NA,16628,NA,NA,4.763105127470639,NA,NA,383.86440000000005,NA,NA
RC2_0127_ICR-1,RC2_0127,T42,NA,1,NA,NA,3309,NA,NA,31039,NA,NA,9.380175279540646,NA,NA,2465.9001000000003,NA,NA
RC2_0127_ICR-2,RC2_0127,T42,NA,2,NA,NA,4546,NA,NA,28618,NA,NA,6.295204575450946,NA,NA,2465.9001000000003,NA,NA
RC2_0127_ICR-3,RC2_0127,T42,NA,3,NA,NA,4177,NA,NA,25661,NA,NA,6.143404357194158,NA,NA,2465.9001000000003,NA,NA
RC2_0128_ICR-1,RC2_0128,T03,NA,1,NA,NA,3909,NA,NA,30448,NA,NA,7.789204400102328,NA,NA,8977.068899999998,NA,NA
RC2_0128_ICR-2,RC2_0128,T03,NA,2,NA,NA,4417,NA,NA,28510,NA,NA,6.454607199456645,NA,NA,8977.068899999998,NA,NA
RC2_0128_ICR-3,RC2_0128,T03,NA,3,NA,NA,3835,NA,NA,30027,NA,NA,7.829726205997392,NA,NA,8977.068899999998,NA,NA
RC2_0129_ICR-1,RC2_0129,T02,NA,1,NA,NA,3755,NA,NA,29660,NA,NA,7.898801597869507,NA,NA,13461.462,NA,NA
RC2_0129_ICR-2,RC2_0129,T02,NA,2,NA,NA,3829,NA,NA,28781,NA,NA,7.516583964481588,NA,NA,13461.462,NA,NA
RC2_0129_ICR-3,RC2_0129,T02,NA,3,NA,NA,3972,NA,NA,19877,NA,NA,5.004279959718026,NA,NA,13461.462,NA,NA
RC2_0130_ICR-1,RC2_0130,T07,NA,1,NA,NA,4085,NA,NA,26137,NA,NA,6.39828641370869,NA,NA,14144.724900000001,NA,NA
RC2_0130_ICR-2,RC2_0130,T07,NA,2,NA,NA,4154,NA,NA,25091,NA,NA,6.040202214732788,NA,NA,14144.724900000001,NA,NA
RC2_0130_ICR-3,RC2_0130,T07,NA,3,NA,NA,4196,NA,NA,25912,NA,NA,6.175405147759771,NA,NA,14144.724900000001,NA,NA
RC2_0131_ICR-1,RC2_0131,T06,NA,1,NA,NA,3449,NA,NA,28857,NA,NA,8.366772977674689,NA,NA,206.20349999999996,NA,NA
RC2_0131_ICR-2,RC2_0131,T06,NA,2,NA,NA,3824,NA,NA,32402,NA,NA,8.473326359832637,NA,NA,206.20349999999996,NA,NA
RC2_0131_ICR-3,RC2_0131,T06,NA,3,NA,NA,3271,NA,NA,28419,NA,NA,8.688168755732192,NA,NA,206.20349999999996,NA,NA
RC2_0132_ICR-1,RC2_0132,T05P,NA,1,NA,NA,3723,NA,NA,26416,NA,NA,7.095353209777062,NA,NA,383.86440000000005,NA,NA
RC2_0132_ICR-2,RC2_0132,T05P,NA,2,NA,NA,3293,NA,NA,24779,NA,NA,7.524749468569693,NA,NA,383.86440000000005,NA,NA
RC2_0132_ICR-3,RC2_0132,T05P,NA,3,NA,NA,4014,NA,NA,28057,NA,NA,6.989785749875436,NA,NA,383.86440000000005,NA,NA
RC2_0133_ICR-1,RC2_0133,T42,NA,1,NA,NA,2951,NA,NA,26838,NA,NA,9.094544222297529,NA,NA,2465.9001000000003,NA,NA
RC2_0133_ICR-2,RC2_0133,T42,NA,2,NA,NA,3996,NA,NA,28618,NA,NA,7.161661661661662,NA,NA,2465.9001000000003,NA,NA
RC2_0133_ICR-3,RC2_0133,T42,NA,3,NA,NA,3330,NA,NA,26526,NA,NA,7.965765765765766,NA,NA,2465.9001000000003,NA,NA
RC2_0134_ICR-1,RC2_0134,T03,NA,1,NA,NA,3499,NA,NA,29439,NA,NA,8.413546727636467,NA,NA,8977.068899999998,NA,NA
RC2_0134_ICR-2,RC2_0134,T03,NA,2,NA,NA,3770,NA,NA,28152,NA,NA,7.46737400530504,NA,NA,8977.068899999998,NA,NA
RC2_0134_ICR-3,RC2_0134,T03,NA,3,NA,NA,4181,NA,NA,27990,NA,NA,6.694570676871562,NA,NA,8977.068899999998,NA,NA
RC2_0135_ICR-1,RC2_0135,T02,NA,1,NA,NA,4301,NA,NA,24913,NA,NA,5.792373866542665,NA,NA,13461.462,NA,NA
RC2_0135_ICR-2,RC2_0135,T02,NA,2,NA,NA,3753,NA,NA,26908,NA,NA,7.169730881961097,NA,NA,13461.462,NA,NA
RC2_0135_ICR-3,RC2_0135,T02,NA,3,NA,NA,4262,NA,NA,25553,NA,NA,5.995541999061474,NA,NA,13461.462,NA,NA
RC2_0136_ICR-1,RC2_0136,T07,NA,1,NA,NA,4167,NA,NA,27001,NA,NA,6.479721622270218,NA,NA,14144.724900000001,NA,NA
RC2_0136_ICR-2,RC2_0136,T07,NA,2,NA,NA,4121,NA,NA,27293,NA,NA,6.622907061392866,NA,NA,14144.724900000001,NA,NA
RC2_0136_ICR-3,RC2_0136,T07,NA,3,NA,NA,4346,NA,NA,22701,NA,NA,5.223423838011965,NA,NA,14144.724900000001,NA,NA
RC2_0137_ICR-1,RC2_0137,T06,NA,1,NA,NA,3437,NA,NA,30262,NA,NA,8.804771603142274,NA,NA,206.20349999999996,NA,NA
RC2_0137_ICR-2,RC2_0137,T06,NA,2,NA,NA,3615,NA,NA,29772,NA,NA,8.235684647302904,NA,NA,206.20349999999996,NA,NA
RC2_0137_ICR-3,RC2_0137,T06,NA,3,NA,NA,4608,NA,NA,30145,NA,NA,6.541883680555555,NA,NA,206.20349999999996,NA,NA
RC2_0138_ICR-1,RC2_0138,T05P,NA,1,NA,NA,3938,NA,NA,23830,NA,NA,6.051295073641442,NA,NA,383.86440000000005,NA,NA
RC2_0138_ICR-2,RC2_0138,T05P,NA,2,NA,NA,4176,NA,NA,25919,NA,NA,6.206657088122605,NA,NA,383.86440000000005,NA,NA
RC2_0138_ICR-3,RC2_0138,T05P,NA,3,NA,NA,4113,NA,NA,22598,NA,NA,5.49428640894724,NA,NA,383.86440000000005,NA,NA
RC2_0139_ICR-1,RC2_0139,T42,NA,1,NA,NA,4134,NA,NA,29318,NA,NA,7.0919206579583935,NA,NA,2465.9001000000003,NA,NA
RC2_0139_ICR-2,RC2_0139,T42,NA,2,NA,NA,3701,NA,NA,30335,NA,NA,8.196433396379357,NA,NA,2465.9001000000003,NA,NA
RC2_0139_ICR-3,RC2_0139,T42,NA,3,NA,NA,4031,NA,NA,31638,NA,NA,7.848672785909204,NA,NA,2465.9001000000003,NA,NA
RC2_0140_ICR-1,RC2_0140,T03,NA,1,NA,NA,3507,NA,NA,27112,NA,NA,7.730824066153407,NA,NA,8977.068899999998,NA,NA
RC2_0140_ICR-2,RC2_0140,T03,NA,2,NA,NA,4137,NA,NA,27114,NA,NA,6.554024655547498,NA,NA,8977.068899999998,NA,NA
RC2_0140_ICR-3,RC2_0140,T03,NA,3,NA,NA,4216,NA,NA,26884,NA,NA,6.3766603415559775,NA,NA,8977.068899999998,NA,NA
RC2_0141_ICR-1,RC2_0141,T02,NA,1,NA,NA,4187,NA,NA,26776,NA,NA,6.39503224265584,NA,NA,13461.462,NA,NA
RC2_0141_ICR-2,RC2_0141,T02,NA,2,NA,NA,4308,NA,NA,28489,NA,NA,6.613045496750233,NA,NA,13461.462,NA,NA
RC2_0141_ICR-3,RC2_0141,T02,NA,3,NA,NA,4298,NA,NA,26257,NA,NA,6.109120521172638,NA,NA,13461.462,NA,NA
RC2_0142_ICR-1,RC2_0142,T07,NA,1,NA,NA,4242,NA,NA,26690,NA,NA,6.291843470061292,NA,NA,14144.724900000001,NA,NA
RC2_0142_ICR-2,RC2_0142,T07,NA,2,NA,NA,4281,NA,NA,28117,NA,NA,6.567857977108153,NA,NA,14144.724900000001,NA,NA
RC2_0142_ICR-3,RC2_0142,T07,NA,3,NA,NA,3920,NA,NA,27669,NA,NA,7.058418367346939,NA,NA,14144.724900000001,NA,NA
RC2_0143_ICR-1,RC2_0143,T06,NA,1,NA,NA,4097,NA,NA,30998,NA,NA,7.56602391994142,NA,NA,206.20349999999996,NA,NA
RC2_0143_ICR-2,RC2_0143,T06,NA,2,NA,NA,3914,NA,NA,31070,NA,NA,7.938170669391926,NA,NA,206.20349999999996,NA,NA
RC2_0143_ICR-3,RC2_0143,T06,NA,3,NA,NA,4143,NA,NA,27191,NA,NA,6.563118513154719,NA,NA,206.20349999999996,NA,NA
RC2_0144_ICR-1,RC2_0144,T05P,NA,1,NA,NA,3886,NA,NA,23051,NA,NA,5.931806484817293,NA,NA,383.86440000000005,NA,NA
RC2_0144_ICR-2,RC2_0144,T05P,NA,2,NA,NA,4342,NA,NA,26364,NA,NA,6.07185628742515,NA,NA,383.86440000000005,NA,NA
RC2_0144_ICR-3,RC2_0144,T05P,NA,3,NA,NA,4234,NA,NA,24237,NA,NA,5.724374114312707,NA,NA,383.86440000000005,NA,NA
RC2_0145_ICR-1,RC2_0145,T42,NA,1,NA,NA,4169,NA,NA,27928,NA,NA,6.6989685775965455,NA,NA,2465.9001000000003,NA,NA
RC2_0145_ICR-2,RC2_0145,T42,NA,2,NA,NA,4401,NA,NA,28441,NA,NA,6.462394910247671,NA,NA,2465.9001000000003,NA,NA
RC2_0145_ICR-3,RC2_0145,T42,NA,3,NA,NA,3834,NA,NA,27900,NA,NA,7.276995305164319,NA,NA,2465.9001000000003,NA,NA
RC2_0146_ICR-1,RC2_0146,T03,NA,1,NA,NA,3257,NA,NA,27512,NA,NA,8.447037150752227,NA,NA,8977.068899999998,NA,NA
RC2_0146_ICR-2,RC2_0146,T03,NA,2,NA,NA,4352,NA,NA,28423,NA,NA,6.5310202205882355,NA,NA,8977.068899999998,NA,NA
RC2_0146_ICR-3,RC2_0146,T03,NA,3,NA,NA,4324,NA,NA,28207,NA,NA,6.523358001850139,NA,NA,8977.068899999998,NA,NA
RC2_0147_ICR-1,RC2_0147,T02,NA,1,NA,NA,3900,NA,NA,25052,NA,NA,6.423589743589743,NA,NA,13461.462,NA,NA
RC2_0147_ICR-2,RC2_0147,T02,NA,2,NA,NA,4531,NA,NA,29302,NA,NA,6.467005076142132,NA,NA,13461.462,NA,NA
RC2_0147_ICR-3,RC2_0147,T02,NA,3,NA,NA,3440,NA,NA,26391,NA,NA,7.671802325581395,NA,NA,13461.462,NA,NA
RC2_0148_ICR-1,RC2_0148,T07,NA,1,NA,NA,4200,NA,NA,24961,NA,NA,5.943095238095238,NA,NA,14144.724900000001,NA,NA
RC2_0148_ICR-2,RC2_0148,T07,NA,2,NA,NA,3491,NA,NA,26897,NA,NA,7.704669149240905,NA,NA,14144.724900000001,NA,NA
RC2_0148_ICR-3,RC2_0148,T07,NA,3,NA,NA,4191,NA,NA,27020,NA,NA,6.447148651873062,NA,NA,14144.724900000001,NA,NA
RC2_0149_ICR-1,RC2_0149,T06,NA,1,NA,NA,4028,NA,NA,26376,NA,NA,6.548162859980139,NA,NA,206.20349999999996,NA,NA
RC2_0149_ICR-2,RC2_0149,T06,NA,2,NA,NA,4285,NA,NA,28806,NA,NA,6.722520420070012,NA,NA,206.20349999999996,NA,NA
RC2_0149_ICR-3,RC2_0149,T06,NA,3,NA,NA,4438,NA,NA,27444,NA,NA,6.1838666065795405,NA,NA,206.20349999999996,NA,NA
RC2_0150_ICR-1,RC2_0150,T05P,NA,1,NA,NA,3829,NA,NA,26377,NA,NA,6.888743797336119,NA,NA,383.86440000000005,NA,NA
RC2_0150_ICR-2,RC2_0150,T05P,NA,2,NA,NA,4204,NA,NA,23062,NA,NA,5.485727878211227,NA,NA,383.86440000000005,NA,NA
RC2_0150_ICR-3,RC2_0150,T05P,NA,3,NA,NA,3996,NA,NA,24327,NA,NA,6.087837837837838,NA,NA,383.86440000000005,NA,NA
RC2_0151_ICR-1,RC2_0151,T42,NA,1,NA,NA,2138,NA,NA,62094,NA,NA,29.043030869971936,NA,NA,2465.9001000000003,NA,NA
RC2_0151_ICR-2,RC2_0151,T42,NA,2,NA,NA,4312,NA,NA,26077,NA,NA,6.047541743970315,NA,NA,2465.9001000000003,NA,NA
RC2_0151_ICR-3,RC2_0151,T42,NA,3,NA,NA,4167,NA,NA,26062,NA,NA,6.25437964962803,NA,NA,2465.9001000000003,NA,NA
RC2_0152_ICR-1,RC2_0152,T03,NA,1,NA,NA,4289,NA,NA,25644,NA,NA,5.979016087666123,NA,NA,8977.068899999998,NA,NA
RC2_0152_ICR-2,RC2_0152,T03,NA,2,NA,NA,4195,NA,NA,26467,NA,NA,6.309177592371872,NA,NA,8977.068899999998,NA,NA
RC2_0152_ICR-3,RC2_0152,T03,NA,3,NA,NA,3957,NA,NA,24406,NA,NA,6.16780389183725,NA,NA,8977.068899999998,NA,NA
RC2_0153_ICR-2,RC2_0153,T02,NA,2,NA,NA,4453,NA,NA,27025,NA,NA,6.068942286099259,NA,NA,13461.462,NA,NA
RC2_0153_ICR-3,RC2_0153,T02,NA,3,NA,NA,4289,NA,NA,26324,NA,NA,6.137561203077641,NA,NA,13461.462,NA,NA
RC2_0154_ICR-1,RC2_0154,T07,NA,1,NA,NA,4489,NA,NA,28092,NA,NA,6.257963911784362,NA,NA,14144.724900000001,NA,NA
RC2_0154_ICR-2,RC2_0154,T07,NA,2,NA,NA,4488,NA,NA,28345,NA,NA,6.315730837789661,NA,NA,14144.724900000001,NA,NA
RC2_0154_ICR-3,RC2_0154,T07,NA,3,NA,NA,4086,NA,NA,27329,NA,NA,6.688448360254528,NA,NA,14144.724900000001,NA,NA
RC2_0155_ICR-1,RC2_0155,T06,NA,1,NA,NA,3989,NA,NA,25881,NA,NA,6.488092253697668,NA,NA,206.20349999999996,NA,NA
RC2_0155_ICR-2,RC2_0155,T06,NA,2,NA,NA,3986,NA,NA,28046,NA,NA,7.036126442548921,NA,NA,206.20349999999996,NA,NA
RC2_0155_ICR-3,RC2_0155,T06,NA,3,NA,NA,4150,NA,NA,28304,NA,NA,6.820240963855421,NA,NA,206.20349999999996,NA,NA
RC2_0156_ICR-1,RC2_0156,T05P,NA,1,NA,NA,3908,NA,NA,23359,NA,NA,5.977226202661208,NA,NA,383.86440000000005,NA,NA
RC2_0156_ICR-2,RC2_0156,T05P,NA,2,NA,NA,4224,NA,NA,21715,NA,NA,5.140861742424242,NA,NA,383.86440000000005,NA,NA
RC2_0156_ICR-3,RC2_0156,T05P,NA,3,NA,NA,4321,NA,NA,24454,NA,NA,5.659338116176811,NA,NA,383.86440000000005,NA,NA
RC2_0157_ICR-1,RC2_0157,T42,NA,1,NA,NA,3903,NA,NA,27330,NA,NA,7.002305918524212,NA,NA,2465.9001000000003,NA,NA
RC2_0157_ICR-2,RC2_0157,T42,NA,2,NA,NA,4129,NA,NA,26612,NA,NA,6.445144102688302,NA,NA,2465.9001000000003,NA,NA
RC2_0157_ICR-3,RC2_0157,T42,NA,3,NA,NA,4221,NA,NA,24501,NA,NA,5.8045486851457,NA,NA,2465.9001000000003,NA,NA
RC2_0158_ICR-1,RC2_0158,T03,NA,1,NA,NA,4200,NA,NA,24708,NA,NA,5.882857142857143,NA,NA,8977.068899999998,NA,NA
RC2_0158_ICR-2,RC2_0158,T03,NA,2,NA,NA,4211,NA,NA,25705,NA,NA,6.104250771788174,NA,NA,8977.068899999998,NA,NA
RC2_0158_ICR-3,RC2_0158,T03,NA,3,NA,NA,3839,NA,NA,27062,NA,NA,7.049231570721542,NA,NA,8977.068899999998,NA,NA
RC2_0159_ICR-1,RC2_0159,T02,NA,1,NA,NA,3969,NA,NA,24798,NA,NA,6.247921390778534,NA,NA,13461.462,NA,NA
RC2_0159_ICR-2,RC2_0159,T02,NA,2,NA,NA,4281,NA,NA,25732,NA,NA,6.010745153001635,NA,NA,13461.462,NA,NA
RC2_0159_ICR-3,RC2_0159,T02,NA,3,NA,NA,4145,NA,NA,25001,NA,NA,6.031604342581423,NA,NA,13461.462,NA,NA
RC2_0160_ICR-1,RC2_0160,T07,NA,1,NA,NA,4035,NA,NA,25050,NA,NA,6.20817843866171,NA,NA,14144.724900000001,NA,NA
RC2_0160_ICR-2,RC2_0160,T07,NA,2,NA,NA,4263,NA,NA,26591,NA,NA,6.237626084916725,NA,NA,14144.724900000001,NA,NA
RC2_0160_ICR-3,RC2_0160,T07,NA,3,NA,NA,4081,NA,NA,25427,NA,NA,6.230580740014703,NA,NA,14144.724900000001,NA,NA
RC2_0163_ICR-1,RC2_0163,T42,NA,1,NA,NA,3758,NA,NA,25760,NA,NA,6.854709952102182,NA,NA,2465.9001000000003,NA,NA
RC2_0163_ICR-2,RC2_0163,T42,NA,2,NA,NA,3977,NA,NA,27150,NA,NA,6.826753834548655,NA,NA,2465.9001000000003,NA,NA
RC2_0163_ICR-3,RC2_0163,T42,NA,3,NA,NA,4071,NA,NA,26407,NA,NA,6.486612625890444,NA,NA,2465.9001000000003,NA,NA
RC2_0164_ICR-1,RC2_0164,T03,NA,1,NA,NA,4055,NA,NA,27064,NA,NA,6.67422934648582,NA,NA,8977.068899999998,NA,NA
RC2_0164_ICR-2,RC2_0164,T03,NA,2,NA,NA,3068,NA,NA,26029,NA,NA,8.484028683181226,NA,NA,8977.068899999998,NA,NA
RC2_0164_ICR-3,RC2_0164,T03,NA,3,NA,NA,3816,NA,NA,27682,NA,NA,7.2541928721174,NA,NA,8977.068899999998,NA,NA
RC2_0165_ICR-1,RC2_0165,T02,NA,1,NA,NA,3997,NA,NA,25057,NA,NA,6.268951713785339,NA,NA,13461.462,NA,NA
RC2_0165_ICR-2,RC2_0165,T02,NA,2,NA,NA,4187,NA,NA,25813,NA,NA,6.165034631000717,NA,NA,13461.462,NA,NA
RC2_0165_ICR-3,RC2_0165,T02,NA,3,NA,NA,4127,NA,NA,27157,NA,NA,6.58032469105888,NA,NA,13461.462,NA,NA
RC2_0166_ICR-1,RC2_0166,T07,NA,1,NA,NA,3875,NA,NA,27512,NA,NA,7.099870967741936,NA,NA,14144.724900000001,NA,NA
RC2_0166_ICR-2,RC2_0166,T07,NA,2,NA,NA,3910,NA,NA,26370,NA,NA,6.744245524296675,NA,NA,14144.724900000001,NA,NA
RC2_0166_ICR-3,RC2_0166,T07,NA,3,NA,NA,2859,NA,NA,24614,NA,NA,8.60930395243092,NA,NA,14144.724900000001,NA,NA
RC2_0167_ICR-1,RC2_0167,T07,NA,1,NA,NA,3233,NA,NA,22841,NA,NA,7.064955150015465,NA,NA,14144.724900000001,NA,NA
RC2_0167_ICR-2,RC2_0167,T07,NA,2,NA,NA,3989,NA,NA,28797,NA,NA,7.219102531962898,NA,NA,14144.724900000001,NA,NA
RC2_0167_ICR-3,RC2_0167,T07,NA,3,NA,NA,4108,NA,NA,27620,NA,NA,6.723466407010711,NA,NA,14144.724900000001,NA,NA
RC2_0177_ICR-1,RC2_0177,T02,NA,1,NA,NA,4142,NA,NA,30987,NA,NA,7.481168517624336,NA,NA,13461.462,NA,NA
RC2_0177_ICR-2,RC2_0177,T02,NA,2,NA,NA,4132,NA,NA,27633,NA,NA,6.687560503388189,NA,NA,13461.462,NA,NA
RC2_0177_ICR-3,RC2_0177,T02,NA,3,NA,NA,4314,NA,NA,30603,NA,NA,7.0938803894297635,NA,NA,13461.462,NA,NA
RC2_0178_ICR-1,RC2_0178,T07,NA,1,NA,NA,3630,NA,NA,26914,NA,NA,7.414325068870523,NA,NA,14144.724900000001,NA,NA
RC2_0178_ICR-2,RC2_0178,T07,NA,2,NA,NA,4076,NA,NA,27316,NA,NA,6.701668302257115,NA,NA,14144.724900000001,NA,NA
RC2_0178_ICR-3,RC2_0178,T07,NA,3,NA,NA,4255,NA,NA,25974,NA,NA,6.104347826086957,NA,NA,14144.724900000001,NA,NA
RC2_0179_ICR-1,RC2_0179,T03,NA,1,NA,NA,4168,NA,NA,26238,NA,NA,6.29510556621881,NA,NA,8977.068899999998,NA,NA
RC2_0179_ICR-3,RC2_0179,T03,NA,3,NA,NA,4192,NA,NA,24684,NA,NA,5.888358778625954,NA,NA,8977.068899999998,NA,NA
RC2_0183_ICR-2,RC2_0183,T02,NA,2,NA,NA,3770,NA,NA,26749,NA,NA,7.095225464190982,NA,NA,13461.462,NA,NA
RC2_0183_ICR-3,RC2_0183,T02,NA,3,NA,NA,4194,NA,NA,24933,NA,NA,5.944921316165951,NA,NA,13461.462,NA,NA
RC2_0184_ICR-1,RC2_0184,T07,NA,1,NA,NA,4012,NA,NA,25054,NA,NA,6.244765702891326,NA,NA,14144.724900000001,NA,NA
RC2_0184_ICR-2,RC2_0184,T07,NA,2,NA,NA,4034,NA,NA,26762,NA,NA,6.634110064452156,NA,NA,14144.724900000001,NA,NA
RC2_0184_ICR-3,RC2_0184,T07,NA,3,NA,NA,4002,NA,NA,24622,NA,NA,6.152423788105947,NA,NA,14144.724900000001,NA,NA
RC2_0187_ICR-1,RC2_0187,T42,NA,1,NA,NA,4343,NA,NA,29503,NA,NA,6.793230485839282,NA,NA,2465.9001000000003,NA,NA
RC2_0187_ICR-2,RC2_0187,T42,NA,2,NA,NA,4115,NA,NA,26900,NA,NA,6.5370595382746055,NA,NA,2465.9001000000003,NA,NA
RC2_0187_ICR-3,RC2_0187,T42,NA,3,NA,NA,4119,NA,NA,24517,NA,NA,5.952172857489682,NA,NA,2465.9001000000003,NA,NA
RC2_0188_ICR-1,RC2_0188,T03,NA,1,NA,NA,3723,NA,NA,27498,NA,NA,7.385979049153908,NA,NA,8977.068899999998,NA,NA
RC2_0188_ICR-2,RC2_0188,T03,NA,2,NA,NA,4252,NA,NA,27507,NA,NA,6.469190968955785,NA,NA,8977.068899999998,NA,NA
RC2_0188_ICR-3,RC2_0188,T03,NA,3,NA,NA,4214,NA,NA,27344,NA,NA,6.488846701471286,NA,NA,8977.068899999998,NA,NA
RC2_0189_ICR-1,RC2_0189,T02,NA,1,NA,NA,4101,NA,NA,27101,NA,NA,6.608388198000488,NA,NA,13461.462,NA,NA
RC2_0189_ICR-2,RC2_0189,T02,NA,2,NA,NA,4447,NA,NA,28083,NA,NA,6.315043849786373,NA,NA,13461.462,NA,NA
RC2_0189_ICR-3,RC2_0189,T02,NA,3,NA,NA,4240,NA,NA,28468,NA,NA,6.714150943396226,NA,NA,13461.462,NA,NA
RC2_0190_ICR-1,RC2_0190,T07,NA,1,NA,NA,4002,NA,NA,27823,NA,NA,6.9522738630684655,NA,NA,14144.724900000001,NA,NA
RC2_0190_ICR-2,RC2_0190,T07,NA,2,NA,NA,4202,NA,NA,26528,NA,NA,6.313184198000952,NA,NA,14144.724900000001,NA,NA
RC2_0190_ICR-3,RC2_0190,T07,NA,3,NA,NA,4063,NA,NA,27039,NA,NA,6.654934777258184,NA,NA,14144.724900000001,NA,NA
RC2_0191_ICR-1,RC2_0191,T07,NA,1,NA,NA,4318,NA,NA,26353,NA,NA,6.103056970819824,NA,NA,14144.724900000001,NA,NA
RC2_0191_ICR-2,RC2_0191,T07,NA,2,NA,NA,3939,NA,NA,24224,NA,NA,6.14978420919015,NA,NA,14144.724900000001,NA,NA
RC2_0191_ICR-3,RC2_0191,T07,NA,3,NA,NA,3790,NA,NA,27961,NA,NA,7.377572559366755,NA,NA,14144.724900000001,NA,NA
RC2_0192_ICR-1,RC2_0192,T02,NA,1,NA,NA,3817,NA,NA,27080,NA,NA,7.094576892847786,NA,NA,13461.462,NA,NA
RC2_0192_ICR-2,RC2_0192,T02,NA,2,NA,NA,1899,NA,NA,10315,NA,NA,5.431806213796735,NA,NA,13461.462,NA,NA
RC2_0192_ICR-3,RC2_0192,T02,NA,3,NA,NA,4059,NA,NA,26096,NA,NA,6.429169746242917,NA,NA,13461.462,NA,NA
RC2_0193_ICR-1,RC2_0193,T42,NA,1,NA,NA,4442,NA,NA,24820,NA,NA,5.587573165240882,NA,NA,2465.9001000000003,NA,NA
RC2_0193_ICR-2,RC2_0193,T42,NA,2,NA,NA,4398,NA,NA,28396,NA,NA,6.456571168713052,NA,NA,2465.9001000000003,NA,NA
RC2_0193_ICR-3,RC2_0193,T42,NA,3,NA,NA,4481,NA,NA,27599,NA,NA,6.159116268690025,NA,NA,2465.9001000000003,NA,NA
RC2_0194_ICR-1,RC2_0194,T03,NA,1,NA,NA,3352,NA,NA,24958,NA,NA,7.445704057279237,NA,NA,8977.068899999998,NA,NA
RC2_0194_ICR-2,RC2_0194,T03,NA,2,NA,NA,4190,NA,NA,28137,NA,NA,6.71527446300716,NA,NA,8977.068899999998,NA,NA
RC2_0194_ICR-3,RC2_0194,T03,NA,3,NA,NA,4360,NA,NA,27061,NA,NA,6.206651376146789,NA,NA,8977.068899999998,NA,NA
RC2_0195_ICR-1,RC2_0195,T05P,NA,1,NA,NA,3940,NA,NA,23328,NA,NA,5.920812182741117,NA,NA,383.86440000000005,NA,NA
RC2_0195_ICR-2,RC2_0195,T05P,NA,2,NA,NA,3964,NA,NA,20740,NA,NA,5.232088799192734,NA,NA,383.86440000000005,NA,NA
RC2_0195_ICR-3,RC2_0195,T05P,NA,3,NA,NA,3994,NA,NA,26589,NA,NA,6.657235853780671,NA,NA,383.86440000000005,NA,NA
RC2_0196_ICR-1,RC2_0196,T42,NA,1,NA,NA,4337,NA,NA,24739,NA,NA,5.704173391745446,NA,NA,2465.9001000000003,NA,NA
RC2_0196_ICR-2,RC2_0196,T42,NA,2,NA,NA,4050,NA,NA,28009,NA,NA,6.915802469135802,NA,NA,2465.9001000000003,NA,NA
RC2_0196_ICR-3,RC2_0196,T42,NA,3,NA,NA,3010,NA,NA,22899,NA,NA,7.607641196013289,NA,NA,2465.9001000000003,NA,NA
RC2_0197_ICR-1,RC2_0197,T03,NA,1,NA,NA,4135,NA,NA,28106,NA,NA,6.797097944377267,NA,NA,8977.068899999998,NA,NA
RC2_0197_ICR-2,RC2_0197,T03,NA,2,NA,NA,4234,NA,NA,24513,NA,NA,5.789560699102504,NA,NA,8977.068899999998,NA,NA
RC2_0197_ICR-3,RC2_0197,T03,NA,3,NA,NA,4234,NA,NA,26383,NA,NA,6.2312234293812,NA,NA,8977.068899999998,NA,NA
RC2_0198_ICR-1,RC2_0198,T02,NA,1,NA,NA,3936,NA,NA,23847,NA,NA,6.058689024390244,NA,NA,13461.462,NA,NA
RC2_0198_ICR-2,RC2_0198,T02,NA,2,NA,NA,4084,NA,NA,24483,NA,NA,5.994857982370226,NA,NA,13461.462,NA,NA
RC2_0198_ICR-3,RC2_0198,T02,NA,3,NA,NA,3973,NA,NA,24514,NA,NA,6.17014850239114,NA,NA,13461.462,NA,NA
RC2_0199_ICR-1,RC2_0199,T07,NA,1,NA,NA,4198,NA,NA,23715,NA,NA,5.649118627918056,NA,NA,14144.724900000001,NA,NA
RC2_0199_ICR-2,RC2_0199,T07,NA,2,NA,NA,4131,NA,NA,25674,NA,NA,6.214960058097313,NA,NA,14144.724900000001,NA,NA
RC2_0199_ICR-3,RC2_0199,T07,NA,3,NA,NA,4135,NA,NA,23493,NA,NA,5.681499395405079,NA,NA,14144.724900000001,NA,NA
RC2_0200_ICR-1,RC2_0200,T06,NA,1,NA,NA,4654,NA,NA,26098,NA,NA,5.607649333906317,NA,NA,206.20349999999996,NA,NA
RC2_0200_ICR-2,RC2_0200,T06,NA,2,NA,NA,4648,NA,NA,26151,NA,NA,5.626290877796902,NA,NA,206.20349999999996,NA,NA
RC2_0200_ICR-3,RC2_0200,T06,NA,3,NA,NA,4653,NA,NA,25685,NA,NA,5.5200945626477544,NA,NA,206.20349999999996,NA,NA
RC2_0201_ICR-1,RC2_0201,T05P,NA,1,NA,NA,4365,NA,NA,23137,NA,NA,5.30057273768614,NA,NA,383.86440000000005,NA,NA
RC2_0201_ICR-2,RC2_0201,T05P,NA,2,NA,NA,4388,NA,NA,17905,NA,NA,4.080446672743847,NA,NA,383.86440000000005,NA,NA
RC2_0201_ICR-3,RC2_0201,T05P,NA,3,NA,NA,4476,NA,NA,20508,NA,NA,4.581769436997319,NA,NA,383.86440000000005,NA,NA
RC2_0202_ICR-1,RC2_0202,T42,NA,1,NA,NA,4660,NA,NA,20997,NA,NA,4.505793991416309,NA,NA,2465.9001000000003,NA,NA
RC2_0202_ICR-2,RC2_0202,T42,NA,2,NA,NA,4546,NA,NA,25218,NA,NA,5.5472943246810384,NA,NA,2465.9001000000003,NA,NA
RC2_0202_ICR-3,RC2_0202,T42,NA,3,NA,NA,4311,NA,NA,22112,NA,NA,5.129204360937138,NA,NA,2465.9001000000003,NA,NA
RC2_0203_ICR-1,RC2_0203,T03,NA,1,NA,NA,4458,NA,NA,24061,NA,NA,5.3972633467922835,NA,NA,8977.068899999998,NA,NA
RC2_0203_ICR-2,RC2_0203,T03,NA,2,NA,NA,4633,NA,NA,23480,NA,NA,5.0679905029138785,NA,NA,8977.068899999998,NA,NA
RC2_0203_ICR-3,RC2_0203,T03,NA,3,NA,NA,4722,NA,NA,23485,NA,NA,4.973528166031342,NA,NA,8977.068899999998,NA,NA
RC2_0204_ICR-1,RC2_0204,T02,NA,1,NA,NA,4636,NA,NA,25249,NA,NA,5.4462899050905955,NA,NA,13461.462,NA,NA
RC2_0204_ICR-2,RC2_0204,T02,NA,2,NA,NA,4684,NA,NA,23986,NA,NA,5.120836891545688,NA,NA,13461.462,NA,NA
RC2_0204_ICR-3,RC2_0204,T02,NA,3,NA,NA,4702,NA,NA,25164,NA,NA,5.351765206295194,NA,NA,13461.462,NA,NA
RC2_0205_ICR-1,RC2_0205,T07,NA,1,NA,NA,4839,NA,NA,25391,NA,NA,5.247158503823104,NA,NA,14144.724900000001,NA,NA
RC2_0205_ICR-2,RC2_0205,T07,NA,2,NA,NA,4742,NA,NA,23284,NA,NA,4.910164487557992,NA,NA,14144.724900000001,NA,NA
RC2_0205_ICR-3,RC2_0205,T07,NA,3,NA,NA,4517,NA,NA,22415,NA,NA,4.9623644011512065,NA,NA,14144.724900000001,NA,NA
RC2_0206_ICR-1,RC2_0206,T06,NA,1,NA,NA,4588,NA,NA,28315,NA,NA,6.17153443766347,NA,NA,206.20349999999996,NA,NA
RC2_0206_ICR-2,RC2_0206,T06,NA,2,NA,NA,4245,NA,NA,26036,NA,NA,6.133333333333334,NA,NA,206.20349999999996,NA,NA
RC2_0206_ICR-3,RC2_0206,T06,NA,3,NA,NA,3960,NA,NA,27256,NA,NA,6.8828282828282825,NA,NA,206.20349999999996,NA,NA
RC2_0207_ICR-1,RC2_0207,T05P,NA,1,NA,NA,4277,NA,NA,20121,NA,NA,4.704465747018938,NA,NA,383.86440000000005,NA,NA
RC2_0207_ICR-2,RC2_0207,T05P,NA,2,NA,NA,4212,NA,NA,21863,NA,NA,5.190645773979107,NA,NA,383.86440000000005,NA,NA
RC2_0207_ICR-3,RC2_0207,T05P,NA,3,NA,NA,4473,NA,NA,20045,NA,NA,4.481332439078918,NA,NA,383.86440000000005,NA,NA
RC2_0208_ICR-1,RC2_0208,T42,NA,1,NA,NA,4475,NA,NA,22607,NA,NA,5.051843575418994,NA,NA,2465.9001000000003,NA,NA
RC2_0208_ICR-2,RC2_0208,T42,NA,2,NA,NA,4462,NA,NA,24045,NA,NA,5.388839085611833,NA,NA,2465.9001000000003,NA,NA
RC2_0208_ICR-3,RC2_0208,T42,NA,3,NA,NA,4497,NA,NA,24387,NA,NA,5.4229486324216145,NA,NA,2465.9001000000003,NA,NA
RC2_0209_ICR-1,RC2_0209,T03,NA,1,NA,NA,4532,NA,NA,22159,NA,NA,4.88945278022948,NA,NA,8977.068899999998,NA,NA
RC2_0209_ICR-2,RC2_0209,T03,NA,2,NA,NA,4621,NA,NA,23956,NA,NA,5.184159272884657,NA,NA,8977.068899999998,NA,NA
RC2_0209_ICR-3,RC2_0209,T03,NA,3,NA,NA,4660,NA,NA,22884,NA,NA,4.910729613733905,NA,NA,8977.068899999998,NA,NA
RC2_0210_ICR-1,RC2_0210,T02,NA,1,NA,NA,4826,NA,NA,23373,NA,NA,4.843141317861583,NA,NA,13461.462,NA,NA
RC2_0210_ICR-2,RC2_0210,T02,NA,2,NA,NA,4696,NA,NA,22648,NA,NA,4.822827938671209,NA,NA,13461.462,NA,NA
RC2_0210_ICR-3,RC2_0210,T02,NA,3,NA,NA,4629,NA,NA,25181,NA,NA,5.439835817671203,NA,NA,13461.462,NA,NA
RC2_0211_ICR-1,RC2_0211,T07,NA,1,NA,NA,4499,NA,NA,23240,NA,NA,5.165592353856413,NA,NA,14144.724900000001,NA,NA
RC2_0211_ICR-2,RC2_0211,T07,NA,2,NA,NA,4554,NA,NA,24348,NA,NA,5.346508563899868,NA,NA,14144.724900000001,NA,NA
RC2_0211_ICR-3,RC2_0211,T07,NA,3,NA,NA,4732,NA,NA,25157,NA,NA,5.316356720202874,NA,NA,14144.724900000001,NA,NA
