Method_Name,Method_ID,Method_Type,Method_Description,Method_Instrument,Method_Lab
DIC_Deviation,DICRUN_003,MethodID_Analysis,Missing dissolved inorganic carbon (DIC) data due to an instrument error.,N/A,Pacific Northwest National Laboratory (PNNL)
DIC_Method_QA_QC,DIC_CV_030,MethodID_DataProcessing,"Dissolved inorganic organic carbon coefficient of variation (CV) was higher than the set threshold. The threshold value is listed in the Method ID in the format [analyte]_CV_[threshold]. For example, NPOC_CV_030 indicates that the CV threshold used for NPOC is 30%.",N/A,Pacific Northwest National Laboratory (PNNL)
DIC_Method_QA_QC,DIC_QAQC_001,MethodID_DataProcessing,Blanks and check standards were assessed as apart of standard QAQC protocols. The difference between the expected and measured values of the blanks and check standards was calculated. Samples were flagged if the deviation between expected and measured values was higher than a threshold set for the study AND if the magnitude of the sample concentration was lower than 2 times the median value of the blanks. The flag indicates that the dissolved inorganic carbon (DIC) sample did not pass QAQC and data should not be used.,N/A,Pacific Northwest National Laboratory (PNNL)
DIC_Typical,DIC_T_IN_001,MethodID_Inspection,Vials were intact and filled to appropriate levels.,N/A,Pacific Northwest National Laboratory (PNNL) – Sequim
DIC_Typical,DIC_T_ST_001,MethodID_Storage,Vials were placed on blue ice after collection and then stored at 4 degC (refrigerator) until they were transferred or shipped to PNNL – Sequim Campus. Vials were placed under blue ice while in transit. At PNNL – Sequim Campus they were stored at 4 degC.,N/A,Pacific Northwest National Laboratory (PNNL) – Sequim
DIC_Typical,DIC_T_PRES_001,MethodID_Preservation,Samples were filtered in the field to 0.22 microns and kept at 4 degC until analysis for no longer than one month.,N/A,Pacific Northwest National Laboratory (PNNL) – Sequim
DIC_Typical,DIC_T_PREP_001,MethodID_Preparation,Samples were brought to room temperature before analysis. Samples were diluted if concentrations were anticipated to be too high for instrument responses.,N/A,Pacific Northwest National Laboratory (PNNL) – Sequim
DIC_Typical,DIC_T_AN_001,MethodID_Analysis,Best 3 of 4 injections; Accepted deviation up to 0.1 milligram_per_liter or 2 percent coefficient of variation;  Injection volume: 150 microliters; Furnace temperature: 720 degC; Standard concentration ranges 0-40 milligrams_Carbon_per_liter,Shimadzu TOC-L with TNM-L,Pacific Northwest National Laboratory (PNNL) – Sequim
DIC_Typical,DIC_T_DP_001,MethodID_DataProcessing,Manually checked data and calibration curves prior to uploading data. Raw data was processed through a data evaluation script that flagged samples below limit of detection and outside of the standard curve. The coefficient of variation (CV) was calculated among replicates; samples were flagged if CV was outside a given threshold. The flags indicate the limits of detection and CV where applicable.,N/A,Pacific Northwest National Laboratory (PNNL)
DIC_Vial_Break_Method,VB_DIC_001,MethodID_Inspection,Dissolved inorganic carbon (DIC) vial broke. Sample lost.,N/A,Pacific Northwest National Laboratory (PNNL)
DP_Method_QA_QC,DTL_003,MethodID_DataProcessing,"Individual data cells contain a flag if the concentration measured was (1) negative; (2) outside of the standard curve; or (3) below the limit of detection (LOD). The text flag is formatted as ""[DataType]_[Below/Above]_[##]_ppm_[LOD/Standard]|[##]_ppm_Raw_Not_Corrected|[##]_ppm_Final_Corrected"". The ""|"" is used to allow the user to parse apart the three pieces of information. The first part of the text string indicates the reason for the flag and the value of the LOD or Standard. The second part indicates the raw data value without any correction. The third part indicates the final corrected value. This value could be corrected based on dilution or other corrections (see the alphanumeric codes at the top of the data column for more details). A text string such as ""NPOC_Above_30_ppm_Standard|30.1_ppm_Raw_Not_Corrected|415.2_ppm_Final_Corrected"" indicates that the NPOC value is above the 30 parts per million (ppm) standard (the highest standard used); the raw value was 30.1ppm; and the corrected value (due to dilution) is 415.2ppm. The raw not corrected and final corrected values could be the same if there was no dilution or other corrections needed. Negative concentration values are not reported; rather ""Negative_Value"" and ""-9999"" are included in the text string (e.g. ""NPOC_Below_0.5_ppm_LOD|Negative_Value_Raw_Not_Corrected|-9999_ppm_Final_Corrected""). For samples corrected to milligrams per kilogram values the raw data value without correction is the same as the raw milligrams per liter not corrected value.",N/A,Pacific Northwest National Laboratory (PNNL)
Data_Status,ready_to_use,N/A,The data have been evaluated and are ready to use.,N/A,Pacific Northwest National Laboratory (PNNL)
Data_Status,raw,N/A,Raw spectra were converted to a list of mass values by applying the Bruker Daltonik's Data Analysis software FTMS peak picker module (see FTICR instructions folder for details). Peaks have not been aligned and chemical formulas have not been assigned. The data user can follow the instructions within the FTICR instructions folder to process the data to their needed specifications.,N/A,Pacific Northwest National Laboratory (PNNL)
ICR_Typical,ICR_T_IN_003,MethodID_Inspection,Vials were intact and filled to marked line. No precipitate or suspended particles.,N/A,Pacific Northwest National Laboratory (PNNL) - Richland
ICR_Typical,ICR_T_ST_003,MethodID_Storage,Stored at -20 degC then thawed in 4 degC (refrigerator) for three days.,N/A,Pacific Northwest National Laboratory (PNNL) - Richland
ICR_Typical,ICR_T_PRES_003,MethodID_Preservation,2 microliters of 85% phosphoric acid per 5 milliliters of sample was put in vial prior to adding sample. Samples were filtered in the field to 0.22 microns before being put into vial.,N/A,Pacific Northwest National Laboratory (PNNL) - Richland
ICR_Typical,ICR_T_PREP_003,MethodID_Preparation,Non-purgeable organic carbon (NPOC) was measured on a separate field collected vial prior sample preparation and analysis on the FTICR-MS. Samples for FTICR-MS were diluted as needed based on the NPOC measurement to achieve a standard NPOC concentration of 1.5 milligrams_ Carbon_per_liter and acidified to pH 2 using 85% phosphoric acid prior to solid phase extraction (SPE).  If NPOC concentration of the sample was below 1.5 milligrams_Carbon_per_liter then the sample was not diluted and 15 milliliters of the undiluted sample were acidified and put through put through solid phase extraction (SPE).,N/A,Pacific Northwest National Laboratory (PNNL) - Richland
ICR_Typical,ICR_T_AN_003,MethodID_Analysis,"Samples were run on a 12 Tesla (12T) Bruker SolariX FTICR-MS. Ion accumulation time (IAT) is appended to file name for each sample's xml files; where for example ""p08"" indicates an IAT of 0.08 seconds.",12 Tesla (12T) Bruker SolariX FTICR-MS,Environmental Molecular Sciences Laboratory/Pacific Northwest National Laboratory
ICR_Typical,ICR_T_DP_003,MethodID_DataProcessing,User completes data processing using provided instructions; Formularity; and R script. Columns in FTICR output are as follows: Mass (measured ionic mass; m/z). Columns C. H. O. N. C13. S. P. Na (atoms in the analyzed molecule. Identified by an algorithm in Kujawinski and Behn 2006 and modified as described in Tfaily et al. 2017.) El_Comp (function group(s) that are known. NeutralMass (zero-charge or neutral molecular mass. Calculated from observed ionic mass by balancing charge with protons or electrons). Error_ppm (parts per million error calculated as [expected molecular mass - measured molecular mass]/expected molecular mass * 1e6). Candidates (possible known molecules the analyzed molecule could be. Assigned by checking against a known database. Value of -1 when molecule was not checked against database). All remaining columns identified by kit/sample ID and replicate number and contain the spectra for each sample where the numerical value is the peak intensity at the particular molecular mass.,N/A,Pacific Northwest National Laboratory (PNNL) - Richland
IC_Method_QA_QC,Cl_CV_030,MethodID_DataProcessing,"Chloride coefficient of variation (CV) was higher than the set threshold. The threshold value is listed in the Method ID in the format [analyte]_CV_[threshold]. For example, NPOC_CV_030 indicates that the CV threshold used for NPOC is 30%.",N/A,Pacific Northwest National Laboratory (PNNL)
IC_Method_QA_QC,NO3_CV_030,MethodID_DataProcessing,"Nitrate coefficient of variation (CV) was higher than the set threshold. The threshold value is listed in the Method ID in the format [analyte]_CV_[threshold]. For example, NPOC_CV_030 indicates that the CV threshold used for NPOC is 30%.",N/A,Pacific Northwest National Laboratory (PNNL)
IC_Method_QA_QC,NO2_CV_030,MethodID_DataProcessing,"Nitrite coefficient of variation (CV) was higher than the set threshold. The threshold value is listed in the Method ID in the format [analyte]_CV_[threshold]. For example, NPOC_CV_030 indicates that the CV threshold used for NPOC is 30%.",N/A,Pacific Northwest National Laboratory (PNNL)
IC_Method_QA_QC,PO4_CV_030,MethodID_DataProcessing,"Phosphate coefficient of variation (CV) was higher than the set threshold. The threshold value is listed in the Method ID in the format [analyte]_CV_[threshold]. For example, NPOC_CV_030 indicates that the CV threshold used for NPOC is 30%.",N/A,Pacific Northwest National Laboratory (PNNL)
Ion_Frozen_Method,FRZ_ION_001,MethodID_Storage,Ion samples were stored at -20 degC after collection. They thawed during shipment to PNNL-Sequim. They were stored at -80 degC upon receiving.,N/A,Pacific Northwest National Laboratory (PNNL)
Ion_Vial_Break_Method,VB_ION_002,MethodID_Inspection,Ion vial broke during freezing. Sample was transferred to new vial when thawed for analysis.,N/A,Pacific Northwest National Laboratory (PNNL)
Ions_Typical,ION_T_IN_001,MethodID_Inspection,Vials are not broken and are frozen as expected. No precipitate or suspended particles.,N/A,Pacific Northwest National Laboratory (PNNL) – Sequim
Ions_Typical,ION_T_ST_001,MethodID_Storage,Vials were placed on blue ice after collection in the field and then frozen at -20 degC until they were transferred or shipped to PNNL – Sequim Campus. Vials were shipped or transfered frozen and placed under blue ice while in transit. Once arriving to PNNL – Sequim Campus they were stored at -20 degC or -80 degC.,N/A,Pacific Northwest National Laboratory (PNNL) – Sequim
Ions_Typical,ION_T_PRES_001,MethodID_Preservation,Samples were filtered in the field to 0.22 microns and kept on ice upon collection and later frozen at -20 degC.,N/A,Pacific Northwest National Laboratory (PNNL) – Sequim
Ions_Typical,ION_T_PREP_001,MethodID_Preparation,Samples were thawed morning of instrument run or overnight at 4 degC (refrigerator). Samples were diluted if needed (high metals or salts).,N/A,Pacific Northwest National Laboratory (PNNL) – Sequim
Ions_Typical,ION_T_AN_001,MethodID_Analysis,Conductivity detection was used for all ions (fluoride; chloride; bromide; sulfate; phosphate; lithium; sodium; ammonium; calcium; magnesium; potassium) except nitrate and nitrite which are detected via ultraviolet (UV) absorbance. Injection volume: 0.5 milliliters. Standard concentration ranges (mg/L): (fluoride: 0-4) (chloride: 0-20) (bromide: 0-20) (sulfate: 0-20) (phosphate: 0-40) (nitrate: 0-20) (nitrite: 0-20) (lithium: 0-10) (sodium: 0-40) (ammonium: 0-50) (potassium: 0-100) (magnesium: 0-50) (chloride: 0-100). Eluent used for cations: MSA at a concentration gradient of 0.5 to 11 to 0.5 millimolar (mM). Eluent used for anions: KOH at 30 millimolar (mM).,Dionex ICS-6000 DP,Pacific Northwest National Laboratory (PNNL) – Sequim
Ions_Typical,ION_T_DP_001,MethodID_DataProcessing,Manually checked peak identification. Checked peak shape and calibration curves prior to uploading data. Raw data was processed through a data evaluation script that flagged samples below limit of detection and outside of the standard curve. The coefficient of variation (CV) was calculated among replicates; samples were flagged if CV was outside a given threshold. The flags indicate the limits of detection and CV where applicable.,N/A,Pacific Northwest National Laboratory (PNNL)
NPOC_Method_QA_QC,NPOC_CV_030,MethodID_DataProcessing,"Non-purgeable organic carbon coefficient of variation (CV) was higher than the set threshold. The threshold value is listed in the Method ID in the format [analyte]_CV_[threshold]. For example, NPOC_CV_030 indicates that the CV threshold used for NPOC is 30%.",N/A,Pacific Northwest National Laboratory (PNNL)
NPOC_Typical,NPOC_T_IN_000,MethodID_Inspection,Vials were intact and filled to marked line. No precipitate or suspended particles.,N/A,Pacific Northwest National Laboratory (PNNL)
NPOC_Typical,NPOC_T_ST_000,MethodID_Storage,Stored at -20 degC then thawed in 4 degC for three days.,N/A,Pacific Northwest National Laboratory (PNNL)
NPOC_Typical,NPOC_T_PRES_000,MethodID_Preservation,2 microliters of 85% phosphoric acid per 5 milliliters of sample was put in vial prior to adding sample.,N/A,Pacific Northwest National Laboratory (PNNL)
NPOC_Typical,NPOC_T_PREP_000,MethodID_Preparation,5 milliliters sample pipetted into analysis vial.,N/A,Pacific Northwest National Laboratory (PNNL)
NPOC_Typical,NPOC_T_AN_000,MethodID_Analysis,Best 4 of 5 injections; injection volume: 150 microliters; furnace temperature: 720 degC; standard concentration ranges 0.3-20 milligrams_per_liter_carbon,Shimadzu Total Organic Carbon L series (TOC-L),Pacific Northwest National Laboratory (PNNL)
NPOC_Typical,NPOC_T_DP_000,MethodID_DataProcessing,"Data evaluated for whether values were within +/- 10% of standard curve. If not then values were replaced with ""Below_Range"" or ""Above_Range"" text. Standard curves must have R-squared values >0.985. If standard curve R-squared is <0.985 then sample values are replaced with ""Low_Rsq_in_STD_Curve"". Injections with Area of 0 were dropped. If any sample had fewer than 3 injections then sample values are replaced with ""Too_Few_Injections"". If there were more than 3 injections - the 3 that were closest to each other were retained; the others were dropped. For each sample - the ratio of maximum to minimum areas within the remaining 3 injections was found and if the ratio was greater than 2 - the reported concentration is given as ""Injections_Too_Variable.""",N/A,Pacific Northwest National Laboratory (PNNL)
OCN_Software_Method,OCN_004,MethodID_Analysis,Samples were run using the 9mL method.,N/A,Pacific Northwest National Laboratory (PNNL)
OCN_Storage_Method,OCN_ST_002,MethodID_Storage,Samples were run outside of the holding time.,N/A,Pacific Northwest National Laboratory (PNNL)
OCN_Vial_Break_Method,VB_OCN_001,MethodID_Inspection,Non-purgeable organic carbon (NPOC)/total nitrogen (TN) vial broke. Sample lost.,N/A,Pacific Northwest National Laboratory (PNNL)
OCN_Vial_Inspection_Method,VI_OCN_011,MethodID_Inspection,OCN vial was broken and sample lost but leftover sample from the DIC vial was used to run OCN.,N/A,Pacific Northwest National Laboratory (PNNL)
OUTLIER_Method_QA_QC,Cl_OUTLIER_000,MethodID_DataProcessing,Chloride coefficient of variation (CV) was higher than the set threshold. Replicate was removed from summary for being an outlier.,N/A,Pacific Northwest National Laboratory (PNNL)
OUTLIER_Method_QA_QC,NO3_OUTLIER_000,MethodID_DataProcessing,Nitrate coefficient of variation (CV) was higher than the set threshold. Replicate was removed from summary for being an outlier.,N/A,Pacific Northwest National Laboratory (PNNL)
OUTLIER_Method_QA_QC,NO2_OUTLIER_000,MethodID_DataProcessing,Nitrite coefficient of variation (CV) was higher than the set threshold. Replicate was removed from summary for being an outlier.,N/A,Pacific Northwest National Laboratory (PNNL)
OUTLIER_Method_QA_QC,PO4_OUTLIER_000,MethodID_DataProcessing,Phosphate coefficient of variation (CV) was higher than the set threshold. Replicate was removed from summary for being an outlier.,N/A,Pacific Northwest National Laboratory (PNNL)
OUTLIER_Method_QA_QC,SO4_OUTLIER_000,MethodID_DataProcessing,Sulfate coefficient of variation (CV) was higher than the set threshold. Replicate was removed from summary for being an outlier.,N/A,Pacific Northwest National Laboratory (PNNL)
OUTLIER_Method_QA_QC,NPOC_OUTLIER_000,MethodID_DataProcessing,Non-purgeable organic carbon coefficient of variation (CV) was higher than the set threshold. Replicate was removed from summary for being an outlier.,N/A,Pacific Northwest National Laboratory (PNNL)
OUTLIER_Method_QA_QC,DIC_OUTLIER_000,MethodID_DataProcessing,Dissolved inorganic organic carbon coefficient of variation (CV) was higher than the set threshold. Replicate was removed from summary for being an outlier.,N/A,Pacific Northwest National Laboratory (PNNL)
OUTLIER_Method_QA_QC,TN_OUTLIER_000,MethodID_DataProcessing,Total nitrogen coefficient of variation (CV) between replicates was higher than the set threshold. Replicate was identified as an outlier because it was determined to have the highest distance to the other two replicates using distance based outlier detection. Replicate was removed from summary because it was identified as an outlier.,N/A,Pacific Northwest National Laboratory (PNNL)
TN_Method_QA_QC,TN_CV_030,MethodID_DataProcessing,"Total nitrogen coefficient of variation (CV) was higher than the set threshold. The threshold value is listed in the Method ID in the format [analyte]_CV_[threshold]. For example, NPOC_CV_030 indicates that the CV threshold used for NPOC is 30%.",N/A,Pacific Northwest National Laboratory (PNNL)
TN_Typical,TN_T_IN_000,MethodID_Inspection,Vials were intact. No precipitate or suspended particles.,N/A,Pacific Northwest National Laboratory (PNNL)
TN_Typical,TN_T_ST_000,MethodID_Storage,Stored at 4 degC in the dark until analysis. Analyzed within 1 month of collection.,N/A,Pacific Northwest National Laboratory (PNNL)
TN_Typical,TN_T_PRES_000,MethodID_Preservation,No preservatives added.,N/A,Pacific Northwest National Laboratory (PNNL)
TN_Typical,TN_T_PREP_000,MethodID_Preparation,5.5 milliliters sample pipetted into analysis vial.,N/A,Pacific Northwest National Laboratory (PNNL)
TN_Typical,TN_T_AN_000,MethodID_Analysis,Best 4 of 5 injections; injection vol: 150 microliters; furnace temp: 720 degC; standard concentration ranges: 0.1-10 milliters_per_liter_nitrate_as_nitrogen,Shimadzu Total Organic Carbon L series (TOC-L) with a Total Nitrogen Measurement L series (TNM-L),Pacific Northwest National Laboratory (PNNL)
TN_Typical,TN_T_DP_000,MethodID_DataProcessing,"Data evaluated for whether values were within +/- 10% of standard curve. If not then values were replaced with ""Below_Range"" or ""Above_Range"" text. Standard curves must have R-squared values >0.985. If standard curve R-squared is <0.985 then sample values are replaced with ""Low_Rsq_in_STD_Curve"". Injections with Area = 0 were dropped. If any sample had fewer than 3 injections then sample values are replaced with ""Too_Few_Injections"". If there were more than 3 injections - the 3 that were closest to each other were retained; the others were dropped. For each sample - the ratio of maximum to minimum Areas within the remaining 3 injections was found and if the ratio was greater than 2 - the reported concentration is given as ""Injections_Too_Variable.""",N/A,Pacific Northwest National Laboratory (PNNL)
TSS_Method,TSS_001,MethodID_Preparation,Total suspended solids (TSS) sample was collected in two 1 liter bottles. They were filtered through the same filter.,N/A,Pacific Northwest National Laboratory (PNNL)
TSS_Method,TSS_002,MethodID_Preparation,Missing weight for total suspended solids (TSS) sample.,N/A,Pacific Northwest National Laboratory (PNNL)
TSS_Method,TSS_003,MethodID_Preparation,Multiple filters were used to filter entire total suspended solids (TSS) sample.,N/A,Pacific Northwest National Laboratory (PNNL)
TSS_Method,TSS_004,MethodID_Preparation,Filter clogged before entire 2 liters sample was finished filtering for total suspended solids (TSS) sample.,N/A,Pacific Northwest National Laboratory (PNNL)
TSS_Method,TSS_005,MethodID_Preparation,Filter tore while filtering for total suspended solids (TSS) sample.,N/A,Pacific Northwest National Laboratory (PNNL)
TSS_Method,TSS_PREP_001,MethodID_Preparation,Filter packet was damaged and total suspended solids (TSS) sample data is not usable.,N/A,Pacific Northwest National Laboratory (PNNL)
TSS_Typical,TSS_T_IN_000,MethodID_Inspection,Bottles were intact and not leaking.,N/A,Pacific Northwest National Laboratory (PNNL) - Richland
TSS_Typical,TSS_T_ST_000,MethodID_Storage,Vials were placed on blue ice after collection and then stored at 4 degC (refrigerator).,N/A,Pacific Northwest National Laboratory (PNNL) - Richland
TSS_Typical,TSS_T_PRES_000,MethodID_Preservation,Storage at 4 degC was the only preservation.,N/A,Pacific Northwest National Laboratory (PNNL) - Richland
TSS_Typical,TSS_T_PREP_000,MethodID_Preparation,2 liter water samples were filtered through each 47 millimeter glass fiber filter (GF/F).,N/A,Pacific Northwest National Laboratory (PNNL) - Richland
TSS_Typical,TSS_T_AN_000,MethodID_Analysis,Non-filterable residue was dried at temperatures between 103 degC and 105 degC. Total suspended solids was calculated gravimetrically.,N/A,Pacific Northwest National Laboratory (PNNL) - Richland
TSS_Typical,TSS_T_DP_000,MethodID_DataProcessing,Raw data was processed through a data evaluation script that flagged samples below limit of detection established by the Environmental Protection Agency (EPA),N/A,Pacific Northwest National Laboratory (PNNL) - Richland
