#Columns,9,,,,,,,,
#Header_Rows,12,,,,,,,,
Field_Name,Sample_Name,IGSN,Material,00940_Cl_mg_per_L,71851_NO3_mg_per_L_as_NO3,71856_NO2_mg_per_L_as_NO2,00653_PO4_mg_per_L_as_PO4,00945_SO4_mg_per_L_as_SO4,Methods_Deviation
Unit,N/A,N/A,N/A,milligrams_per_liter,milligrams_per_liter,milligrams_per_liter,milligrams_per_liter,milligrams_per_liter,N/A
Unit_Basis,N/A,N/A,N/A,as_Chloride,as_Nitrate,as_Nitrite,as_Phosphate,as_Sulfate,N/A
MethodID_Analysis,N/A,N/A,N/A,ION_T_AN_001,ION_T_AN_001,ION_T_AN_001,ION_T_AN_001,ION_T_AN_001,N/A
MethodID_Inspection,N/A,N/A,N/A,ION_T_IN_001,ION_T_IN_001,ION_T_IN_001,ION_T_IN_001,ION_T_IN_001,N/A
MethodID_Storage,N/A,N/A,N/A,ION_T_ST_001,ION_T_ST_001,ION_T_ST_001,ION_T_ST_001,ION_T_ST_001,N/A
MethodID_Preservation,N/A,N/A,N/A,ION_T_PRES_001,ION_T_PRES_001,ION_T_PRES_001,ION_T_PRES_001,ION_T_PRES_001,N/A
MethodID_Preparation,N/A,N/A,N/A,ION_T_PREP_001,ION_T_PREP_001,ION_T_PREP_001,ION_T_PREP_001,ION_T_PREP_001,N/A
MethodID_DataProcessing,N/A,N/A,N/A,ION_T_DP_001,ION_T_DP_001,ION_T_DP_001,ION_T_DP_001,ION_T_DP_001,N/A
Analysis_DetectionLimit,-9999,-9999,-9999,0.44,0.13,0.01,-9999,0.004-0.04,N/A
Analysis_Precision,-9999,-9999,-9999,-9999,-9999,-9999,-9999,-9999,N/A
Data_Status,N/A,N/A,N/A,ready_to_use,ready_to_use,ready_to_use,ready_to_use,ready_to_use,N/A
#Start_Data,RC2_0001_ION-1,10.58052/IEPRS00CY,Liquid>aqueous,0.81,1.01,Nitrite_Below_0.01_ppm_LOD|0.01_Raw_Not_Corrected|0.01_ppm_Final_Corrected,-9999,2.23,DTL_003
N/A,RC2_0001_ION-2,10.58052/IEPRS00CY,Liquid>aqueous,0.81,0.99,Nitrite_Below_0.01_ppm_LOD|0.01_Raw_Not_Corrected|0.01_ppm_Final_Corrected,-9999,2.23,DTL_003
N/A,RC2_0001_ION-3,10.58052/IEPRS00CY,Liquid>aqueous,0.83,0.98,Nitrite_Below_0.01_ppm_LOD|0.01_Raw_Not_Corrected|0.01_ppm_Final_Corrected,-9999,2.27,DTL_003
N/A,RC2_0003_ION-1,10.58052/IEPRS00D0,Liquid>aqueous,1.33,0.21,-9999,-9999,2.23,N/A
N/A,RC2_0003_ION-2,10.58052/IEPRS00D0,Liquid>aqueous,1.32,0.22,-9999,-9999,2.3,N/A
N/A,RC2_0003_ION-3,10.58052/IEPRS00D0,Liquid>aqueous,1.37,0.22,Nitrite_Below_0.01_ppm_LOD|0_Raw_Not_Corrected|0_ppm_Final_Corrected,-9999,2.29,DTL_003
N/A,RC2_0004_ION-1,10.58052/IEPRS00D1,Liquid>aqueous,2.24,0.61,-9999,-9999,2.43,N/A
N/A,RC2_0004_ION-2,10.58052/IEPRS00D1,Liquid>aqueous,2.26,0.6,-9999,-9999,2.4,N/A
N/A,RC2_0004_ION-3,10.58052/IEPRS00D1,Liquid>aqueous,1.9,0.51,-9999,-9999,1.97,N/A
N/A,RC2_0005_ION-1,10.58052/IEPRS00D2,Liquid>aqueous,2.5,1.14,-9999,-9999,2.9,N/A
N/A,RC2_0005_ION-2,10.58052/IEPRS00D2,Liquid>aqueous,3.06,1.4,-9999,-9999,3.74,N/A
N/A,RC2_0005_ION-3,10.58052/IEPRS00D2,Liquid>aqueous,2.86,1.31,-9999,-9999,3.41,N/A
N/A,RC2_0006_ION-1,10.58052/IEPRS00D3,Liquid>aqueous,3.05,1.54,-9999,-9999,3.85,N/A
N/A,RC2_0006_ION-2,10.58052/IEPRS00D3,Liquid>aqueous,2.58,1.3,-9999,-9999,3.03,N/A
N/A,RC2_0006_ION-3,10.58052/IEPRS00D3,Liquid>aqueous,3.33,1.68,-9999,-9999,4.28,N/A
N/A,RC2_0007_ION-1,10.58052/IEPRS00CS,Liquid>aqueous,0.58,0.52,-9999,-9999,1.96,N/A
N/A,RC2_0007_ION-2,10.58052/IEPRS00CS,Liquid>aqueous,0.7,0.64,-9999,-9999,2.32,N/A
N/A,RC2_0007_ION-3,10.58052/IEPRS00CS,Liquid>aqueous,0.68,0.61,-9999,-9999,2.23,N/A
N/A,RC2_0008_ION-1,10.58052/IEPRS00CT,Liquid>aqueous,3.36,1.52,-9999,-9999,4.66,Cl_CV_030; NO3_CV_030; SO4_CV_30; Cl_OUTLIER_000; NO3_OUTLIER_000; SO4_OUTLIER_000
N/A,RC2_0008_ION-2,10.58052/IEPRS00CT,Liquid>aqueous,0.63,0.53,-9999,-9999,1.11,Cl_CV_030; NO3_CV_030; SO4_CV_30
N/A,RC2_0008_ION-3,10.58052/IEPRS00CT,Liquid>aqueous,0.62,0.53,-9999,-9999,1.1,Cl_CV_030; NO3_CV_030; SO4_CV_30
N/A,RC2_0009_ION-1,10.58052/IEPRS00CU,Liquid>aqueous,1.35,Nitrate_Below_0.13_ppm_LOD|0.08_Raw_Not_Corrected|0.08_ppm_Final_Corrected,-9999,-9999,2.37,DTL_003
N/A,RC2_0009_ION-2,10.58052/IEPRS00CU,Liquid>aqueous,1.34,Nitrate_Below_0.13_ppm_LOD|0.09_Raw_Not_Corrected|0.09_ppm_Final_Corrected,-9999,-9999,2.35,DTL_003
N/A,RC2_0009_ION-3,10.58052/IEPRS00CU,Liquid>aqueous,1.29,Nitrate_Below_0.13_ppm_LOD|0.09_Raw_Not_Corrected|0.09_ppm_Final_Corrected,-9999,-9999,2.27,DTL_003
N/A,RC2_0010_ION-1,10.58052/IEPRS00CV,Liquid>aqueous,2.42,0.61,-9999,-9999,2.77,N/A
N/A,RC2_0010_ION-2,10.58052/IEPRS00CV,Liquid>aqueous,2.41,0.6,-9999,-9999,2.75,N/A
N/A,RC2_0010_ION-3,10.58052/IEPRS00CV,Liquid>aqueous,2.78,0.67,-9999,-9999,3.15,N/A
N/A,RC2_0011_ION-1,10.58052/IEPRS00CW,Liquid>aqueous,0.65,0.56,-9999,-9999,1.14,Cl_CV_030; NO3_CV_030; SO4_CV_30; Cl_OUTLIER_000; NO3_OUTLIER_000; SO4_OUTLIER_000
N/A,RC2_0011_ION-2,10.58052/IEPRS00CW,Liquid>aqueous,3.63,1.51,-9999,-9999,4.89,Cl_CV_030; NO3_CV_030; SO4_CV_30
N/A,RC2_0011_ION-3,10.58052/IEPRS00CW,Liquid>aqueous,3.95,1.66,-9999,-9999,4.92,Cl_CV_030; NO3_CV_030; SO4_CV_30
N/A,RC2_0012_ION-1,10.58052/IEPRS00CX,Liquid>aqueous,3.31,1.76,-9999,-9999,4.99,N/A
N/A,RC2_0012_ION-2,10.58052/IEPRS00CX,Liquid>aqueous,3.6,1.93,-9999,-9999,5.45,N/A
N/A,RC2_0012_ION-3,10.58052/IEPRS00CX,Liquid>aqueous,3.14,1.69,-9999,-9999,4.96,N/A
N/A,RC2_0109_ION-1,10.58052/IEPRS00T3,Liquid>aqueous,2.17,-9999,-9999,-9999,2.91,Cl_CV_030; VB_ION_002
N/A,RC2_0061_ION-1,10.58052/IEPRS00DG,Liquid>aqueous,Chloride_Below_0.44_ppm_LOD|0.44_Raw_Not_Corrected|0.44_ppm_Final_Corrected,Nitrate_Below_0.13_ppm_LOD|0.06_Raw_Not_Corrected|0.06_ppm_Final_Corrected,-9999,-9999,1.79,Cl_CV_030; NO3_CV_030; DTL_003; FRZ_ION_001
N/A,RC2_0061_ION-3,10.58052/IEPRS00DG,Liquid>aqueous,Chloride_Below_0.44_ppm_LOD|0.44_Raw_Not_Corrected|0.44_ppm_Final_Corrected,Nitrate_Below_0.13_ppm_LOD|0.07_Raw_Not_Corrected|0.07_ppm_Final_Corrected,-9999,-9999,1.8,Cl_CV_030; NO3_CV_030; DTL_003; FRZ_ION_001
N/A,RC2_0061_ION-2,10.58052/IEPRS00DG,Liquid>aqueous,1.16,Nitrate_Below_0.13_ppm_LOD|0.01_Raw_Not_Corrected|0.01_ppm_Final_Corrected,-9999,-9999,1.76,Cl_CV_030; NO3_CV_030; DTL_003; Cl_OUTLIER_000; NO3_OUTLIER_000; FRZ_ION_001
N/A,RC2_0027_ION-1,10.58052/IEPRS00CC,Liquid>aqueous,0.78,0.17,-9999,-9999,1.93,Cl_CV_030; NO3_CV_030; SO4_CV_30; FRZ_ION_001
N/A,RC2_0027_ION-2,10.58052/IEPRS00CC,Liquid>aqueous,0.8,0.17,-9999,-9999,1.96,Cl_CV_030; NO3_CV_030; SO4_CV_30; FRZ_ION_001
N/A,RC2_0066_ION-1,10.58052/IEPRS00DL,Liquid>aqueous,7.3,3.11,-9999,-9999,14.49,Cl_CV_030; NO3_CV_030; SO4_CV_30; FRZ_ION_001
N/A,RC2_0066_ION-2,10.58052/IEPRS00DL,Liquid>aqueous,7.02,2.99,-9999,-9999,13.68,Cl_CV_030; NO3_CV_030; SO4_CV_30; FRZ_ION_001
N/A,RC2_0050_ION-3,10.58052/IEPRS00D5,Liquid>aqueous,3.66,1.74,-9999,-9999,5.07,Cl_CV_030; NO3_CV_030; SO4_CV_30; Cl_OUTLIER_000; NO3_OUTLIER_000; SO4_OUTLIER_000; FRZ_ION_001
N/A,RC2_0063_ION-2,10.58052/IEPRS00DI,Liquid>aqueous,4.89,3.34,0.1,-9999,7.86,Cl_CV_030; NO3_CV_030; SO4_CV_30; Cl_OUTLIER_000; NO3_OUTLIER_000; SO4_OUTLIER_000; FRZ_ION_001
N/A,RC2_0068_ION-3,10.58052/IEPRS00DN,Liquid>aqueous,6.25,2.54,-9999,-9999,11.9,Cl_CV_030; NO3_CV_030; SO4_CV_30; Cl_OUTLIER_000; NO3_OUTLIER_000; SO4_OUTLIER_000; FRZ_ION_001
N/A,RC2_0050_ION-1,10.58052/IEPRS00D5,Liquid>aqueous,Chloride_Below_0.44_ppm_LOD|0.34_Raw_Not_Corrected|0.34_ppm_Final_Corrected,0.18,-9999,-9999,1.52,Cl_CV_030; NO3_CV_030; SO4_CV_30; DTL_003; FRZ_ION_001
N/A,RC2_0050_ION-2,10.58052/IEPRS00D5,Liquid>aqueous,Chloride_Below_0.44_ppm_LOD|0.29_Raw_Not_Corrected|0.29_ppm_Final_Corrected,0.14,-9999,-9999,1.22,Cl_CV_030; NO3_CV_030; SO4_CV_30; DTL_003; FRZ_ION_001
N/A,RC2_0063_ION-1,10.58052/IEPRS00DI,Liquid>aqueous,1.44,Nitrate_Below_0.13_ppm_LOD|0.02_Raw_Not_Corrected|0.02_ppm_Final_Corrected,-9999,-9999,3.24,Cl_CV_030; NO3_CV_030; SO4_CV_30; DTL_003; FRZ_ION_001
N/A,RC2_0063_ION-3,10.58052/IEPRS00DI,Liquid>aqueous,1.43,Nitrate_Below_0.13_ppm_LOD|0.02_Raw_Not_Corrected|0.02_ppm_Final_Corrected,-9999,-9999,3.19,Cl_CV_030; NO3_CV_030; SO4_CV_30; DTL_003; FRZ_ION_001
N/A,RC2_0068_ION-1,10.58052/IEPRS00DN,Liquid>aqueous,0.75,Nitrate_Below_0.13_ppm_LOD|0.05_Raw_Not_Corrected|0.05_ppm_Final_Corrected,-9999,-9999,1.46,Cl_CV_030; NO3_CV_030; SO4_CV_30; DTL_003; FRZ_ION_001
N/A,RC2_0068_ION-2,10.58052/IEPRS00DN,Liquid>aqueous,0.61,Nitrate_Below_0.13_ppm_LOD|0.05_Raw_Not_Corrected|0.05_ppm_Final_Corrected,-9999,-9999,1.06,Cl_CV_030; NO3_CV_030; SO4_CV_30; DTL_003; FRZ_ION_001
N/A,RC2_0027_ION-3,10.58052/IEPRS00CC,Liquid>aqueous,Chloride_Below_0.44_ppm_LOD|0.37_Raw_Not_Corrected|0.37_ppm_Final_Corrected,Nitrate_Below_0.13_ppm_LOD|0.07_Raw_Not_Corrected|0.07_ppm_Final_Corrected,-9999,-9999,0.91,Cl_CV_030; NO3_CV_030; SO4_CV_30; DTL_003; Cl_OUTLIER_000; NO3_OUTLIER_000; SO4_OUTLIER_000; FRZ_ION_001
N/A,RC2_0066_ION-3,10.58052/IEPRS00DL,Liquid>aqueous,0.49,Nitrate_Below_0.13_ppm_LOD|0.05_Raw_Not_Corrected|0.05_ppm_Final_Corrected,-9999,-9999,1.94,Cl_CV_030; NO3_CV_030; SO4_CV_30; DTL_003; Cl_OUTLIER_000; NO3_OUTLIER_000; SO4_OUTLIER_000; FRZ_ION_001
N/A,RC2_0021_ION-1,10.58052/IEPRS00CI,Liquid>aqueous,0.8,Nitrate_Below_0.13_ppm_LOD|0.09_Raw_Not_Corrected|0.09_ppm_Final_Corrected,-9999,-9999,1.79,DTL_003; FRZ_ION_001
N/A,RC2_0021_ION-2,10.58052/IEPRS00CI,Liquid>aqueous,0.86,Nitrate_Below_0.13_ppm_LOD|0.1_Raw_Not_Corrected|0.1_ppm_Final_Corrected,-9999,-9999,1.94,DTL_003; FRZ_ION_001
N/A,RC2_0021_ION-3,10.58052/IEPRS00CI,Liquid>aqueous,0.85,Nitrate_Below_0.13_ppm_LOD|0.1_Raw_Not_Corrected|0.1_ppm_Final_Corrected,-9999,-9999,1.93,DTL_003; FRZ_ION_001
N/A,RC2_0031_ION-1,10.58052/IEPRS00C4,Liquid>aqueous,Chloride_Below_0.44_ppm_LOD|0.42_Raw_Not_Corrected|0.42_ppm_Final_Corrected,0.43,-9999,-9999,1.74,DTL_003; FRZ_ION_001
N/A,RC2_0031_ION-2,10.58052/IEPRS00C4,Liquid>aqueous,Chloride_Below_0.44_ppm_LOD|0.41_Raw_Not_Corrected|0.41_ppm_Final_Corrected,0.43,-9999,-9999,1.72,DTL_003; FRZ_ION_001
N/A,RC2_0031_ION-3,10.58052/IEPRS00C4,Liquid>aqueous,Chloride_Below_0.44_ppm_LOD|0.4_Raw_Not_Corrected|0.4_ppm_Final_Corrected,0.41,-9999,-9999,1.71,DTL_003; FRZ_ION_001
N/A,RC2_0033_ION-1,10.58052/IEPRS00C6,Liquid>aqueous,1.1,Nitrate_Below_0.13_ppm_LOD|0.08_Raw_Not_Corrected|0.08_ppm_Final_Corrected,-9999,-9999,2.28,DTL_003; FRZ_ION_001
N/A,RC2_0033_ION-2,10.58052/IEPRS00C6,Liquid>aqueous,1.11,Nitrate_Below_0.13_ppm_LOD|0.1_Raw_Not_Corrected|0.1_ppm_Final_Corrected,-9999,-9999,2.31,DTL_003; FRZ_ION_001
N/A,RC2_0033_ION-3,10.58052/IEPRS00C6,Liquid>aqueous,1.11,Nitrate_Below_0.13_ppm_LOD|0.09_Raw_Not_Corrected|0.09_ppm_Final_Corrected,-9999,-9999,2.29,DTL_003; FRZ_ION_001
N/A,RC2_0037_ION-1,10.58052/IEPRS00BY,Liquid>aqueous,Chloride_Below_0.44_ppm_LOD|0.31_Raw_Not_Corrected|0.31_ppm_Final_Corrected,0.31,-9999,-9999,1.45,DTL_003; FRZ_ION_001
N/A,RC2_0037_ION-2,10.58052/IEPRS00BY,Liquid>aqueous,Chloride_Below_0.44_ppm_LOD|0.35_Raw_Not_Corrected|0.35_ppm_Final_Corrected,0.32,-9999,-9999,1.46,DTL_003; FRZ_ION_001
N/A,RC2_0037_ION-3,10.58052/IEPRS00BY,Liquid>aqueous,Chloride_Below_0.44_ppm_LOD|0.32_Raw_Not_Corrected|0.32_ppm_Final_Corrected,0.32,-9999,-9999,1.46,DTL_003; FRZ_ION_001
N/A,RC2_0060_ION-1,10.58052/IEPRS00DF,Liquid>aqueous,4.17,2.11,Nitrite_Below_0.01_ppm_LOD|0.01_Raw_Not_Corrected|0.01_ppm_Final_Corrected,-9999,10.44,DTL_003; FRZ_ION_001
N/A,RC2_0062_ION-1,10.58052/IEPRS00DH,Liquid>aqueous,0.68,Nitrate_Below_0.13_ppm_LOD|0.1_Raw_Not_Corrected|0.1_ppm_Final_Corrected,-9999,-9999,1.35,DTL_003; FRZ_ION_001
N/A,RC2_0062_ION-2,10.58052/IEPRS00DH,Liquid>aqueous,0.68,Nitrate_Below_0.13_ppm_LOD|0.11_Raw_Not_Corrected|0.11_ppm_Final_Corrected,-9999,-9999,1.36,DTL_003; FRZ_ION_001
N/A,RC2_0062_ION-3,10.58052/IEPRS00DH,Liquid>aqueous,0.68,Nitrate_Below_0.13_ppm_LOD|0.11_Raw_Not_Corrected|0.11_ppm_Final_Corrected,-9999,-9999,1.36,DTL_003; FRZ_ION_001
N/A,RC2_0013_ION-2,10.58052/IEPRS00CM,Liquid>aqueous,0.58,0.57,-9999,-9999,2.1,NO2_CV_030; DTL_003; FRZ_ION_001
N/A,RC2_0013_ION-3,10.58052/IEPRS00CM,Liquid>aqueous,0.59,0.58,-9999,-9999,2.13,NO2_CV_030; DTL_003; FRZ_ION_001
N/A,RC2_0014_ION-1,10.58052/IEPRS00CN,Liquid>aqueous,0.55,0.74,-9999,-9999,1.03,NO2_CV_030; DTL_003; NO2_CV_030; FRZ_ION_001
N/A,RC2_0014_ION-2,10.58052/IEPRS00CN,Liquid>aqueous,0.61,0.73,-9999,-9999,1.12,NO3_CV_030; FRZ_ION_001; VB_ION_002
N/A,RC2_0014_ION-3,10.58052/IEPRS00CN,Liquid>aqueous,0.57,0.72,-9999,-9999,1.06,NO3_CV_030; FRZ_ION_001; VB_ION_002
N/A,RC2_0016_ION-1,10.58052/IEPRS00CP,Liquid>aqueous,2.24,0.57,-9999,-9999,2.78,NO3_CV_030; DTL_003; FRZ_ION_001
N/A,RC2_0016_ION-2,10.58052/IEPRS00CP,Liquid>aqueous,2.17,0.62,-9999,-9999,2.83,NO3_CV_030; DTL_003; FRZ_ION_001
N/A,RC2_0016_ION-3,10.58052/IEPRS00CP,Liquid>aqueous,2.24,0.59,-9999,-9999,2.8,NO3_CV_030; DTL_003; FRZ_ION_001
N/A,RC2_0017_ION-1,10.58052/IEPRS00CQ,Liquid>aqueous,3.25,1.7,-9999,-9999,4.71,NO3_CV_030; DTL_003; FRZ_ION_001
N/A,RC2_0017_ION-2,10.58052/IEPRS00CQ,Liquid>aqueous,3.19,1.68,-9999,-9999,4.62,NO3_CV_030; DTL_003; FRZ_ION_001
N/A,RC2_0017_ION-3,10.58052/IEPRS00CQ,Liquid>aqueous,3.23,1.63,-9999,-9999,4.64,NO3_CV_030; DTL_003; FRZ_ION_001
N/A,RC2_0018_ION-1,10.58052/IEPRS00CR,Liquid>aqueous,3.65,2.09,-9999,-9999,5.67,NO3_CV_030; DTL_003; FRZ_ION_001
N/A,RC2_0018_ION-2,10.58052/IEPRS00CR,Liquid>aqueous,3.65,2.03,-9999,-9999,5.68,NO3_CV_030; DTL_003; FRZ_ION_001
N/A,RC2_0018_ION-3,10.58052/IEPRS00CR,Liquid>aqueous,4.06,2.7,-9999,-9999,5.68,NO3_CV_030; DTL_003; FRZ_ION_001
N/A,RC2_0019_ION-1,10.58052/IEPRS00CG,Liquid>aqueous,0.53,0.55,-9999,-9999,2.07,NO3_CV_030; DTL_003; FRZ_ION_001
N/A,RC2_0019_ION-2,10.58052/IEPRS00CG,Liquid>aqueous,0.53,0.55,-9999,-9999,2.01,NO3_CV_030; DTL_003; FRZ_ION_001
N/A,RC2_0019_ION-3,10.58052/IEPRS00CG,Liquid>aqueous,0.52,0.54,-9999,-9999,2.01,NO3_CV_030; DTL_003; FRZ_ION_001
N/A,RC2_0020_ION-1,10.58052/IEPRS00CH,Liquid>aqueous,0.55,0.7,-9999,-9999,1.03,NO3_CV_030; DTL_003; FRZ_ION_001
N/A,RC2_0020_ION-2,10.58052/IEPRS00CH,Liquid>aqueous,0.55,0.69,-9999,-9999,1.04,NO3_CV_030; DTL_003; FRZ_ION_001
N/A,RC2_0020_ION-3,10.58052/IEPRS00CH,Liquid>aqueous,0.55,0.7,-9999,-9999,1.05,NO3_CV_030; DTL_003; FRZ_ION_001
N/A,RC2_0022_ION-1,10.58052/IEPRS00CJ,Liquid>aqueous,2.3,0.55,-9999,-9999,2.77,NO3_CV_030; DTL_003; FRZ_ION_001
N/A,RC2_0022_ION-2,10.58052/IEPRS00CJ,Liquid>aqueous,2.37,0.64,-9999,-9999,2.87,NO3_CV_030; DTL_003; NO3_CV_030; FRZ_ION_001
N/A,RC2_0022_ION-3,10.58052/IEPRS00CJ,Liquid>aqueous,2.32,0.56,-9999,-9999,2.76,NO3_CV_030; DTL_003; NO3_CV_030; FRZ_ION_001
N/A,RC2_0023_ION-1,10.58052/IEPRS00CK,Liquid>aqueous,4.27,1.72,-9999,-9999,6.41,NO3_CV_030; DTL_003; NO3_OUTLIER_000; FRZ_ION_001; VB_ION_002
N/A,RC2_0023_ION-2,10.58052/IEPRS00CK,Liquid>aqueous,4.06,1.64,-9999,-9999,6.18,NO3_CV_030; DTL_003; NO3_OUTLIER_000; FRZ_ION_001; VB_ION_002
N/A,RC2_0023_ION-3,10.58052/IEPRS00CK,Liquid>aqueous,4.38,1.79,-9999,-9999,6.51,NO3_CV_030; NO3_OUTLIER_000; FRZ_ION_001
N/A,RC2_0024_ION-1,10.58052/IEPRS00CL,Liquid>aqueous,4.57,2.34,-9999,-9999,8.01,NO3_CV_030; NO3_OUTLIER_000; FRZ_ION_001; VB_ION_002
N/A,RC2_0024_ION-2,10.58052/IEPRS00CL,Liquid>aqueous,4.68,2.41,-9999,-9999,7.99,NO3_CV_030; NO3_OUTLIER_000; FRZ_ION_001
N/A,RC2_0024_ION-3,10.58052/IEPRS00CL,Liquid>aqueous,4.67,2.41,-9999,-9999,7.98,NO3_CV_030; NO3_OUTLIER_000; FRZ_ION_001
N/A,RC2_0025_ION-1,10.58052/IEPRS00CA,Liquid>aqueous,0.49,0.47,-9999,-9999,2,NO3_CV_030; NO3_OUTLIER_000; FRZ_ION_001
N/A,RC2_0025_ION-2,10.58052/IEPRS00CA,Liquid>aqueous,0.46,0.42,-9999,-9999,1.96,FRZ_ION_001
N/A,RC2_0025_ION-3,10.58052/IEPRS00CA,Liquid>aqueous,0.45,0.42,-9999,-9999,1.89,FRZ_ION_001
N/A,RC2_0026_ION-1,10.58052/IEPRS00CB,Liquid>aqueous,0.63,0.75,-9999,-9999,1.02,FRZ_ION_001
N/A,RC2_0026_ION-2,10.58052/IEPRS00CB,Liquid>aqueous,0.56,0.79,-9999,-9999,1.06,FRZ_ION_001
N/A,RC2_0026_ION-3,10.58052/IEPRS00CB,Liquid>aqueous,0.54,0.75,-9999,-9999,1,FRZ_ION_001
N/A,RC2_0028_ION-1,10.58052/IEPRS00CD,Liquid>aqueous,1.91,0.52,-9999,-9999,2.35,FRZ_ION_001
N/A,RC2_0028_ION-2,10.58052/IEPRS00CD,Liquid>aqueous,2.06,0.57,-9999,-9999,2.62,FRZ_ION_001
N/A,RC2_0028_ION-3,10.58052/IEPRS00CD,Liquid>aqueous,2.07,0.58,-9999,-9999,2.62,FRZ_ION_001
N/A,RC2_0029_ION-1,10.58052/IEPRS00CE,Liquid>aqueous,2.32,1.04,-9999,-9999,3.29,FRZ_ION_001
N/A,RC2_0029_ION-2,10.58052/IEPRS00CE,Liquid>aqueous,2.33,1.06,-9999,-9999,3.35,FRZ_ION_001
N/A,RC2_0029_ION-3,10.58052/IEPRS00CE,Liquid>aqueous,2.39,1.1,-9999,-9999,3.33,FRZ_ION_001
N/A,RC2_0030_ION-1,10.58052/IEPRS00CF,Liquid>aqueous,2.65,1.49,-9999,-9999,4.1,FRZ_ION_001
N/A,RC2_0030_ION-2,10.58052/IEPRS00CF,Liquid>aqueous,2.64,1.45,-9999,-9999,4.41,FRZ_ION_001
N/A,RC2_0030_ION-3,10.58052/IEPRS00CF,Liquid>aqueous,3.16,1.79,-9999,-9999,5.23,FRZ_ION_001
N/A,RC2_0032_ION-1,10.58052/IEPRS00C5,Liquid>aqueous,0.51,0.74,-9999,-9999,0.96,FRZ_ION_001
N/A,RC2_0032_ION-2,10.58052/IEPRS00C5,Liquid>aqueous,0.52,0.75,-9999,-9999,1,FRZ_ION_001
N/A,RC2_0032_ION-3,10.58052/IEPRS00C5,Liquid>aqueous,0.52,0.74,-9999,-9999,0.98,FRZ_ION_001
N/A,RC2_0034_ION-1,10.58052/IEPRS00C7,Liquid>aqueous,2.04,0.35,-9999,-9999,2.48,FRZ_ION_001
N/A,RC2_0034_ION-3,10.58052/IEPRS00C7,Liquid>aqueous,2.06,0.36,-9999,-9999,2.52,FRZ_ION_001
N/A,RC2_0035_ION-2,10.58052/IEPRS00C8,Liquid>aqueous,3.46,1.38,-9999,-9999,4.77,FRZ_ION_001
N/A,RC2_0035_ION-3,10.58052/IEPRS00C8,Liquid>aqueous,3.24,1.32,-9999,-9999,4.81,FRZ_ION_001
N/A,RC2_0036_ION-1,10.58052/IEPRS00C9,Liquid>aqueous,3.68,1.63,-9999,-9999,5.86,FRZ_ION_001
N/A,RC2_0036_ION-2,10.58052/IEPRS00C9,Liquid>aqueous,3.67,1.61,-9999,-9999,5.86,FRZ_ION_001
N/A,RC2_0036_ION-3,10.58052/IEPRS00C9,Liquid>aqueous,3.53,1.56,-9999,-9999,5.5,FRZ_ION_001
N/A,RC2_0038_ION-1,10.58052/IEPRS00BZ,Liquid>aqueous,0.48,0.71,-9999,-9999,0.86,FRZ_ION_001
N/A,RC2_0038_ION-2,10.58052/IEPRS00BZ,Liquid>aqueous,0.45,0.67,-9999,-9999,0.78,FRZ_ION_001
N/A,RC2_0038_ION-3,10.58052/IEPRS00BZ,Liquid>aqueous,0.47,0.72,-9999,-9999,0.86,FRZ_ION_001
N/A,RC2_0039_ION-1,10.58052/IEPRS00C0,Liquid>aqueous,0.67,0.24,-9999,-9999,1.81,FRZ_ION_001
N/A,RC2_0039_ION-2,10.58052/IEPRS00C0,Liquid>aqueous,0.66,0.24,-9999,-9999,1.82,FRZ_ION_001
N/A,RC2_0039_ION-3,10.58052/IEPRS00C0,Liquid>aqueous,0.66,0.25,-9999,-9999,1.91,FRZ_ION_001
N/A,RC2_0040_ION-1,10.58052/IEPRS00C1,Liquid>aqueous,1.54,0.46,-9999,-9999,2.2,FRZ_ION_001
N/A,RC2_0040_ION-2,10.58052/IEPRS00C1,Liquid>aqueous,1.53,0.45,-9999,-9999,2.16,FRZ_ION_001
N/A,RC2_0040_ION-3,10.58052/IEPRS00C1,Liquid>aqueous,1.49,0.43,-9999,-9999,2.09,FRZ_ION_001
N/A,RC2_0041_ION-1,10.58052/IEPRS00C2,Liquid>aqueous,2.86,1.22,-9999,-9999,4.49,FRZ_ION_001
N/A,RC2_0041_ION-2,10.58052/IEPRS00C2,Liquid>aqueous,2.77,1.17,-9999,-9999,4.31,FRZ_ION_001
N/A,RC2_0041_ION-3,10.58052/IEPRS00C2,Liquid>aqueous,2.85,1.21,-9999,-9999,4.61,FRZ_ION_001
N/A,RC2_0042_ION-1,10.58052/IEPRS00C3,Liquid>aqueous,3.33,1.54,-9999,-9999,5.39,FRZ_ION_001
N/A,RC2_0042_ION-2,10.58052/IEPRS00C3,Liquid>aqueous,3.23,1.48,-9999,-9999,5.21,FRZ_ION_001
N/A,RC2_0042_ION-3,10.58052/IEPRS00C3,Liquid>aqueous,3.52,1.63,-9999,-9999,5.87,FRZ_ION_001
N/A,RC2_0044_ION-1,10.58052/IEPRS00BU,Liquid>aqueous,0.5,0.48,-9999,-9999,0.84,FRZ_ION_001; VB_ION_002
N/A,RC2_0044_ION-2,10.58052/IEPRS00BU,Liquid>aqueous,0.54,0.36,-9999,-9999,1.02,FRZ_ION_001
N/A,RC2_0044_ION-3,10.58052/IEPRS00BU,Liquid>aqueous,0.48,0.32,-9999,-9999,0.91,FRZ_ION_001
N/A,RC2_0048_ION-1,10.58052/IEPRS00BX,Liquid>aqueous,4.91,2.63,-9999,-9999,9.63,FRZ_ION_001
N/A,RC2_0048_ION-2,10.58052/IEPRS00BX,Liquid>aqueous,4.48,2.41,-9999,-9999,8.39,FRZ_ION_001
N/A,RC2_0048_ION-3,10.58052/IEPRS00BX,Liquid>aqueous,4.65,3.42,-9999,-9999,9.14,FRZ_ION_001; VB_ION_002
N/A,RC2_0049_ION-1,10.58052/IEPRS00D4,Liquid>aqueous,3.12,1.5,-9999,-9999,4.81,FRZ_ION_001
N/A,RC2_0049_ION-2,10.58052/IEPRS00D4,Liquid>aqueous,2.45,1.17,-9999,-9999,3.59,FRZ_ION_001
N/A,RC2_0049_ION-3,10.58052/IEPRS00D4,Liquid>aqueous,3.91,1.87,-9999,-9999,5.65,FRZ_ION_001
N/A,RC2_0051_ION-1,10.58052/IEPRS00D6,Liquid>aqueous,0.52,0.31,-9999,-9999,0.98,FRZ_ION_001
N/A,RC2_0051_ION-2,10.58052/IEPRS00D6,Liquid>aqueous,0.52,0.32,-9999,-9999,1.01,FRZ_ION_001
N/A,RC2_0051_ION-3,10.58052/IEPRS00D6,Liquid>aqueous,0.53,0.33,-9999,-9999,1.02,FRZ_ION_001
N/A,RC2_0053_ION-1,10.58052/IEPRS00D8,Liquid>aqueous,1.77,0.45,-9999,-9999,2.03,FRZ_ION_001
N/A,RC2_0053_ION-2,10.58052/IEPRS00D8,Liquid>aqueous,1.85,0.51,-9999,-9999,2.45,FRZ_ION_001
N/A,RC2_0053_ION-3,10.58052/IEPRS00D8,Liquid>aqueous,1.73,0.44,-9999,-9999,1.97,FRZ_ION_001
N/A,RC2_0054_ION-1,10.58052/IEPRS00D9,Liquid>aqueous,3.49,1.84,-9999,-9999,5.77,FRZ_ION_001
N/A,RC2_0054_ION-2,10.58052/IEPRS00D9,Liquid>aqueous,3.54,1.87,-9999,-9999,5.86,FRZ_ION_001
N/A,RC2_0054_ION-3,10.58052/IEPRS00D9,Liquid>aqueous,3.31,1.75,-9999,-9999,5.45,FRZ_ION_001
N/A,RC2_0056_ION-1,10.58052/IEPRS00DB,Liquid>aqueous,0.55,0.19,-9999,-9999,1.08,FRZ_ION_001
N/A,RC2_0056_ION-2,10.58052/IEPRS00DB,Liquid>aqueous,0.55,0.19,-9999,-9999,1.09,FRZ_ION_001
N/A,RC2_0056_ION-3,10.58052/IEPRS00DB,Liquid>aqueous,0.54,0.2,-9999,-9999,1.17,FRZ_ION_001
N/A,RC2_0058_ION-1,10.58052/IEPRS00DD,Liquid>aqueous,1.75,0.37,-9999,-9999,2.19,FRZ_ION_001
N/A,RC2_0058_ION-2,10.58052/IEPRS00DD,Liquid>aqueous,1.76,0.4,-9999,-9999,2.2,FRZ_ION_001
N/A,RC2_0058_ION-3,10.58052/IEPRS00DD,Liquid>aqueous,1.82,0.42,-9999,-9999,2.47,FRZ_ION_001
N/A,RC2_0059_ION-1,10.58052/IEPRS00DE,Liquid>aqueous,3,1.26,-9999,-9999,4.98,FRZ_ION_001
N/A,RC2_0059_ION-2,10.58052/IEPRS00DE,Liquid>aqueous,3.15,1.58,-9999,-9999,5.36,FRZ_ION_001
N/A,RC2_0059_ION-3,10.58052/IEPRS00DE,Liquid>aqueous,3.17,1.33,-9999,-9999,5.19,FRZ_ION_001
N/A,RC2_0060_ION-2,10.58052/IEPRS00DF,Liquid>aqueous,3.88,1.89,-9999,-9999,7.06,FRZ_ION_001
N/A,RC2_0060_ION-3,10.58052/IEPRS00DF,Liquid>aqueous,3.68,1.82,-9999,-9999,7,FRZ_ION_001
N/A,RC2_0064_ION-1,10.58052/IEPRS00DJ,Liquid>aqueous,2,0.64,-9999,-9999,2.22,FRZ_ION_001
N/A,RC2_0064_ION-2,10.58052/IEPRS00DJ,Liquid>aqueous,2.06,0.67,-9999,-9999,2.26,FRZ_ION_001
N/A,RC2_0064_ION-3,10.58052/IEPRS00DJ,Liquid>aqueous,2.03,0.65,-9999,-9999,2.23,FRZ_ION_001
N/A,RC2_0065_ION-1,10.58052/IEPRS00DK,Liquid>aqueous,6.5,4.46,0.14,-9999,11.89,FRZ_ION_001
N/A,RC2_0065_ION-2,10.58052/IEPRS00DK,Liquid>aqueous,6.29,4.33,0.18,-9999,11.4,FRZ_ION_001
N/A,RC2_0070_ION-1,10.58052/IEPRS00DP,Liquid>aqueous,2.12,0.61,-9999,-9999,2.11,FRZ_ION_001
N/A,RC2_0070_ION-2,10.58052/IEPRS00DP,Liquid>aqueous,2.04,0.59,-9999,-9999,2.04,FRZ_ION_001
N/A,RC2_0070_ION-3,10.58052/IEPRS00DP,Liquid>aqueous,2,0.57,-9999,-9999,1.98,FRZ_ION_001
N/A,RC2_0072_ION-1,10.58052/IEPRS00DR,Liquid>aqueous,6.61,2.69,-9999,-9999,12.29,FRZ_ION_001
N/A,RC2_0072_ION-2,10.58052/IEPRS00DR,Liquid>aqueous,6.24,2.52,-9999,-9999,12.41,FRZ_ION_001
N/A,RC2_0072_ION-3,10.58052/IEPRS00DR,Liquid>aqueous,6.03,2.45,-9999,-9999,11.62,FRZ_ION_001
N/A,RC2_0073_ION-1,10.58052/IEPRS00DX,Liquid>aqueous,-9999,-9999,-9999,-9999,-9999,FRZ_ION_001
N/A,RC2_0073_ION-2,10.58052/IEPRS00DX,Liquid>aqueous,-9999,-9999,-9999,-9999,-9999,FRZ_ION_001
N/A,RC2_0073_ION-3,10.58052/IEPRS00DX,Liquid>aqueous,-9999,-9999,-9999,-9999,-9999,FRZ_ION_001
N/A,RC2_0074_ION-2,10.58052/IEPRS00DW,Liquid>aqueous,-9999,-9999,-9999,-9999,-9999,FRZ_ION_001
N/A,RC2_0074_ION-3,10.58052/IEPRS00DW,Liquid>aqueous,-9999,-9999,-9999,-9999,-9999,FRZ_ION_001
N/A,RC2_0075_ION-1,10.58052/IEPRS00DV,Liquid>aqueous,-9999,-9999,-9999,-9999,-9999,FRZ_ION_001; VB_ION_002
N/A,RC2_0075_ION-3,10.58052/IEPRS00DV,Liquid>aqueous,-9999,-9999,-9999,-9999,-9999,FRZ_ION_001
N/A,RC2_0076_ION-1,10.58052/IEPRS00DU,Liquid>aqueous,-9999,-9999,-9999,-9999,-9999,FRZ_ION_001
N/A,RC2_0076_ION-3,10.58052/IEPRS00DU,Liquid>aqueous,-9999,-9999,-9999,-9999,-9999,FRZ_ION_001
N/A,RC2_0077_ION-1,10.58052/IEPRS00DT,Liquid>aqueous,-9999,-9999,-9999,-9999,-9999,FRZ_ION_001; VB_ION_002
N/A,RC2_0077_ION-2,10.58052/IEPRS00DT,Liquid>aqueous,-9999,-9999,-9999,-9999,-9999,FRZ_ION_001
N/A,RC2_0077_ION-3,10.58052/IEPRS00DT,Liquid>aqueous,-9999,-9999,-9999,-9999,-9999,FRZ_ION_001
N/A,RC2_0078_ION-1,10.58052/IEPRS00DS,Liquid>aqueous,-9999,-9999,-9999,-9999,-9999,FRZ_ION_001
N/A,RC2_0078_ION-2,10.58052/IEPRS00DS,Liquid>aqueous,-9999,-9999,-9999,-9999,-9999,FRZ_ION_001
N/A,RC2_0078_ION-3,10.58052/IEPRS00DS,Liquid>aqueous,-9999,-9999,-9999,-9999,-9999,FRZ_ION_001
N/A,RC2_0079_ION-1,10.58052/IEPRS00DY,Liquid>aqueous,-9999,-9999,-9999,-9999,-9999,FRZ_ION_001
N/A,RC2_0079_ION-3,10.58052/IEPRS00DY,Liquid>aqueous,-9999,-9999,-9999,-9999,-9999,FRZ_ION_001
N/A,RC2_0081_ION-1,10.58052/IEPRS00E0,Liquid>aqueous,-9999,-9999,-9999,-9999,-9999,FRZ_ION_001
N/A,RC2_0081_ION-2,10.58052/IEPRS00E0,Liquid>aqueous,-9999,-9999,-9999,-9999,-9999,FRZ_ION_001
N/A,RC2_0081_ION-3,10.58052/IEPRS00E0,Liquid>aqueous,-9999,-9999,-9999,-9999,-9999,FRZ_ION_001
N/A,RC2_0082_ION-2,10.58052/IEPRS00E1,Liquid>aqueous,-9999,-9999,-9999,-9999,-9999,FRZ_ION_001
N/A,RC2_0082_ION-3,10.58052/IEPRS00E1,Liquid>aqueous,-9999,-9999,-9999,-9999,-9999,FRZ_ION_001
N/A,RC2_0083_ION-1,10.58052/IEPRS00E2,Liquid>aqueous,-9999,-9999,-9999,-9999,-9999,FRZ_ION_001
N/A,RC2_0083_ION-3,10.58052/IEPRS00E2,Liquid>aqueous,-9999,-9999,-9999,-9999,-9999,FRZ_ION_001
N/A,RC2_0071_ION-1,10.58052/IEPRS00DQ,Liquid>aqueous,6.07,4.32,Nitrite_Below_0.01_ppm_LOD|0_Raw_Not_Corrected|0_ppm_Final_Corrected,-9999,10.75,NO2_CV_030; DTL_003; FRZ_ION_001
N/A,RC2_0071_ION-2,10.58052/IEPRS00DQ,Liquid>aqueous,6.05,4.31,Nitrite_Below_0.01_ppm_LOD|0_Raw_Not_Corrected|0_ppm_Final_Corrected,-9999,10.95,NO2_CV_030; DTL_003; FRZ_ION_001
N/A,RC2_0071_ION-3,10.58052/IEPRS00DQ,Liquid>aqueous,6.36,4.54,Nitrite_Below_0.01_ppm_LOD|0_Raw_Not_Corrected|0_ppm_Final_Corrected,-9999,11.44,NO2_CV_030; DTL_003; NO2_CV_030; FRZ_ION_001
N/A,RC2_0046_ION-1,10.58052/IEPRS00BW,Liquid>aqueous,1.59,0.96,-9999,-9999,1.99,NO3_CV_030; FRZ_ION_001; VB_ION_002
N/A,RC2_0046_ION-3,10.58052/IEPRS00BW,Liquid>aqueous,1.95,1.03,-9999,-9999,2.38,NO3_CV_030; FRZ_ION_001; VB_ION_002
N/A,RC2_0015_ION-1,10.58052/IEPRS00CO,Liquid>aqueous,1.12,Nitrate_Below_0.13_ppm_LOD|0.11_Raw_Not_Corrected|0.11_ppm_Final_Corrected,-9999,-9999,2.23,NO3_CV_030; DTL_003; FRZ_ION_001
N/A,RC2_0015_ION-3,10.58052/IEPRS00CO,Liquid>aqueous,1.14,Nitrate_Below_0.13_ppm_LOD|0.12_Raw_Not_Corrected|0.12_ppm_Final_Corrected,-9999,-9999,2.27,NO3_CV_030; DTL_003; FRZ_ION_001
N/A,RC2_0043_ION-1,10.58052/IEPRS00BT,Liquid>aqueous,Chloride_Below_0.44_ppm_LOD|0.4_Raw_Not_Corrected|0.4_ppm_Final_Corrected,0.23,-9999,-9999,1.67,NO3_CV_030; DTL_003; FRZ_ION_001
N/A,RC2_0043_ION-3,10.58052/IEPRS00BT,Liquid>aqueous,Chloride_Below_0.44_ppm_LOD|0.37_Raw_Not_Corrected|0.37_ppm_Final_Corrected,0.22,-9999,-9999,1.56,NO3_CV_030; DTL_003; FRZ_ION_001
N/A,RC2_0045_ION-1,10.58052/IEPRS00BV,Liquid>aqueous,1.25,Nitrate_Below_0.13_ppm_LOD|0.05_Raw_Not_Corrected|0.05_ppm_Final_Corrected,-9999,-9999,2.38,NO3_CV_030; DTL_003; FRZ_ION_001
N/A,RC2_0045_ION-2,10.58052/IEPRS00BV,Liquid>aqueous,1.32,Nitrate_Below_0.13_ppm_LOD|0.05_Raw_Not_Corrected|0.05_ppm_Final_Corrected,-9999,-9999,2.49,NO3_CV_030; DTL_003; FRZ_ION_001
N/A,RC2_0052_ION-1,10.58052/IEPRS00D7,Liquid>aqueous,1.1,Nitrate_Below_0.13_ppm_LOD|0.08_Raw_Not_Corrected|0.08_ppm_Final_Corrected,-9999,-9999,2.15,NO3_CV_030; DTL_003; FRZ_ION_001
N/A,RC2_0052_ION-3,10.58052/IEPRS00D7,Liquid>aqueous,0.91,Nitrate_Below_0.13_ppm_LOD|0.04_Raw_Not_Corrected|0.04_ppm_Final_Corrected,-9999,-9999,1.94,NO3_CV_030; DTL_003; FRZ_ION_001
N/A,RC2_0055_ION-1,10.58052/IEPRS00DA,Liquid>aqueous,Chloride_Below_0.44_ppm_LOD|0.32_Raw_Not_Corrected|0.32_ppm_Final_Corrected,Nitrate_Below_0.13_ppm_LOD|0.08_Raw_Not_Corrected|0.08_ppm_Final_Corrected,-9999,-9999,1.44,NO3_CV_030; DTL_003; FRZ_ION_001
N/A,RC2_0055_ION-3,10.58052/IEPRS00DA,Liquid>aqueous,Chloride_Below_0.44_ppm_LOD|0.32_Raw_Not_Corrected|0.32_ppm_Final_Corrected,Nitrate_Below_0.13_ppm_LOD|0.08_Raw_Not_Corrected|0.08_ppm_Final_Corrected,-9999,-9999,1.4,NO3_CV_030; DTL_003; FRZ_ION_001
N/A,RC2_0057_ION-1,10.58052/IEPRS00DC,Liquid>aqueous,1.02,Nitrate_Below_0.13_ppm_LOD|0.03_Raw_Not_Corrected|0.03_ppm_Final_Corrected,-9999,-9999,2.18,NO3_CV_030; DTL_003; FRZ_ION_001
N/A,RC2_0057_ION-3,10.58052/IEPRS00DC,Liquid>aqueous,1.1,Nitrate_Below_0.13_ppm_LOD|0.07_Raw_Not_Corrected|0.07_ppm_Final_Corrected,-9999,-9999,2.25,NO3_CV_030; DTL_003; FRZ_ION_001
N/A,RC2_0067_ION-2,10.58052/IEPRS00DM,Liquid>aqueous,0.65,Nitrate_Below_0.13_ppm_LOD|0.04_Raw_Not_Corrected|0.04_ppm_Final_Corrected,-9999,-9999,1.22,NO3_CV_030; DTL_003; FRZ_ION_001
N/A,RC2_0067_ION-3,10.58052/IEPRS00DM,Liquid>aqueous,0.48,Nitrate_Below_0.13_ppm_LOD|0.05_Raw_Not_Corrected|0.05_ppm_Final_Corrected,-9999,-9999,1.9,NO3_CV_030; DTL_003; FRZ_ION_001
N/A,RC2_0069_ION-1,10.58052/IEPRS00DO,Liquid>aqueous,1.37,Nitrate_Below_0.13_ppm_LOD|0.04_Raw_Not_Corrected|0.04_ppm_Final_Corrected,-9999,-9999,2.04,NO3_CV_030; DTL_003; FRZ_ION_001
N/A,RC2_0069_ION-2,10.58052/IEPRS00DO,Liquid>aqueous,1.6,Nitrate_Below_0.13_ppm_LOD|0.03_Raw_Not_Corrected|0.03_ppm_Final_Corrected,-9999,-9999,2.63,NO3_CV_030; DTL_003; FRZ_ION_001
N/A,RC2_0067_ION-1,10.58052/IEPRS00DM,Liquid>aqueous,0.55,Nitrate_Below_0.13_ppm_LOD|0.08_Raw_Not_Corrected|0.08_ppm_Final_Corrected,-9999,-9999,2.22,NO3_CV_030; DTL_003; NO3_CV_030; FRZ_ION_001
N/A,RC2_0069_ION-3,10.58052/IEPRS00DO,Liquid>aqueous,1.58,Nitrate_Below_0.13_ppm_LOD|0.08_Raw_Not_Corrected|0.08_ppm_Final_Corrected,-9999,-9999,2.56,NO3_CV_030; DTL_003; NO3_CV_030; FRZ_ION_001
N/A,RC2_0043_ION-2,10.58052/IEPRS00BT,Liquid>aqueous,Chloride_Below_0.44_ppm_LOD|0.41_Raw_Not_Corrected|0.41_ppm_Final_Corrected,0.64,-9999,-9999,1.6,NO3_CV_030; DTL_003; NO3_OUTLIER_000; FRZ_ION_001; VB_ION_002
N/A,RC2_0055_ION-2,10.58052/IEPRS00DA,Liquid>aqueous,Chloride_Below_0.44_ppm_LOD|0.41_Raw_Not_Corrected|0.41_ppm_Final_Corrected,1.23,-9999,-9999,1.88,NO3_CV_030; DTL_003; NO3_OUTLIER_000; FRZ_ION_001; VB_ION_002
N/A,RC2_0015_ION-2,10.58052/IEPRS00CO,Liquid>aqueous,1.13,0.26,-9999,-9999,2.23,NO3_CV_030; NO3_OUTLIER_000; FRZ_ION_001
N/A,RC2_0045_ION-3,10.58052/IEPRS00BV,Liquid>aqueous,1.38,0.37,-9999,-9999,2.7,NO3_CV_030; NO3_OUTLIER_000; FRZ_ION_001; VB_ION_002
N/A,RC2_0046_ION-2,10.58052/IEPRS00BW,Liquid>aqueous,1.61,0.47,-9999,-9999,2.05,NO3_CV_030; NO3_OUTLIER_000; FRZ_ION_001
N/A,RC2_0052_ION-2,10.58052/IEPRS00D7,Liquid>aqueous,1.34,0.29,-9999,-9999,3.02,NO3_CV_030; NO3_OUTLIER_000; FRZ_ION_001
N/A,RC2_0085_ION-1,10.58052/IEPRS00E4,Liquid>aqueous,-9999,-9999,-9999,-9999,-9999,NO3_CV_030; NO3_OUTLIER_000
N/A,RC2_0085_ION-2,10.58052/IEPRS00E4,Liquid>aqueous,-9999,-9999,-9999,-9999,-9999,N/A
N/A,RC2_0085_ION-3,10.58052/IEPRS00E4,Liquid>aqueous,-9999,-9999,-9999,-9999,-9999,N/A
N/A,RC2_0086_ION-1,10.58052/IEPRS00E5,Liquid>aqueous,-9999,-9999,-9999,-9999,-9999,N/A
N/A,RC2_0086_ION-2,10.58052/IEPRS00E5,Liquid>aqueous,-9999,-9999,-9999,-9999,-9999,N/A
N/A,RC2_0086_ION-3,10.58052/IEPRS00E5,Liquid>aqueous,-9999,-9999,-9999,-9999,-9999,N/A
N/A,RC2_0087_ION-1,10.58052/IEPRS00E6,Liquid>aqueous,-9999,-9999,-9999,-9999,-9999,N/A
N/A,RC2_0087_ION-2,10.58052/IEPRS00E6,Liquid>aqueous,-9999,-9999,-9999,-9999,-9999,N/A
N/A,RC2_0087_ION-3,10.58052/IEPRS00E6,Liquid>aqueous,-9999,-9999,-9999,-9999,-9999,N/A
N/A,RC2_0088_ION-1,10.58052/IEPRS00E7,Liquid>aqueous,-9999,-9999,-9999,-9999,-9999,N/A
N/A,RC2_0088_ION-2,10.58052/IEPRS00E7,Liquid>aqueous,-9999,-9999,-9999,-9999,-9999,N/A
N/A,RC2_0088_ION-3,10.58052/IEPRS00E7,Liquid>aqueous,-9999,-9999,-9999,-9999,-9999,N/A
N/A,RC2_0089_ION-1,10.58052/IEPRS00E8,Liquid>aqueous,-9999,-9999,-9999,-9999,-9999,N/A
N/A,RC2_0089_ION-2,10.58052/IEPRS00E8,Liquid>aqueous,-9999,-9999,-9999,-9999,-9999,N/A
N/A,RC2_0089_ION-3,10.58052/IEPRS00E8,Liquid>aqueous,-9999,-9999,-9999,-9999,-9999,N/A
N/A,RC2_0090_ION-1,10.58052/IEPRS00E9,Liquid>aqueous,-9999,-9999,-9999,-9999,-9999,N/A
N/A,RC2_0090_ION-2,10.58052/IEPRS00E9,Liquid>aqueous,-9999,-9999,-9999,-9999,-9999,N/A
N/A,RC2_0090_ION-3,10.58052/IEPRS00E9,Liquid>aqueous,-9999,-9999,-9999,-9999,-9999,N/A
N/A,RC2_0091_ION-1,10.58052/IEPRS00EF,Liquid>aqueous,-9999,-9999,-9999,-9999,-9999,N/A
N/A,RC2_0091_ION-2,10.58052/IEPRS00EF,Liquid>aqueous,-9999,-9999,-9999,-9999,-9999,N/A
N/A,RC2_0091_ION-3,10.58052/IEPRS00EF,Liquid>aqueous,-9999,-9999,-9999,-9999,-9999,N/A
N/A,RC2_0092_ION-1,10.58052/IEPRS00EE,Liquid>aqueous,-9999,-9999,-9999,-9999,-9999,N/A
N/A,RC2_0092_ION-2,10.58052/IEPRS00EE,Liquid>aqueous,-9999,-9999,-9999,-9999,-9999,N/A
N/A,RC2_0092_ION-3,10.58052/IEPRS00EE,Liquid>aqueous,-9999,-9999,-9999,-9999,-9999,N/A
N/A,RC2_0093_ION-1,10.58052/IEPRS00ED,Liquid>aqueous,-9999,-9999,-9999,-9999,-9999,N/A
N/A,RC2_0093_ION-2,10.58052/IEPRS00ED,Liquid>aqueous,-9999,-9999,-9999,-9999,-9999,N/A
N/A,RC2_0093_ION-3,10.58052/IEPRS00ED,Liquid>aqueous,-9999,-9999,-9999,-9999,-9999,N/A
N/A,RC2_0094_ION-1,10.58052/IEPRS00EC,Liquid>aqueous,-9999,-9999,-9999,-9999,-9999,N/A
N/A,RC2_0094_ION-2,10.58052/IEPRS00EC,Liquid>aqueous,-9999,-9999,-9999,-9999,-9999,N/A
N/A,RC2_0094_ION-3,10.58052/IEPRS00EC,Liquid>aqueous,-9999,-9999,-9999,-9999,-9999,N/A
N/A,RC2_0095_ION-1,10.58052/IEPRS00EB,Liquid>aqueous,-9999,-9999,-9999,-9999,-9999,N/A
N/A,RC2_0095_ION-2,10.58052/IEPRS00EB,Liquid>aqueous,-9999,-9999,-9999,-9999,-9999,N/A
N/A,RC2_0095_ION-3,10.58052/IEPRS00EB,Liquid>aqueous,-9999,-9999,-9999,-9999,-9999,N/A
N/A,RC2_0096_ION-1,10.58052/IEPRS00EA,Liquid>aqueous,-9999,-9999,-9999,-9999,-9999,N/A
N/A,RC2_0096_ION-2,10.58052/IEPRS00EA,Liquid>aqueous,-9999,-9999,-9999,-9999,-9999,N/A
N/A,RC2_0096_ION-3,10.58052/IEPRS00EA,Liquid>aqueous,-9999,-9999,-9999,-9999,-9999,N/A
N/A,RC2_0097_ION-1,10.58052/IEPRS00EG,Liquid>aqueous,-9999,-9999,-9999,-9999,-9999,N/A
N/A,RC2_0097_ION-2,10.58052/IEPRS00EG,Liquid>aqueous,-9999,-9999,-9999,-9999,-9999,N/A
N/A,RC2_0097_ION-3,10.58052/IEPRS00EG,Liquid>aqueous,-9999,-9999,-9999,-9999,-9999,N/A
N/A,RC2_0098_ION-1,10.58052/IEPRS00EH,Liquid>aqueous,-9999,-9999,-9999,-9999,-9999,N/A
N/A,RC2_0098_ION-2,10.58052/IEPRS00EH,Liquid>aqueous,-9999,-9999,-9999,-9999,-9999,N/A
N/A,RC2_0098_ION-3,10.58052/IEPRS00EH,Liquid>aqueous,-9999,-9999,-9999,-9999,-9999,N/A
N/A,RC2_0099_ION-1,10.58052/IEPRS00EI,Liquid>aqueous,-9999,-9999,-9999,-9999,-9999,N/A
N/A,RC2_0099_ION-2,10.58052/IEPRS00EI,Liquid>aqueous,-9999,-9999,-9999,-9999,-9999,N/A
N/A,RC2_0099_ION-3,10.58052/IEPRS00EI,Liquid>aqueous,-9999,-9999,-9999,-9999,-9999,N/A
N/A,RC2_0100_ION-1,10.58052/IEPRS00EJ,Liquid>aqueous,-9999,-9999,-9999,-9999,-9999,N/A
N/A,RC2_0100_ION-2,10.58052/IEPRS00EJ,Liquid>aqueous,-9999,-9999,-9999,-9999,-9999,N/A
N/A,RC2_0100_ION-3,10.58052/IEPRS00EJ,Liquid>aqueous,-9999,-9999,-9999,-9999,-9999,N/A
N/A,RC2_0101_ION-1,10.58052/IEPRS00EO,Liquid>aqueous,-9999,-9999,-9999,-9999,-9999,N/A
N/A,RC2_0101_ION-2,10.58052/IEPRS00EO,Liquid>aqueous,-9999,-9999,-9999,-9999,-9999,N/A
N/A,RC2_0101_ION-3,10.58052/IEPRS00EO,Liquid>aqueous,-9999,-9999,-9999,-9999,-9999,N/A
N/A,RC2_0103_ION-1,10.58052/IEPRS00EN,Liquid>aqueous,-9999,-9999,-9999,-9999,-9999,N/A
N/A,RC2_0103_ION-2,10.58052/IEPRS00EN,Liquid>aqueous,-9999,-9999,-9999,-9999,-9999,N/A
N/A,RC2_0103_ION-3,10.58052/IEPRS00EN,Liquid>aqueous,-9999,-9999,-9999,-9999,-9999,N/A
N/A,RC2_0104_ION-1,10.58052/IEPRS00EM,Liquid>aqueous,-9999,-9999,-9999,-9999,-9999,N/A
N/A,RC2_0104_ION-2,10.58052/IEPRS00EM,Liquid>aqueous,-9999,-9999,-9999,-9999,-9999,N/A
N/A,RC2_0104_ION-3,10.58052/IEPRS00EM,Liquid>aqueous,-9999,-9999,-9999,-9999,-9999,N/A
N/A,RC2_0105_ION-1,10.58052/IEPRS00EL,Liquid>aqueous,-9999,-9999,-9999,-9999,-9999,N/A
N/A,RC2_0105_ION-2,10.58052/IEPRS00EL,Liquid>aqueous,-9999,-9999,-9999,-9999,-9999,N/A
N/A,RC2_0105_ION-3,10.58052/IEPRS00EL,Liquid>aqueous,-9999,-9999,-9999,-9999,-9999,N/A
N/A,RC2_0106_ION-1,10.58052/IEPRS00EK,Liquid>aqueous,-9999,-9999,-9999,-9999,-9999,N/A
N/A,RC2_0106_ION-2,10.58052/IEPRS00EK,Liquid>aqueous,-9999,-9999,-9999,-9999,-9999,N/A
N/A,RC2_0106_ION-3,10.58052/IEPRS00EK,Liquid>aqueous,-9999,-9999,-9999,-9999,-9999,N/A
N/A,RC2_0107_ION-1,10.58052/IEPRS00SZ,Liquid>aqueous,1.26,-9999,-9999,-9999,2.45,N/A
N/A,RC2_0107_ION-2,10.58052/IEPRS00SZ,Liquid>aqueous,0.82,-9999,-9999,-9999,2.31,N/A
N/A,RC2_0107_ION-3,10.58052/IEPRS00SZ,Liquid>aqueous,0.75,-9999,-9999,-9999,2.31,N/A
N/A,RC2_0108_ION-1,10.58052/IEPRS00T1,Liquid>aqueous,1.7,-9999,-9999,-9999,1.88,N/A
N/A,RC2_0108_ION-2,10.58052/IEPRS00T1,Liquid>aqueous,1.49,-9999,-9999,-9999,1.76,N/A
N/A,RC2_0108_ION-3,10.58052/IEPRS00T1,Liquid>aqueous,1.32,-9999,-9999,-9999,1.71,N/A
N/A,RC2_0057_ION-2,10.58052/IEPRS00DC,Liquid>aqueous,1.16,0.13,-9999,-9999,2.46,NO3_CV_030; NO3_OUTLIER_000
N/A,RC2_0109_ION-2,10.58052/IEPRS00T3,Liquid>aqueous,2.54,-9999,-9999,-9999,3.29,Cl_CV_030
N/A,RC2_0109_ION-3,10.58052/IEPRS00T3,Liquid>aqueous,7.89,Nitrate_Below_0.5_ppm_Standard|0.38_Raw_Not_Corrected|0.38_ppm_Final_Corrected,-9999,-9999,4.13,Cl_CV_030; Cl_OUTLIER_000; DTL_003
N/A,RC2_0110_ION-1,10.58052/IEPRS00T5,Liquid>aqueous,7.45,5.41,0.04,-9999,8.23,Cl_CV_030; NO3_CV_030; SO4_CV_30; Cl_OUTLIER_000; NO3_OUTLIER_000; SO4_OUTLIER_000
N/A,RC2_0110_ION-2,10.58052/IEPRS00T5,Liquid>aqueous,4.12,1.17,-9999,-9999,4.62,Cl_CV_030; NO3_CV_030; SO4_CV_30
N/A,RC2_0110_ION-3,10.58052/IEPRS00T5,Liquid>aqueous,4.36,0.93,-9999,-9999,4.55,Cl_CV_030; NO3_CV_030; SO4_CV_30
N/A,RC2_0111_ION-1,10.58052/IEPRS00T7,Liquid>aqueous,6.93,4.82,Nitrite_Below_0.01_ppm_LOD|0.01_Raw_Not_Corrected|0.01_ppm_Final_Corrected,-9999,10.55,DTL_003
N/A,RC2_0111_ION-2,10.58052/IEPRS00T7,Liquid>aqueous,7.02,5.18,Nitrite_Below_0.01_ppm_LOD|0.01_Raw_Not_Corrected|0.01_ppm_Final_Corrected,-9999,11.06,DTL_003
N/A,RC2_0111_ION-3,10.58052/IEPRS00T7,Liquid>aqueous,7.23,5.13,Nitrite_Below_0.01_ppm_LOD|0.01_Raw_Not_Corrected|0.01_ppm_Final_Corrected,-9999,11.18,DTL_003
N/A,RC2_0112_ION-1,10.58052/IEPRS00T9,Liquid>aqueous,8.47,5.61,-9999,-9999,14.44,N/A
N/A,RC2_0112_ION-2,10.58052/IEPRS00T9,Liquid>aqueous,7.89,5.08,-9999,-9999,13.04,N/A
N/A,RC2_0112_ION-3,10.58052/IEPRS00T9,Liquid>aqueous,7.98,5.04,-9999,-9999,13.02,N/A
N/A,RC2_0113_ION-1,10.58052/IEPRS00EU,Liquid>aqueous,1.01,Nitrate_Below_0.13_ppm_LOD|0.1_Raw_Not_Corrected|0.1_ppm_Final_Corrected,-9999,-9999,2.3,NO3_CV_030; DTL_003
N/A,RC2_0113_ION-2,10.58052/IEPRS00EU,Liquid>aqueous,0.91,Nitrate_Below_0.13_ppm_LOD|0.1_Raw_Not_Corrected|0.1_ppm_Final_Corrected,-9999,-9999,2.88,NO3_CV_030; DTL_003
N/A,RC2_0113_ION-3,10.58052/IEPRS00EU,Liquid>aqueous,0.83,0.18,-9999,-9999,2.14,NO3_CV_030; NO3_OUTLIER_000
N/A,RC2_0114_ION-1,10.58052/IEPRS00ET,Liquid>aqueous,1.62,Nitrate_Below_0.13_ppm_LOD|0.08_Raw_Not_Corrected|0.08_ppm_Final_Corrected,-9999,-9999,1.79,NO3_CV_030; DTL_003
N/A,RC2_0114_ION-2,10.58052/IEPRS00ET,Liquid>aqueous,1.63,0.18,-9999,-9999,1.93,NO3_CV_030; NO3_OUTLIER_000
N/A,RC2_0114_ION-3,10.58052/IEPRS00ET,Liquid>aqueous,1.23,Nitrate_Below_0.13_ppm_LOD|0.02_Raw_Not_Corrected|0.02_ppm_Final_Corrected,-9999,-9999,1.4,NO3_CV_030; DTL_003
N/A,RC2_0115_ION-1,10.58052/IEPRS00ES,Liquid>aqueous,2.45,Nitrate_Below_0.13_ppm_LOD|0.04_Raw_Not_Corrected|0.04_ppm_Final_Corrected,-9999,-9999,3.51,NO3_CV_030; DTL_003
N/A,RC2_0115_ION-2,10.58052/IEPRS00ES,Liquid>aqueous,2.47,Nitrate_Below_0.13_ppm_LOD|0.09_Raw_Not_Corrected|0.09_ppm_Final_Corrected,-9999,-9999,3.58,NO3_CV_030; DTL_003; NO3_OUTLIER_000
N/A,RC2_0115_ION-3,10.58052/IEPRS00ES,Liquid>aqueous,2.41,Nitrate_Below_0.13_ppm_LOD|0.03_Raw_Not_Corrected|0.03_ppm_Final_Corrected,-9999,-9999,3.21,NO3_CV_030; DTL_003
N/A,RC2_0116_ION-1,10.58052/IEPRS00ER,Liquid>aqueous,4.34,1.22,-9999,-9999,4.8,N/A
N/A,RC2_0116_ION-2,10.58052/IEPRS00ER,Liquid>aqueous,3.75,1.07,-9999,-9999,4.14,N/A
N/A,RC2_0116_ION-3,10.58052/IEPRS00ER,Liquid>aqueous,3.42,1.01,-9999,-9999,4.08,N/A
N/A,RC2_0117_ION-1,10.58052/IEPRS00EQ,Liquid>aqueous,7.51,5.78,Nitrite_Below_0.01_ppm_LOD|0.01_Raw_Not_Corrected|0.01_ppm_Final_Corrected,-9999,11.41,NO2_CV_030; DTL_003
N/A,RC2_0117_ION-2,10.58052/IEPRS00EQ,Liquid>aqueous,7.24,5.73,Nitrite_Below_0.03_ppm_Standard|0.03_Raw_Not_Corrected|0.03_ppm_Final_Corrected,-9999,11.28,NO2_CV_030; NO2_OUTLIER_000; DTL_003
N/A,RC2_0117_ION-3,10.58052/IEPRS00EQ,Liquid>aqueous,7.36,5.66,Nitrite_Below_0.01_ppm_LOD|0_Raw_Not_Corrected|0_ppm_Final_Corrected,-9999,11.36,NO2_CV_030; DTL_003
N/A,RC2_0118_ION-1,10.58052/IEPRS00EP,Liquid>aqueous,8.98,5.68,-9999,-9999,15.42,N/A
N/A,RC2_0118_ION-2,10.58052/IEPRS00EP,Liquid>aqueous,8.57,5.47,-9999,-9999,14.36,N/A
N/A,RC2_0118_ION-3,10.58052/IEPRS00EP,Liquid>aqueous,8.71,5.62,-9999,-9999,14.82,N/A
N/A,RC2_0119_ION-1,10.58052/IEPRS00FB,Liquid>aqueous,0.87,Nitrate_Below_0.13_ppm_LOD|0.04_Raw_Not_Corrected|0.04_ppm_Final_Corrected,-9999,-9999,2.6,NO3_CV_030; DTL_003; NO3_OUTLIER_000
N/A,RC2_0119_ION-2,10.58052/IEPRS00FB,Liquid>aqueous,0.9,Nitrate_Below_0.13_ppm_LOD|0.07_Raw_Not_Corrected|0.07_ppm_Final_Corrected,-9999,-9999,2.61,NO3_CV_030; DTL_003
N/A,RC2_0119_ION-3,10.58052/IEPRS00FB,Liquid>aqueous,1.4,Nitrate_Below_0.13_ppm_LOD|0.07_Raw_Not_Corrected|0.07_ppm_Final_Corrected,Nitrite_Below_0.03_ppm_Standard|0.02_Raw_Not_Corrected|0.02_ppm_Final_Corrected,-9999,1.59,NO3_CV_030; DTL_003
N/A,RC2_0120_ION-1,10.58052/IEPRS00FA,Liquid>aqueous,1.51,Nitrate_Below_0.13_ppm_LOD|0.04_Raw_Not_Corrected|0.04_ppm_Final_Corrected,-9999,-9999,1.91,NO3_CV_030; DTL_003
N/A,RC2_0120_ION-2,10.58052/IEPRS00FA,Liquid>aqueous,1.51,0.19,Nitrite_Below_0.03_ppm_Standard|0.02_Raw_Not_Corrected|0.02_ppm_Final_Corrected,Phosphate_Below_1_ppm_Standard|0.87_Raw_Not_Corrected|0.87_ppm_Final_Corrected,1.11,NO3_CV_030; NO3_OUTLIER_000; DTL_003
N/A,RC2_0120_ION-3,10.58052/IEPRS00FA,Liquid>aqueous,1.5,Nitrate_Below_0.13_ppm_LOD|0.04_Raw_Not_Corrected|0.04_ppm_Final_Corrected,-9999,-9999,1.9,NO3_CV_030; DTL_003
N/A,RC2_0121_ION-1,10.58052/IEPRS00F9,Liquid>aqueous,2.61,0.17,Nitrite_Below_0.03_ppm_Standard|0.02_Raw_Not_Corrected|0.02_ppm_Final_Corrected,Phosphate_Below_1_ppm_Standard|0.87_Raw_Not_Corrected|0.87_ppm_Final_Corrected,3.73,DTL_003
N/A,RC2_0121_ION-2,10.58052/IEPRS00F9,Liquid>aqueous,2.92,0.14,Nitrite_Below_0.03_ppm_Standard|0.02_Raw_Not_Corrected|0.02_ppm_Final_Corrected,-9999,3.07,DTL_003
N/A,RC2_0121_ION-3,10.58052/IEPRS00F9,Liquid>aqueous,2.91,Nitrate_Below_0.13_ppm_LOD|0.11_Raw_Not_Corrected|0.11_ppm_Final_Corrected,Nitrite_Below_0.03_ppm_Standard|0.02_Raw_Not_Corrected|0.02_ppm_Final_Corrected,-9999,2.96,DTL_003
N/A,RC2_0122_ION-1,10.58052/IEPRS00F8,Liquid>aqueous,5.3,1.21,Nitrite_Below_0.03_ppm_Standard|0.03_Raw_Not_Corrected|0.03_ppm_Final_Corrected,Phosphate_Below_1_ppm_Standard|0.89_Raw_Not_Corrected|0.89_ppm_Final_Corrected,5.08,DTL_003
N/A,RC2_0122_ION-2,10.58052/IEPRS00F8,Liquid>aqueous,2.97,0.91,-9999,-9999,4.44,N/A
N/A,RC2_0122_ION-3,10.58052/IEPRS00F8,Liquid>aqueous,5.16,1.11,Nitrite_Below_0.03_ppm_Standard|0.02_Raw_Not_Corrected|0.02_ppm_Final_Corrected,Phosphate_Below_1_ppm_Standard|0.89_Raw_Not_Corrected|0.89_ppm_Final_Corrected,4.55,DTL_003
N/A,RC2_0123_ION-1,10.58052/IEPRS00FC,Liquid>aqueous,10.57,5.48,0.04,-9999,13.94,N/A
N/A,RC2_0123_ION-2,10.58052/IEPRS00FC,Liquid>aqueous,10.37,5.24,Nitrite_Below_0.03_ppm_Standard|0.03_Raw_Not_Corrected|0.03_ppm_Final_Corrected,-9999,13.59,DTL_003
N/A,RC2_0123_ION-3,10.58052/IEPRS00FC,Liquid>aqueous,10.24,5.48,Nitrite_Below_0.03_ppm_Standard|0.03_Raw_Not_Corrected|0.03_ppm_Final_Corrected,-9999,14.24,DTL_003
N/A,RC2_0124_ION-1,10.58052/IEPRS00F7,Liquid>aqueous,10.48,4.66,Nitrite_Below_0.03_ppm_Standard|0.02_Raw_Not_Corrected|0.02_ppm_Final_Corrected,-9999,15.51,DTL_003
N/A,RC2_0124_ION-2,10.58052/IEPRS00F7,Liquid>aqueous,11.35,5,Nitrite_Below_0.03_ppm_Standard|0.02_Raw_Not_Corrected|0.02_ppm_Final_Corrected,Phosphate_Below_1_ppm_Standard|0.88_Raw_Not_Corrected|0.88_ppm_Final_Corrected,16.9,DTL_003
N/A,RC2_0124_ION-3,10.58052/IEPRS00F7,Liquid>aqueous,9.18,5.79,-9999,-9999,15.5,N/A
N/A,RC2_0125_ION-1,10.58052/IEPRS00F0,Liquid>aqueous,0.9,Nitrate_Below_0.13_ppm_LOD|0.07_Raw_Not_Corrected|0.07_ppm_Final_Corrected,Nitrite_Below_0.03_ppm_Standard|0.02_Raw_Not_Corrected|0.02_ppm_Final_Corrected,-9999,2.12,DTL_003
N/A,RC2_0125_ION-2,10.58052/IEPRS00F0,Liquid>aqueous,0.88,Nitrate_Below_0.13_ppm_LOD|0.07_Raw_Not_Corrected|0.07_ppm_Final_Corrected,Nitrite_Below_0.03_ppm_Standard|0.02_Raw_Not_Corrected|0.02_ppm_Final_Corrected,-9999,2.03,DTL_003
N/A,RC2_0125_ION-3,10.58052/IEPRS00F0,Liquid>aqueous,0.93,Nitrate_Below_0.13_ppm_LOD|0.08_Raw_Not_Corrected|0.08_ppm_Final_Corrected,Nitrite_Below_0.03_ppm_Standard|0.02_Raw_Not_Corrected|0.02_ppm_Final_Corrected,-9999,2.16,DTL_003
N/A,RC2_0126_ION-1,10.58052/IEPRS00EZ,Liquid>aqueous,1.68,Nitrate_Below_0.13_ppm_LOD|0.08_Raw_Not_Corrected|0.08_ppm_Final_Corrected,Nitrite_Below_0.03_ppm_Standard|0.02_Raw_Not_Corrected|0.02_ppm_Final_Corrected,Phosphate_Below_1_ppm_Standard|0.87_Raw_Not_Corrected|0.87_ppm_Final_Corrected,1.57,NO3_CV_030; DTL_003; NO3_OUTLIER_000
N/A,RC2_0126_ION-2,10.58052/IEPRS00EZ,Liquid>aqueous,1.56,Nitrate_Below_0.13_ppm_LOD|0.03_Raw_Not_Corrected|0.03_ppm_Final_Corrected,-9999,Phosphate_Below_1_ppm_Standard|0.62_Raw_Not_Corrected|0.62_ppm_Final_Corrected,1.35,NO3_CV_030; DTL_003
N/A,RC2_0126_ION-3,10.58052/IEPRS00EZ,Liquid>aqueous,1.89,Nitrate_Below_0.13_ppm_LOD|0.04_Raw_Not_Corrected|0.04_ppm_Final_Corrected,-9999,Phosphate_Below_1_ppm_Standard|0.61_Raw_Not_Corrected|0.61_ppm_Final_Corrected,1.46,NO3_CV_030; DTL_003
N/A,RC2_0127_ION-1,10.58052/IEPRS00EY,Liquid>aqueous,2.74,Nitrate_Below_0.13_ppm_LOD|0.08_Raw_Not_Corrected|0.08_ppm_Final_Corrected,Nitrite_Below_0.03_ppm_Standard|0.02_Raw_Not_Corrected|0.02_ppm_Final_Corrected,-9999,3.13,DTL_003
N/A,RC2_0127_ION-2,10.58052/IEPRS00EY,Liquid>aqueous,3.64,Nitrate_Below_0.13_ppm_LOD|0.03_Raw_Not_Corrected|0.03_ppm_Final_Corrected,-9999,-9999,3,DTL_003
N/A,RC2_0127_ION-3,10.58052/IEPRS00EY,Liquid>aqueous,2.83,-9999,-9999,-9999,2.81,N/A
N/A,RC2_0128_ION-1,10.58052/IEPRS00EX,Liquid>aqueous,5.04,1.08,Nitrite_Below_0.03_ppm_Standard|0.02_Raw_Not_Corrected|0.02_ppm_Final_Corrected,Phosphate_Below_1_ppm_Standard|0.89_Raw_Not_Corrected|0.89_ppm_Final_Corrected,4.78,DTL_003
N/A,RC2_0128_ION-2,10.58052/IEPRS00EX,Liquid>aqueous,5.97,1.06,-9999,Phosphate_Below_1_ppm_Standard|0.64_Raw_Not_Corrected|0.64_ppm_Final_Corrected,4.79,DTL_003
N/A,RC2_0128_ION-3,10.58052/IEPRS00EX,Liquid>aqueous,5.44,1.06,-9999,Phosphate_Below_1_ppm_Standard|0.64_Raw_Not_Corrected|0.64_ppm_Final_Corrected,4.77,DTL_003
N/A,RC2_0129_ION-1,10.58052/IEPRS00EW,Liquid>aqueous,10.23,4.94,Nitrite_Below_0.03_ppm_Standard|0.03_Raw_Not_Corrected|0.03_ppm_Final_Corrected,-9999,13.31,NO2_CV_030; DTL_003
N/A,RC2_0129_ION-2,10.58052/IEPRS00EW,Liquid>aqueous,9.84,4.78,Nitrite_Below_0.01_ppm_LOD|0_Raw_Not_Corrected|0_ppm_Final_Corrected,Phosphate_Below_1_ppm_Standard|0.63_Raw_Not_Corrected|0.63_ppm_Final_Corrected,11.74,NO2_CV_030; DTL_003; NO2_OUTLIER_000
N/A,RC2_0129_ION-3,10.58052/IEPRS00EW,Liquid>aqueous,9.77,5.04,Nitrite_Below_0.03_ppm_Standard|0.03_Raw_Not_Corrected|0.03_ppm_Final_Corrected,-9999,14.41,NO2_CV_030; DTL_003
N/A,RC2_0130_ION-1,10.58052/IEPRS00EV,Liquid>aqueous,11.6,4.71,Nitrite_Below_0.01_ppm_LOD|0.01_Raw_Not_Corrected|0.01_ppm_Final_Corrected,Phosphate_Below_1_ppm_Standard|0.61_Raw_Not_Corrected|0.61_ppm_Final_Corrected,16.37,NO2_CV_030; DTL_003; NO2_OUTLIER_000
N/A,RC2_0130_ION-2,10.58052/IEPRS00EV,Liquid>aqueous,11.03,4.82,Nitrite_Below_0.03_ppm_Standard|0.02_Raw_Not_Corrected|0.02_ppm_Final_Corrected,-9999,16.77,NO2_CV_030; DTL_003
N/A,RC2_0130_ION-3,10.58052/IEPRS00EV,Liquid>aqueous,9.7,4.26,Nitrite_Below_0.03_ppm_Standard|0.02_Raw_Not_Corrected|0.02_ppm_Final_Corrected,-9999,13.72,NO2_CV_030; DTL_003
N/A,RC2_0131_ION-1,10.58052/IEPRS00F6,Liquid>aqueous,1.67,Nitrate_Below_0.13_ppm_LOD|0.07_Raw_Not_Corrected|0.07_ppm_Final_Corrected,Nitrite_Below_0.03_ppm_Standard|0.02_Raw_Not_Corrected|0.02_ppm_Final_Corrected,-9999,1.85,Cl_CV_030; NO3_CV_030; DTL_003
N/A,RC2_0131_ION-2,10.58052/IEPRS00F6,Liquid>aqueous,0.89,Nitrate_Below_0.13_ppm_LOD|0.02_Raw_Not_Corrected|0.02_ppm_Final_Corrected,-9999,-9999,2.11,Cl_CV_030; NO3_CV_030; DTL_003; Cl_OUTLIER_000; NO3_OUTLIER_000
N/A,RC2_0131_ION-3,10.58052/IEPRS00F6,Liquid>aqueous,1.36,Nitrate_Below_0.13_ppm_LOD|0.07_Raw_Not_Corrected|0.07_ppm_Final_Corrected,Nitrite_Below_0.03_ppm_Standard|0.02_Raw_Not_Corrected|0.02_ppm_Final_Corrected,-9999,2.09,Cl_CV_030; NO3_CV_030; DTL_003
N/A,RC2_0132_ION-1,10.58052/IEPRS00F5,Liquid>aqueous,1.71,Nitrate_Below_0.13_ppm_LOD|0.03_Raw_Not_Corrected|0.03_ppm_Final_Corrected,-9999,Phosphate_Below_1_ppm_Standard|0.61_Raw_Not_Corrected|0.61_ppm_Final_Corrected,1.53,DTL_003
N/A,RC2_0132_ION-2,10.58052/IEPRS00F5,Liquid>aqueous,1.66,Nitrate_Below_0.13_ppm_LOD|0.03_Raw_Not_Corrected|0.03_ppm_Final_Corrected,-9999,Phosphate_Below_1_ppm_Standard|0.62_Raw_Not_Corrected|0.62_ppm_Final_Corrected,1.43,DTL_003
N/A,RC2_0132_ION-3,10.58052/IEPRS00F5,Liquid>aqueous,1.73,Nitrate_Below_0.13_ppm_LOD|0.04_Raw_Not_Corrected|0.04_ppm_Final_Corrected,-9999,Phosphate_Below_1_ppm_Standard|0.61_Raw_Not_Corrected|0.61_ppm_Final_Corrected,1.58,DTL_003
N/A,RC2_0133_ION-1,10.58052/IEPRS00F4,Liquid>aqueous,1.72,Nitrate_Below_0.13_ppm_LOD|0.08_Raw_Not_Corrected|0.08_ppm_Final_Corrected,Nitrite_Below_0.03_ppm_Standard|0.02_Raw_Not_Corrected|0.02_ppm_Final_Corrected,-9999,1.55,NO3_CV_030; DTL_003
N/A,RC2_0133_ION-2,10.58052/IEPRS00F4,Liquid>aqueous,2,Nitrate_Below_0.13_ppm_LOD|0.04_Raw_Not_Corrected|0.04_ppm_Final_Corrected,-9999,-9999,2.11,NO3_CV_030; DTL_003; NO3_OUTLIER_000
N/A,RC2_0133_ION-3,10.58052/IEPRS00F4,Liquid>aqueous,1.77,Nitrate_Below_0.13_ppm_LOD|0.07_Raw_Not_Corrected|0.07_ppm_Final_Corrected,-9999,-9999,1.97,NO3_CV_030; DTL_003
N/A,RC2_0134_ION-1,10.58052/IEPRS00F3,Liquid>aqueous,5.85,1.38,-9999,Phosphate_Below_1_ppm_Standard|0.64_Raw_Not_Corrected|0.64_ppm_Final_Corrected,5.21,SO4_CV_30; DTL_003
N/A,RC2_0134_ION-2,10.58052/IEPRS00F3,Liquid>aqueous,3.79,0.87,0.08,Phosphate_Below_1_ppm_Standard|0.94_Raw_Not_Corrected|0.94_ppm_Final_Corrected,2.61,SO4_CV_30; SO4_OUTLIER_000; DTL_003
N/A,RC2_0134_ION-3,10.58052/IEPRS00F3,Liquid>aqueous,5.34,1.29,-9999,Phosphate_Below_1_ppm_Standard|0.64_Raw_Not_Corrected|0.64_ppm_Final_Corrected,4.71,SO4_CV_30; DTL_003
N/A,RC2_0135_ION-1,10.58052/IEPRS00F2,Liquid>aqueous,8.47,4.22,Nitrite_Below_0.01_ppm_LOD|0_Raw_Not_Corrected|0_ppm_Final_Corrected,Phosphate_Below_1_ppm_Standard|0.63_Raw_Not_Corrected|0.63_ppm_Final_Corrected,8.91,NO2_CV_030; DTL_003
N/A,RC2_0135_ION-2,10.58052/IEPRS00F2,Liquid>aqueous,9.16,4.52,Nitrite_Below_0.01_ppm_LOD|0.01_Raw_Not_Corrected|0.01_ppm_Final_Corrected,Phosphate_Below_1_ppm_Standard|0.66_Raw_Not_Corrected|0.66_ppm_Final_Corrected,11.9,NO2_CV_030; DTL_003; NO2_OUTLIER_000
N/A,RC2_0135_ION-3,10.58052/IEPRS00F2,Liquid>aqueous,8.28,4.1,Nitrite_Below_0.01_ppm_LOD|0_Raw_Not_Corrected|0_ppm_Final_Corrected,Phosphate_Below_1_ppm_Standard|0.65_Raw_Not_Corrected|0.65_ppm_Final_Corrected,10.17,NO2_CV_030; DTL_003
N/A,RC2_0136_ION-1,10.58052/IEPRS00F1,Liquid>aqueous,10.34,5,-9999,Phosphate_Below_1_ppm_Standard|0.62_Raw_Not_Corrected|0.62_ppm_Final_Corrected,14.55,DTL_003
N/A,RC2_0136_ION-2,10.58052/IEPRS00F1,Liquid>aqueous,6.34,2.77,0.09,Phosphate_Below_1_ppm_Standard|0.93_Raw_Not_Corrected|0.93_ppm_Final_Corrected,9.52,DTL_003
N/A,RC2_0136_ION-3,10.58052/IEPRS00F1,Liquid>aqueous,9.01,4.35,Nitrite_Below_0.01_ppm_LOD|0.01_Raw_Not_Corrected|0.01_ppm_Final_Corrected,-9999,12.7,DTL_003
N/A,RC2_0137_ION-1,10.58052/IEPRS00FI,Liquid>aqueous,1.07,Nitrate_Below_0.13_ppm_LOD|0.08_Raw_Not_Corrected|0.08_ppm_Final_Corrected,Nitrite_Below_0.03_ppm_Standard|0.02_Raw_Not_Corrected|0.02_ppm_Final_Corrected,-9999,2.21,DTL_003
N/A,RC2_0137_ION-2,10.58052/IEPRS00FI,Liquid>aqueous,1.06,Nitrate_Below_0.13_ppm_LOD|0.09_Raw_Not_Corrected|0.09_ppm_Final_Corrected,-9999,-9999,2.84,DTL_003
N/A,RC2_0137_ION-3,10.58052/IEPRS00FI,Liquid>aqueous,1.24,Nitrate_Below_0.13_ppm_LOD|0.09_Raw_Not_Corrected|0.09_ppm_Final_Corrected,Nitrite_Below_0.01_ppm_LOD|0_Raw_Not_Corrected|0_ppm_Final_Corrected,-9999,2.06,DTL_003
N/A,RC2_0138_ION-1,10.58052/IEPRS00FH,Liquid>aqueous,1.73,Nitrate_Below_0.13_ppm_LOD|0.06_Raw_Not_Corrected|0.06_ppm_Final_Corrected,Nitrite_Below_0.03_ppm_Standard|0.03_Raw_Not_Corrected|0.03_ppm_Final_Corrected,Phosphate_Below_1_ppm_Standard|0.91_Raw_Not_Corrected|0.91_ppm_Final_Corrected,1.45,DTL_003
N/A,RC2_0138_ION-2,10.58052/IEPRS00FH,Liquid>aqueous,1.57,Nitrate_Below_0.13_ppm_LOD|0.05_Raw_Not_Corrected|0.05_ppm_Final_Corrected,-9999,Phosphate_Below_1_ppm_Standard|0.91_Raw_Not_Corrected|0.91_ppm_Final_Corrected,1.35,DTL_003
N/A,RC2_0138_ION-3,10.58052/IEPRS00FH,Liquid>aqueous,1.51,Nitrate_Below_0.13_ppm_LOD|0.07_Raw_Not_Corrected|0.07_ppm_Final_Corrected,Nitrite_Below_0.01_ppm_LOD|0_Raw_Not_Corrected|0_ppm_Final_Corrected,Phosphate_Below_1_ppm_Standard|0.89_Raw_Not_Corrected|0.89_ppm_Final_Corrected,1.57,DTL_003
N/A,RC2_0139_ION-1,10.58052/IEPRS00FG,Liquid>aqueous,2.31,Nitrate_Below_0.13_ppm_LOD|0.05_Raw_Not_Corrected|0.05_ppm_Final_Corrected,Nitrite_Below_0.03_ppm_Standard|0.03_Raw_Not_Corrected|0.03_ppm_Final_Corrected,-9999,3.11,NO2_CV_030; DTL_003; NO2_OUTLIER_000
N/A,RC2_0139_ION-2,10.58052/IEPRS00FG,Liquid>aqueous,2.85,Nitrate_Below_0.13_ppm_LOD|0.06_Raw_Not_Corrected|0.06_ppm_Final_Corrected,Nitrite_Below_0.01_ppm_LOD|0.01_Raw_Not_Corrected|0.01_ppm_Final_Corrected,-9999,3,NO2_CV_030; DTL_003
N/A,RC2_0139_ION-3,10.58052/IEPRS00FG,Liquid>aqueous,2.08,Nitrate_Below_0.13_ppm_LOD|0.06_Raw_Not_Corrected|0.06_ppm_Final_Corrected,Nitrite_Below_0.03_ppm_Standard|0.01_Raw_Not_Corrected|0.01_ppm_Final_Corrected,-9999,3.12,NO2_CV_030; DTL_003
N/A,RC2_0140_ION-1,10.58052/IEPRS00FF,Liquid>aqueous,5.28,1.23,Nitrite_Below_0.03_ppm_Standard|0.01_Raw_Not_Corrected|0.01_ppm_Final_Corrected,Phosphate_Below_1_ppm_Standard|0.91_Raw_Not_Corrected|0.91_ppm_Final_Corrected,4.92,DTL_003
N/A,RC2_0140_ION-2,10.58052/IEPRS00FF,Liquid>aqueous,5.73,1.19,0.06,Phosphate_Below_1_ppm_Standard|0.95_Raw_Not_Corrected|0.95_ppm_Final_Corrected,4.81,DTL_003
N/A,RC2_0140_ION-3,10.58052/IEPRS00FF,Liquid>aqueous,5.35,1.11,-9999,Phosphate_Below_1_ppm_Standard|0.92_Raw_Not_Corrected|0.92_ppm_Final_Corrected,4.44,DTL_003
N/A,RC2_0141_ION-1,10.58052/IEPRS00FE,Liquid>aqueous,9.5,4.53,0.07,Phosphate_Below_1_ppm_Standard|0.98_Raw_Not_Corrected|0.98_ppm_Final_Corrected,11.75,NO2_CV_030; DTL_003
N/A,RC2_0141_ION-2,10.58052/IEPRS00FE,Liquid>aqueous,9.72,4.63,0.06,Phosphate_Below_1_ppm_Standard|0.96_Raw_Not_Corrected|0.96_ppm_Final_Corrected,12.04,NO2_CV_030; DTL_003
N/A,RC2_0141_ION-3,10.58052/IEPRS00FE,Liquid>aqueous,6.52,3.72,Nitrite_Below_0.03_ppm_Standard|0.02_Raw_Not_Corrected|0.02_ppm_Final_Corrected,Phosphate_Below_1_ppm_Standard|0.93_Raw_Not_Corrected|0.93_ppm_Final_Corrected,8.46,NO2_CV_030; NO2_OUTLIER_000; DTL_003
N/A,RC2_0142_ION-1,10.58052/IEPRS00FD,Liquid>aqueous,9.37,4.54,0.06,Phosphate_Below_1_ppm_Standard|0.95_Raw_Not_Corrected|0.95_ppm_Final_Corrected,13.24,NO2_CV_030; NO2_OUTLIER_000; DTL_003
N/A,RC2_0142_ION-2,10.58052/IEPRS00FD,Liquid>aqueous,9.1,4.99,Nitrite_Below_0.03_ppm_Standard|0.02_Raw_Not_Corrected|0.02_ppm_Final_Corrected,-9999,14.1,NO2_CV_030; DTL_003
N/A,RC2_0142_ION-3,10.58052/IEPRS00FD,Liquid>aqueous,8.75,4.62,Nitrite_Below_0.03_ppm_Standard|0.01_Raw_Not_Corrected|0.01_ppm_Final_Corrected,Phosphate_Below_1_ppm_Standard|0.9_Raw_Not_Corrected|0.9_ppm_Final_Corrected,11.99,NO2_CV_030; DTL_003
N/A,RC2_0143_ION-1,10.58052/IEPRS00FO,Liquid>aqueous,1.07,Nitrate_Below_0.13_ppm_LOD|0.1_Raw_Not_Corrected|0.1_ppm_Final_Corrected,-9999,-9999,2.07,DTL_003
N/A,RC2_0143_ION-2,10.58052/IEPRS00FO,Liquid>aqueous,1.12,0.15,Nitrite_Below_0.01_ppm_LOD|0_Raw_Not_Corrected|0_ppm_Final_Corrected,-9999,1.95,DTL_003
N/A,RC2_0143_ION-3,10.58052/IEPRS00FO,Liquid>aqueous,1.09,0.13,-9999,-9999,2.06,N/A
N/A,RC2_0144_ION-2,10.58052/IEPRS00FN,Liquid>aqueous,1.32,0.18,Nitrite_Below_0.01_ppm_LOD|0_Raw_Not_Corrected|0_ppm_Final_Corrected,-9999,1.43,DTL_003
N/A,RC2_0144_ION-3,10.58052/IEPRS00FN,Liquid>aqueous,1.23,0.17,Nitrite_Below_0.01_ppm_LOD|0_Raw_Not_Corrected|0_ppm_Final_Corrected,Phosphate_Below_1_ppm_Standard|0.87_Raw_Not_Corrected|0.87_ppm_Final_Corrected,1.33,DTL_003
N/A,RC2_0145_ION-1,10.58052/IEPRS00FM,Liquid>aqueous,1.8,Nitrate_Below_0.13_ppm_LOD|0.06_Raw_Not_Corrected|0.06_ppm_Final_Corrected,Nitrite_Below_0.03_ppm_Standard|0.03_Raw_Not_Corrected|0.03_ppm_Final_Corrected,-9999,2.53,NO3_CV_030; DTL_003
N/A,RC2_0145_ION-2,10.58052/IEPRS00FM,Liquid>aqueous,1.97,Nitrate_Below_0.13_ppm_LOD|0.12_Raw_Not_Corrected|0.12_ppm_Final_Corrected,Nitrite_Below_0.01_ppm_LOD|0_Raw_Not_Corrected|0_ppm_Final_Corrected,-9999,3.45,NO3_CV_030; DTL_003; NO3_OUTLIER_000
N/A,RC2_0145_ION-3,10.58052/IEPRS00FM,Liquid>aqueous,1.77,Nitrate_Below_0.13_ppm_LOD|0.07_Raw_Not_Corrected|0.07_ppm_Final_Corrected,-9999,-9999,3.13,NO3_CV_030; DTL_003
N/A,RC2_0146_ION-1,10.58052/IEPRS00FL,Liquid>aqueous,6.16,1.38,-9999,-9999,5.47,N/A
N/A,RC2_0146_ION-2,10.58052/IEPRS00FL,Liquid>aqueous,5.86,1.29,0.05,Phosphate_Below_1_ppm_Standard|0.94_Raw_Not_Corrected|0.94_ppm_Final_Corrected,5.01,DTL_003
N/A,RC2_0146_ION-3,10.58052/IEPRS00FL,Liquid>aqueous,5.49,1.31,Nitrite_Below_0.03_ppm_Standard|0.02_Raw_Not_Corrected|0.02_ppm_Final_Corrected,Phosphate_Below_1_ppm_Standard|0.91_Raw_Not_Corrected|0.91_ppm_Final_Corrected,5.14,DTL_003
N/A,RC2_0147_ION-1,10.58052/IEPRS00FK,Liquid>aqueous,9.19,4.35,0.05,Phosphate_Below_1_ppm_Standard|0.94_Raw_Not_Corrected|0.94_ppm_Final_Corrected,11.99,DTL_003
N/A,RC2_0147_ION-2,10.58052/IEPRS00FK,Liquid>aqueous,6.71,3.02,0.06,Phosphate_Below_1_ppm_Standard|0.95_Raw_Not_Corrected|0.95_ppm_Final_Corrected,7.34,DTL_003
N/A,RC2_0147_ION-3,10.58052/IEPRS00FK,Liquid>aqueous,7.99,4.36,0.04,Phosphate_Below_1_ppm_Standard|0.91_Raw_Not_Corrected|0.91_ppm_Final_Corrected,12.15,DTL_003
N/A,RC2_0148_ION-1,10.58052/IEPRS00FJ,Liquid>aqueous,7.6,4.23,Nitrite_Below_0.03_ppm_Standard|0.01_Raw_Not_Corrected|0.01_ppm_Final_Corrected,Phosphate_Below_1_ppm_Standard|0.89_Raw_Not_Corrected|0.89_ppm_Final_Corrected,12.13,NO2_CV_030; DTL_003
N/A,RC2_0148_ION-2,10.58052/IEPRS00FJ,Liquid>aqueous,8.09,4.47,Nitrite_Below_0.03_ppm_Standard|0.02_Raw_Not_Corrected|0.02_ppm_Final_Corrected,-9999,11.28,NO2_CV_030; DTL_003
N/A,RC2_0148_ION-3,10.58052/IEPRS00FJ,Liquid>aqueous,9.46,4.51,0.06,Phosphate_Below_1_ppm_Standard|0.95_Raw_Not_Corrected|0.95_ppm_Final_Corrected,13.57,NO2_CV_030; NO2_OUTLIER_000; DTL_003
N/A,RC2_0155_ION-1,10.58052/IEPRS00G0,Liquid>aqueous,1.12,0.26,-9999,-9999,2.06,N/A
N/A,RC2_0155_ION-3,10.58052/IEPRS00G0,Liquid>aqueous,1.65,0.25,-9999,Phosphate_Below_1_ppm_Standard|0.58_Raw_Not_Corrected|0.58_ppm_Final_Corrected,2.05,DTL_003
N/A,RC2_0156_ION-1,10.58052/IEPRS00FZ,Liquid>aqueous,1.11,0.33,-9999,Phosphate_Below_1_ppm_Standard|0.59_Raw_Not_Corrected|0.59_ppm_Final_Corrected,0.88,DTL_003
N/A,RC2_0156_ION-2,10.58052/IEPRS00FZ,Liquid>aqueous,1.71,0.42,-9999,Phosphate_Below_1_ppm_Standard|0.6_Raw_Not_Corrected|0.6_ppm_Final_Corrected,1.23,DTL_003
N/A,RC2_0157_ION-2,10.58052/IEPRS00FY,Liquid>aqueous,1.54,Nitrate_Below_0.13_ppm_LOD|0.12_Raw_Not_Corrected|0.12_ppm_Final_Corrected,-9999,-9999,2.82,DTL_003
N/A,RC2_0157_ION-3,10.58052/IEPRS00FY,Liquid>aqueous,1.93,Nitrate_Below_0.13_ppm_LOD|0.12_Raw_Not_Corrected|0.12_ppm_Final_Corrected,-9999,-9999,2.92,DTL_003
N/A,RC2_0158_ION-1,10.58052/IEPRS00FX,Liquid>aqueous,4.31,0.79,-9999,Phosphate_Below_1_ppm_Standard|0.59_Raw_Not_Corrected|0.59_ppm_Final_Corrected,3.43,SO4_CV_30; DTL_003
N/A,RC2_0158_ION-2,10.58052/IEPRS00FX,Liquid>aqueous,3.8,0.72,Nitrite_Below_0.03_ppm_Standard|0.01_Raw_Not_Corrected|0.01_ppm_Final_Corrected,Phosphate_Below_1_ppm_Standard|0.6_Raw_Not_Corrected|0.6_ppm_Final_Corrected,3.46,SO4_CV_30; DTL_003
N/A,RC2_0158_ION-3,10.58052/IEPRS00FX,Liquid>aqueous,4.47,0.9,-9999,Phosphate_Below_1_ppm_Standard|0.62_Raw_Not_Corrected|0.62_ppm_Final_Corrected,6.58,SO4_CV_30; SO4_OUTLIER_000; DTL_003
N/A,RC2_0159_ION-1,10.58052/IEPRS00FW,Liquid>aqueous,6.01,2.15,-9999,Phosphate_Below_1_ppm_Standard|0.66_Raw_Not_Corrected|0.66_ppm_Final_Corrected,6.13,DTL_003
N/A,RC2_0160_ION-1,10.58052/IEPRS00FV,Liquid>aqueous,5.75,2.41,-9999,Phosphate_Below_1_ppm_Standard|0.66_Raw_Not_Corrected|0.66_ppm_Final_Corrected,6.26,DTL_003
N/A,RC2_0160_ION-2,10.58052/IEPRS00FV,Liquid>aqueous,5.65,2.39,-9999,Phosphate_Below_1_ppm_Standard|0.63_Raw_Not_Corrected|0.63_ppm_Final_Corrected,6.2,DTL_003
N/A,RC2_0163_ION-1,10.58052/IEPRS00G1,Liquid>aqueous,Chloride_Below_5_ppm_Standard|0.93_Raw_Not_Corrected|0.93_ppm_Final_Corrected,-9999,Nitrite_Below_0.03_ppm_Standard|0.03_Raw_Not_Corrected|0.03_ppm_Final_Corrected,-9999,1.89,Cl_CV_030; NO2_CV_030; DTL_003; Cl_OUTLIER_000
N/A,RC2_0163_ION-2,10.58052/IEPRS00G1,Liquid>aqueous,1.93,Nitrate_Below_0.13_ppm_LOD|0.06_Raw_Not_Corrected|0.06_ppm_Final_Corrected,Nitrite_Below_0.01_ppm_LOD|0.01_Raw_Not_Corrected|0.01_ppm_Final_Corrected,-9999,2.88,Cl_CV_030; NO2_CV_030; DTL_003; NO2_OUTLIER_000
N/A,RC2_0163_ION-3,10.58052/IEPRS00G1,Liquid>aqueous,Chloride_Below_5_ppm_Standard|1.5_Raw_Not_Corrected|1.5_ppm_Final_Corrected,Nitrate_Below_0.13_ppm_LOD|0.03_Raw_Not_Corrected|0.03_ppm_Final_Corrected,Nitrite_Below_0.03_ppm_Standard|0.02_Raw_Not_Corrected|0.02_ppm_Final_Corrected,-9999,2.97,Cl_CV_030; NO2_CV_030; DTL_003
N/A,RC2_0164_ION-1,10.58052/IEPRS00G2,Liquid>aqueous,5.85,0.94,Nitrite_Below_0.03_ppm_Standard|0.01_Raw_Not_Corrected|0.01_ppm_Final_Corrected,-9999,3.74,NO2_CV_030; DTL_003
N/A,RC2_0164_ION-2,10.58052/IEPRS00G2,Liquid>aqueous,5.59,1.04,Nitrite_Below_0.03_ppm_Standard|0.01_Raw_Not_Corrected|0.01_ppm_Final_Corrected,-9999,4.11,NO2_CV_030; DTL_003
N/A,RC2_0164_ION-3,10.58052/IEPRS00G2,Liquid>aqueous,Chloride_Below_5_ppm_Standard|3.95_Raw_Not_Corrected|3.95_ppm_Final_Corrected,0.89,Nitrite_Below_0.03_ppm_Standard|0.03_Raw_Not_Corrected|0.03_ppm_Final_Corrected,-9999,3.55,NO2_CV_030; NO2_OUTLIER_000; DTL_003
N/A,RC2_0165_ION-1,10.58052/IEPRS00G3,Liquid>aqueous,8.03,3.01,Nitrite_Below_0.03_ppm_Standard|0.02_Raw_Not_Corrected|0.02_ppm_Final_Corrected,Phosphate_Below_1_ppm_Standard|0.57_Raw_Not_Corrected|0.57_ppm_Final_Corrected,7.96,DTL_003
N/A,RC2_0165_ION-2,10.58052/IEPRS00G3,Liquid>aqueous,8.04,3,Nitrite_Below_0.03_ppm_Standard|0.02_Raw_Not_Corrected|0.02_ppm_Final_Corrected,Phosphate_Below_1_ppm_Standard|0.58_Raw_Not_Corrected|0.58_ppm_Final_Corrected,7.52,DTL_003
N/A,RC2_0165_ION-3,10.58052/IEPRS00G3,Liquid>aqueous,8.02,3.19,-9999,Phosphate_Below_1_ppm_Standard|0.62_Raw_Not_Corrected|0.62_ppm_Final_Corrected,8.26,DTL_003
N/A,RC2_0166_ION-1,10.58052/IEPRS00G4,Liquid>aqueous,6.48,3.42,Nitrite_Below_0.03_ppm_Standard|0.03_Raw_Not_Corrected|0.03_ppm_Final_Corrected,-9999,9.02,DTL_003
N/A,RC2_0166_ION-2,10.58052/IEPRS00G4,Liquid>aqueous,6.92,3.44,Nitrite_Below_0.03_ppm_Standard|0.03_Raw_Not_Corrected|0.03_ppm_Final_Corrected,Phosphate_Below_1_ppm_Standard|0.31_Raw_Not_Corrected|0.31_ppm_Final_Corrected,9.08,DTL_003
N/A,RC2_0166_ION-3,10.58052/IEPRS00G4,Liquid>aqueous,6.81,3.43,Nitrite_Below_0.03_ppm_Standard|0.03_Raw_Not_Corrected|0.03_ppm_Final_Corrected,Phosphate_Below_1_ppm_Standard|0.31_Raw_Not_Corrected|0.31_ppm_Final_Corrected,9.01,DTL_003
N/A,RC2_0167_ION-1,10.58052/IEPRS00G5,Liquid>aqueous,8.15,4.54,Nitrite_Below_0.03_ppm_Standard|0.03_Raw_Not_Corrected|0.03_ppm_Final_Corrected,Phosphate_Below_1_ppm_Standard|0.34_Raw_Not_Corrected|0.34_ppm_Final_Corrected,11.52,DTL_003
N/A,RC2_0167_ION-2,10.58052/IEPRS00G5,Liquid>aqueous,6.22,3.48,Nitrite_Below_0.03_ppm_Standard|0.03_Raw_Not_Corrected|0.03_ppm_Final_Corrected,Phosphate_Below_1_ppm_Standard|0.33_Raw_Not_Corrected|0.33_ppm_Final_Corrected,8.89,DTL_003
N/A,RC2_0167_ION-3,10.58052/IEPRS00G5,Liquid>aqueous,8.41,4.62,Nitrite_Below_0.03_ppm_Standard|0.03_Raw_Not_Corrected|0.03_ppm_Final_Corrected,Phosphate_Below_1_ppm_Standard|0.32_Raw_Not_Corrected|0.32_ppm_Final_Corrected,11.82,DTL_003
N/A,RC2_0177_ION-1,10.58052/IEPRS00G6,Liquid>aqueous,5.93,3.16,Nitrite_Below_0.03_ppm_Standard|0.03_Raw_Not_Corrected|0.03_ppm_Final_Corrected,Phosphate_Below_1_ppm_Standard|0.36_Raw_Not_Corrected|0.36_ppm_Final_Corrected,6.49,DTL_003
N/A,RC2_0177_ION-2,10.58052/IEPRS00G6,Liquid>aqueous,6.24,3.33,Nitrite_Below_0.03_ppm_Standard|0.03_Raw_Not_Corrected|0.03_ppm_Final_Corrected,Phosphate_Below_1_ppm_Standard|0.38_Raw_Not_Corrected|0.38_ppm_Final_Corrected,6.85,DTL_003
N/A,RC2_0177_ION-3,10.58052/IEPRS00G6,Liquid>aqueous,6.4,3.42,0.04,Phosphate_Below_1_ppm_Standard|0.37_Raw_Not_Corrected|0.37_ppm_Final_Corrected,7,DTL_003
N/A,RC2_0178_ION-1,10.58052/IEPRS00G7,Liquid>aqueous,6.08,3.37,Nitrite_Below_0.03_ppm_Standard|0.03_Raw_Not_Corrected|0.03_ppm_Final_Corrected,Phosphate_Below_1_ppm_Standard|0.33_Raw_Not_Corrected|0.33_ppm_Final_Corrected,8.34,DTL_003
N/A,RC2_0178_ION-2,10.58052/IEPRS00G7,Liquid>aqueous,8.5,4.49,0.04,Phosphate_Below_1_ppm_Standard|0.34_Raw_Not_Corrected|0.34_ppm_Final_Corrected,10.93,DTL_003
N/A,RC2_0178_ION-3,10.58052/IEPRS00G7,Liquid>aqueous,8.35,4.48,0.04,Phosphate_Below_1_ppm_Standard|0.35_Raw_Not_Corrected|0.35_ppm_Final_Corrected,10.9,DTL_003
N/A,RC2_0179_ION-1,10.58052/IEPRS00GA,Liquid>aqueous,5.29,0.75,-9999,Phosphate_Below_1_ppm_Standard|0.55_Raw_Not_Corrected|0.55_ppm_Final_Corrected,4.67,DTL_003
N/A,RC2_0179_ION-2,10.58052/IEPRS00GA,Liquid>aqueous,5.48,0.61,-9999,Phosphate_Below_1_ppm_Standard|0.55_Raw_Not_Corrected|0.55_ppm_Final_Corrected,3.44,DTL_003
N/A,RC2_0179_ION-3,10.58052/IEPRS00GA,Liquid>aqueous,5.6,0.61,-9999,-9999,3.44,N/A
N/A,RC2_0183_ION-1,10.58052/IEPRS00G9,Liquid>aqueous,7.67,2.04,-9999,Phosphate_Below_1_ppm_Standard|0.6_Raw_Not_Corrected|0.6_ppm_Final_Corrected,5.83,DTL_003
N/A,RC2_0183_ION-2,10.58052/IEPRS00G9,Liquid>aqueous,7.99,2,-9999,Phosphate_Below_1_ppm_Standard|0.61_Raw_Not_Corrected|0.61_ppm_Final_Corrected,5.86,DTL_003
N/A,RC2_0183_ION-3,10.58052/IEPRS00G9,Liquid>aqueous,7.76,1.99,-9999,Phosphate_Below_1_ppm_Standard|0.56_Raw_Not_Corrected|0.56_ppm_Final_Corrected,5.85,DTL_003
N/A,RC2_0184_ION-1,10.58052/IEPRS00G8,Liquid>aqueous,7.55,2.4,-9999,Phosphate_Below_1_ppm_Standard|0.59_Raw_Not_Corrected|0.59_ppm_Final_Corrected,6.87,DTL_003
N/A,RC2_0184_ION-2,10.58052/IEPRS00G8,Liquid>aqueous,8.02,2.44,-9999,Phosphate_Below_1_ppm_Standard|0.6_Raw_Not_Corrected|0.6_ppm_Final_Corrected,6.93,DTL_003
N/A,RC2_0184_ION-3,10.58052/IEPRS00G8,Liquid>aqueous,7.39,2.59,-9999,Phosphate_Below_1_ppm_Standard|0.6_Raw_Not_Corrected|0.6_ppm_Final_Corrected,6.31,DTL_003
N/A,RC2_0187_ION-1,10.58052/IEPRS00GB,Liquid>aqueous,Chloride_Below_5_ppm_Standard|1.96_Raw_Not_Corrected|1.96_ppm_Final_Corrected,-9999,0.04,-9999,3.37,DTL_003
N/A,RC2_0187_ION-2,10.58052/IEPRS00GB,Liquid>aqueous,Chloride_Below_5_ppm_Standard|1.88_Raw_Not_Corrected|1.88_ppm_Final_Corrected,-9999,0.04,-9999,3.3,DTL_003
N/A,RC2_0187_ION-3,10.58052/IEPRS00GB,Liquid>aqueous,2.44,Nitrate_Below_0.13_ppm_LOD|0.1_Raw_Not_Corrected|0.1_ppm_Final_Corrected,-9999,Phosphate_Below_1_ppm_Standard|0.6_Raw_Not_Corrected|0.6_ppm_Final_Corrected,2.88,DTL_003
N/A,RC2_0188_ION-1,10.58052/IEPRS00GC,Liquid>aqueous,6.71,1.35,-9999,Phosphate_Below_1_ppm_Standard|0.71_Raw_Not_Corrected|0.71_ppm_Final_Corrected,3.56,PO4_CV_030; DTL_003
N/A,RC2_0188_ION-2,10.58052/IEPRS00GC,Liquid>aqueous,7.5,1.46,-9999,Phosphate_Below_1_ppm_Standard|0.7_Raw_Not_Corrected|0.7_ppm_Final_Corrected,4.05,PO4_CV_030; DTL_003
N/A,RC2_0188_ION-3,10.58052/IEPRS00GC,Liquid>aqueous,7.34,1.74,Nitrite_Below_0.03_ppm_Standard|0.03_Raw_Not_Corrected|0.03_ppm_Final_Corrected,Phosphate_Below_1_ppm_Standard|0.38_Raw_Not_Corrected|0.38_ppm_Final_Corrected,4.7,PO4_CV_030; PO4_OUTLIER_000; DTL_003
N/A,RC2_0189_ION-1,10.58052/IEPRS00GD,Liquid>aqueous,7.87,2.15,-9999,Phosphate_Below_1_ppm_Standard|0.62_Raw_Not_Corrected|0.62_ppm_Final_Corrected,7.25,PO4_CV_030; DTL_003
N/A,RC2_0189_ION-2,10.58052/IEPRS00GD,Liquid>aqueous,7.87,2.04,-9999,Phosphate_Below_1_ppm_Standard|0.64_Raw_Not_Corrected|0.64_ppm_Final_Corrected,6.28,PO4_CV_030; DTL_003
N/A,RC2_0189_ION-3,10.58052/IEPRS00GD,Liquid>aqueous,7.83,2.51,Nitrite_Below_0.03_ppm_Standard|0.03_Raw_Not_Corrected|0.03_ppm_Final_Corrected,Phosphate_Below_1_ppm_Standard|0.31_Raw_Not_Corrected|0.31_ppm_Final_Corrected,7.49,PO4_CV_030; PO4_OUTLIER_000; DTL_003
N/A,RC2_0190_ION-1,10.58052/IEPRS00GE,Liquid>aqueous,7.78,3.12,Nitrite_Below_0.01_ppm_LOD|0_Raw_Not_Corrected|0_ppm_Final_Corrected,Phosphate_Below_1_ppm_Standard|0.63_Raw_Not_Corrected|0.63_ppm_Final_Corrected,7.52,DTL_003
N/A,RC2_0190_ION-2,10.58052/IEPRS00GE,Liquid>aqueous,7.69,2.88,Nitrite_Below_0.03_ppm_Standard|0.03_Raw_Not_Corrected|0.03_ppm_Final_Corrected,Phosphate_Below_1_ppm_Standard|0.32_Raw_Not_Corrected|0.32_ppm_Final_Corrected,9.09,DTL_003
N/A,RC2_0190_ION-3,10.58052/IEPRS00GE,Liquid>aqueous,-9999,-9999,-9999,-9999,-9999,N/A
N/A,RC2_0191_ION-1,10.58052/IEPRS00GF,Liquid>aqueous,7.77,2.46,Nitrite_Below_0.01_ppm_LOD|0_Raw_Not_Corrected|0_ppm_Final_Corrected,Phosphate_Below_1_ppm_Standard|0.67_Raw_Not_Corrected|0.67_ppm_Final_Corrected,7.49,DTL_003
N/A,RC2_0191_ION-2,10.58052/IEPRS00GF,Liquid>aqueous,9.74,3.01,0.05,Phosphate_Below_1_ppm_Standard|0.8_Raw_Not_Corrected|0.8_ppm_Final_Corrected,8.84,DTL_003
N/A,RC2_0191_ION-3,10.58052/IEPRS00GF,Liquid>aqueous,7.87,2.5,-9999,Phosphate_Below_1_ppm_Standard|0.66_Raw_Not_Corrected|0.66_ppm_Final_Corrected,8.94,DTL_003
N/A,RC2_0192_ION-1,10.58052/IEPRS00GG,Liquid>aqueous,8.65,2.21,0.04,Phosphate_Below_1_ppm_Standard|0.81_Raw_Not_Corrected|0.81_ppm_Final_Corrected,6.61,NO2_CV_030; DTL_003
N/A,RC2_0192_ION-2,10.58052/IEPRS00GG,Liquid>aqueous,6.98,1.95,Nitrite_Below_0.01_ppm_LOD|0_Raw_Not_Corrected|0_ppm_Final_Corrected,Phosphate_Below_1_ppm_Standard|0.65_Raw_Not_Corrected|0.65_ppm_Final_Corrected,5.95,NO2_CV_030; DTL_003; NO2_OUTLIER_000
N/A,RC2_0192_ION-3,10.58052/IEPRS00GG,Liquid>aqueous,8.58,2.28,Nitrite_Below_0.03_ppm_Standard|0.03_Raw_Not_Corrected|0.03_ppm_Final_Corrected,Phosphate_Below_1_ppm_Standard|0.83_Raw_Not_Corrected|0.83_ppm_Final_Corrected,6.91,NO2_CV_030; DTL_003
N/A,RC2_0193_ION-1,10.58052/IEPRS00GH,Liquid>aqueous,2.64,0.32,-9999,Phosphate_Below_1_ppm_Standard|0.79_Raw_Not_Corrected|0.79_ppm_Final_Corrected,2.97,Cl_CV_030; Cl_OUTLIER_000; DTL_003
N/A,RC2_0193_ION-2,10.58052/IEPRS00GH,Liquid>aqueous,1.44,0.28,-9999,Phosphate_Below_1_ppm_Standard|0.63_Raw_Not_Corrected|0.63_ppm_Final_Corrected,2.52,Cl_CV_030; DTL_003
N/A,RC2_0193_ION-3,10.58052/IEPRS00GH,Liquid>aqueous,1.56,0.31,-9999,Phosphate_Below_1_ppm_Standard|0.63_Raw_Not_Corrected|0.63_ppm_Final_Corrected,2.73,Cl_CV_030; DTL_003
N/A,RC2_0194_ION-1,10.58052/IEPRS00GI,Liquid>aqueous,4.11,0.58,-9999,Phosphate_Below_1_ppm_Standard|0.63_Raw_Not_Corrected|0.63_ppm_Final_Corrected,2.79,NO3_CV_030; DTL_003
N/A,RC2_0194_ION-2,10.58052/IEPRS00GI,Liquid>aqueous,5,0.54,Nitrite_Below_0.03_ppm_Standard|0.03_Raw_Not_Corrected|0.03_ppm_Final_Corrected,Phosphate_Below_1_ppm_Standard|0.79_Raw_Not_Corrected|0.79_ppm_Final_Corrected,3.24,NO3_CV_030; DTL_003
N/A,RC2_0194_ION-3,10.58052/IEPRS00GI,Liquid>aqueous,4.17,1.13,-9999,Phosphate_Below_1_ppm_Standard|0.63_Raw_Not_Corrected|0.63_ppm_Final_Corrected,2.84,NO3_CV_030; NO3_OUTLIER_000; DTL_003
N/A,RC2_0195_ION-2,10.58052/IEPRS00L9,Liquid>aqueous,1,0.24,Nitrite_Below_0.01_ppm_LOD|0.01_Raw_Not_Corrected|0.01_ppm_Final_Corrected,Phosphate_Below_1_ppm_Standard|0.8_Raw_Not_Corrected|0.8_ppm_Final_Corrected,1.07,DTL_003
N/A,RC2_0195_ION-3,10.58052/IEPRS00L9,Liquid>aqueous,0.95,0.23,Nitrite_Below_0.01_ppm_LOD|0.01_Raw_Not_Corrected|0.01_ppm_Final_Corrected,Phosphate_Below_1_ppm_Standard|0.81_Raw_Not_Corrected|0.81_ppm_Final_Corrected,1.02,DTL_003
N/A,RC2_0196_ION-1,10.58052/IEPRS00LA,Liquid>aqueous,2.12,0.15,Nitrite_Below_0.01_ppm_LOD|0.01_Raw_Not_Corrected|0.01_ppm_Final_Corrected,-9999,2.77,DTL_003
N/A,RC2_0196_ION-2,10.58052/IEPRS00LA,Liquid>aqueous,1.91,0.14,Nitrite_Below_0.01_ppm_LOD|0.01_Raw_Not_Corrected|0.01_ppm_Final_Corrected,-9999,2.64,DTL_003
N/A,RC2_0196_ION-3,10.58052/IEPRS00LA,Liquid>aqueous,2,0.14,Nitrite_Below_0.01_ppm_LOD|0.01_Raw_Not_Corrected|0.01_ppm_Final_Corrected,-9999,2.69,DTL_003
N/A,RC2_0197_ION-1,10.58052/IEPRS00LB,Liquid>aqueous,4.94,0.54,Nitrite_Below_0.01_ppm_LOD|0.01_Raw_Not_Corrected|0.01_ppm_Final_Corrected,Phosphate_Below_1_ppm_Standard|0.79_Raw_Not_Corrected|0.79_ppm_Final_Corrected,3,DTL_003
N/A,RC2_0197_ION-3,10.58052/IEPRS00LB,Liquid>aqueous,3.91,0.45,Nitrite_Below_0.01_ppm_LOD|0.01_Raw_Not_Corrected|0.01_ppm_Final_Corrected,Phosphate_Below_1_ppm_Standard|0.8_Raw_Not_Corrected|0.8_ppm_Final_Corrected,2.37,DTL_003
N/A,RC2_0198_ION-1,10.58052/IEPRS00LC,Liquid>aqueous,3.82,1.05,Nitrite_Below_0.01_ppm_LOD|0.01_Raw_Not_Corrected|0.01_ppm_Final_Corrected,Phosphate_Below_1_ppm_Standard|0.83_Raw_Not_Corrected|0.83_ppm_Final_Corrected,3.33,DTL_003
N/A,RC2_0198_ION-3,10.58052/IEPRS00LC,Liquid>aqueous,6.83,1.89,Nitrite_Below_0.01_ppm_LOD|0.01_Raw_Not_Corrected|0.01_ppm_Final_Corrected,Phosphate_Below_1_ppm_Standard|0.83_Raw_Not_Corrected|0.83_ppm_Final_Corrected,6.13,DTL_003
N/A,RC2_0199_ION-1,10.58052/IEPRS00LD,Liquid>aqueous,6.16,1.9,Nitrite_Below_0.01_ppm_LOD|0.01_Raw_Not_Corrected|0.01_ppm_Final_Corrected,Phosphate_Below_1_ppm_Standard|0.84_Raw_Not_Corrected|0.84_ppm_Final_Corrected,5.98,DTL_003
N/A,RC2_0199_ION-2,10.58052/IEPRS00LD,Liquid>aqueous,6.1,1.86,Nitrite_Below_0.01_ppm_LOD|0.01_Raw_Not_Corrected|0.01_ppm_Final_Corrected,Phosphate_Below_1_ppm_Standard|0.84_Raw_Not_Corrected|0.84_ppm_Final_Corrected,5.67,DTL_003
N/A,RC2_0199_ION-3,10.58052/IEPRS00LD,Liquid>aqueous,5.54,1.69,Nitrite_Below_0.01_ppm_LOD|0.01_Raw_Not_Corrected|0.01_ppm_Final_Corrected,Phosphate_Below_1_ppm_Standard|0.84_Raw_Not_Corrected|0.84_ppm_Final_Corrected,4.97,DTL_003
N/A,RC2_0200_ION-1,10.58052/IEPRS00LE,Liquid>aqueous,0.91,0.24,-9999,-9999,1.63,N/A
N/A,RC2_0200_ION-2,10.58052/IEPRS00LE,Liquid>aqueous,0.98,0.3,-9999,-9999,2.02,N/A
N/A,RC2_0200_ION-3,10.58052/IEPRS00LE,Liquid>aqueous,0.88,0.31,-9999,-9999,2.11,N/A
N/A,RC2_0201_ION-1,10.58052/IEPRS00LF,Liquid>aqueous,1.04,0.13,-9999,Phosphate_Below_1_ppm_Standard|0.77_Raw_Not_Corrected|0.77_ppm_Final_Corrected,0.94,NO3_CV_030; DTL_003
N/A,RC2_0201_ION-2,10.58052/IEPRS00LF,Liquid>aqueous,0.9,0.13,-9999,Phosphate_Below_1_ppm_Standard|0.77_Raw_Not_Corrected|0.77_ppm_Final_Corrected,0.94,NO3_CV_030; DTL_003
N/A,RC2_0201_ION-3,10.58052/IEPRS00LF,Liquid>aqueous,1.15,0.65,-9999,Phosphate_Below_1_ppm_Standard|0.78_Raw_Not_Corrected|0.78_ppm_Final_Corrected,1.01,NO3_CV_030; NO3_OUTLIER_000; DTL_003
N/A,RC2_0202_ION-1,10.58052/IEPRS00LG,Liquid>aqueous,1.78,Nitrate_Below_0.13_ppm_LOD|0.04_Raw_Not_Corrected|0.04_ppm_Final_Corrected,-9999,-9999,2.73,DTL_003
N/A,RC2_0202_ION-2,10.58052/IEPRS00LG,Liquid>aqueous,1.7,Nitrate_Below_0.13_ppm_LOD|0.03_Raw_Not_Corrected|0.03_ppm_Final_Corrected,-9999,Phosphate_Below_1_ppm_Standard|0.76_Raw_Not_Corrected|0.76_ppm_Final_Corrected,2.66,DTL_003
N/A,RC2_0202_ION-3,10.58052/IEPRS00LG,Liquid>aqueous,1.82,Nitrate_Below_0.13_ppm_LOD|0.03_Raw_Not_Corrected|0.03_ppm_Final_Corrected,-9999,Phosphate_Below_1_ppm_Standard|0.75_Raw_Not_Corrected|0.75_ppm_Final_Corrected,2.66,DTL_003
N/A,RC2_0203_ION-1,10.58052/IEPRS00LH,Liquid>aqueous,4.7,0.32,Nitrite_Below_0.01_ppm_LOD|0_Raw_Not_Corrected|0_ppm_Final_Corrected,Phosphate_Below_1_ppm_Standard|0.77_Raw_Not_Corrected|0.77_ppm_Final_Corrected,2.9,DTL_003
N/A,RC2_0203_ION-2,10.58052/IEPRS00LH,Liquid>aqueous,4.71,0.28,-9999,Phosphate_Below_1_ppm_Standard|0.76_Raw_Not_Corrected|0.76_ppm_Final_Corrected,2.9,DTL_003
N/A,RC2_0203_ION-3,10.58052/IEPRS00LH,Liquid>aqueous,4.62,0.28,-9999,-9999,2.81,N/A
N/A,RC2_0204_ION-1,10.58052/IEPRS00LI,Liquid>aqueous,6.22,1.44,-9999,Phosphate_Below_1_ppm_Standard|0.81_Raw_Not_Corrected|0.81_ppm_Final_Corrected,5.14,DTL_003
N/A,RC2_0204_ION-2,10.58052/IEPRS00LI,Liquid>aqueous,5.53,1.28,-9999,Phosphate_Below_1_ppm_Standard|0.82_Raw_Not_Corrected|0.82_ppm_Final_Corrected,4.64,DTL_003
N/A,RC2_0204_ION-3,10.58052/IEPRS00LI,Liquid>aqueous,7.69,1.51,Nitrite_Below_0.03_ppm_Standard|0.03_Raw_Not_Corrected|0.03_ppm_Final_Corrected,Phosphate_Below_1_ppm_Standard|0.91_Raw_Not_Corrected|0.91_ppm_Final_Corrected,5.35,DTL_003
N/A,RC2_0205_ION-1,10.58052/IEPRS00LJ,Liquid>aqueous,4.6,1.24,Nitrite_Below_0.03_ppm_Standard|0.01_Raw_Not_Corrected|0.01_ppm_Final_Corrected,Phosphate_Below_1_ppm_Standard|0.81_Raw_Not_Corrected|0.81_ppm_Final_Corrected,4.24,NO2_CV_030; DTL_003
N/A,RC2_0205_ION-2,10.58052/IEPRS00LJ,Liquid>aqueous,5.39,1.41,Nitrite_Below_0.03_ppm_Standard|0.01_Raw_Not_Corrected|0.01_ppm_Final_Corrected,Phosphate_Below_1_ppm_Standard|0.82_Raw_Not_Corrected|0.82_ppm_Final_Corrected,4.86,NO2_CV_030; DTL_003
N/A,RC2_0205_ION-3,10.58052/IEPRS00LJ,Liquid>aqueous,7.05,1.95,Nitrite_Below_0.01_ppm_LOD|0_Raw_Not_Corrected|0_ppm_Final_Corrected,Phosphate_Below_1_ppm_Standard|0.84_Raw_Not_Corrected|0.84_ppm_Final_Corrected,6.73,NO2_CV_030; DTL_003; NO2_OUTLIER_000
#End_Data,,,,,,,,,
