#Columns,5
#Header_Rows,12
Field_Name,Sample_Name,IGSN,Material,FTICR-MS,Methods_Deviation
Unit,N/A,N/A,N/A,N/A,N/A
Unit_Basis,N/A,N/A,N/A,N/A,N/A
MethodID_Analysis,N/A,N/A,N/A,ICR_T_AN_003,N/A
MethodID_Inspection,N/A,N/A,N/A,ICR_T_IN_003,N/A
MethodID_Storage,N/A,N/A,N/A,ICR_T_ST_003,N/A
MethodID_Preservation,N/A,N/A,N/A,ICR_T_PRES_003,N/A
MethodID_Preparation,N/A,N/A,N/A,ICR_T_PREP_003,N/A
MethodID_DataProcessing,N/A,N/A,N/A,ICR_T_DP_003,N/A
Analysis_DetectionLimit,-9999,-9999,-9999,-9999,N/A
Analysis_Precision,-9999,-9999,-9999,-9999,N/A
Data_Status,N/A,N/A,N/A,raw,N/A
#Start_Data,RC2_0001_ICR-1,10.58052/IEPRS00CY,Liquid>aqueous,See_FTICR_folder,N/A
N/A,RC2_0001_ICR-2,10.58052/IEPRS00CY,Liquid>aqueous,See_FTICR_folder,N/A
N/A,RC2_0001_ICR-3,10.58052/IEPRS00CY,Liquid>aqueous,See_FTICR_folder,N/A
N/A,RC2_0002_ICR-1,10.58052/IEPRS00CZ,Liquid>aqueous,See_FTICR_folder,N/A
N/A,RC2_0002_ICR-2,10.58052/IEPRS00CZ,Liquid>aqueous,See_FTICR_folder,N/A
N/A,RC2_0002_ICR-3,10.58052/IEPRS00CZ,Liquid>aqueous,See_FTICR_folder,N/A
N/A,RC2_0003_ICR-1,10.58052/IEPRS00D0,Liquid>aqueous,See_FTICR_folder,N/A
N/A,RC2_0003_ICR-2,10.58052/IEPRS00D0,Liquid>aqueous,See_FTICR_folder,N/A
N/A,RC2_0003_ICR-3,10.58052/IEPRS00D0,Liquid>aqueous,See_FTICR_folder,N/A
N/A,RC2_0004_ICR-1,10.58052/IEPRS00D1,Liquid>aqueous,See_FTICR_folder,N/A
N/A,RC2_0004_ICR-2,10.58052/IEPRS00D1,Liquid>aqueous,See_FTICR_folder,N/A
N/A,RC2_0004_ICR-3,10.58052/IEPRS00D1,Liquid>aqueous,See_FTICR_folder,N/A
N/A,RC2_0005_ICR-1,10.58052/IEPRS00D2,Liquid>aqueous,See_FTICR_folder,N/A
N/A,RC2_0005_ICR-2,10.58052/IEPRS00D2,Liquid>aqueous,See_FTICR_folder,N/A
N/A,RC2_0005_ICR-3,10.58052/IEPRS00D2,Liquid>aqueous,See_FTICR_folder,N/A
N/A,RC2_0006_ICR-1,10.58052/IEPRS00D3,Liquid>aqueous,See_FTICR_folder,N/A
N/A,RC2_0006_ICR-2,10.58052/IEPRS00D3,Liquid>aqueous,See_FTICR_folder,N/A
N/A,RC2_0006_ICR-3,10.58052/IEPRS00D3,Liquid>aqueous,See_FTICR_folder,N/A
N/A,RC2_0007_ICR-1,10.58052/IEPRS00CS,Liquid>aqueous,See_FTICR_folder,N/A
N/A,RC2_0007_ICR-2,10.58052/IEPRS00CS,Liquid>aqueous,See_FTICR_folder,N/A
N/A,RC2_0007_ICR-3,10.58052/IEPRS00CS,Liquid>aqueous,See_FTICR_folder,N/A
N/A,RC2_0008_ICR-1,10.58052/IEPRS00CT,Liquid>aqueous,See_FTICR_folder,N/A
N/A,RC2_0008_ICR-2,10.58052/IEPRS00CT,Liquid>aqueous,See_FTICR_folder,N/A
N/A,RC2_0008_ICR-3,10.58052/IEPRS00CT,Liquid>aqueous,See_FTICR_folder,N/A
N/A,RC2_0009_ICR-1,10.58052/IEPRS00CU,Liquid>aqueous,See_FTICR_folder,N/A
N/A,RC2_0009_ICR-2,10.58052/IEPRS00CU,Liquid>aqueous,See_FTICR_folder,N/A
N/A,RC2_0009_ICR-3,10.58052/IEPRS00CU,Liquid>aqueous,See_FTICR_folder,N/A
N/A,RC2_0010_ICR-1,10.58052/IEPRS00CV,Liquid>aqueous,See_FTICR_folder,N/A
N/A,RC2_0010_ICR-2,10.58052/IEPRS00CV,Liquid>aqueous,See_FTICR_folder,N/A
N/A,RC2_0010_ICR-3,10.58052/IEPRS00CV,Liquid>aqueous,See_FTICR_folder,N/A
N/A,RC2_0011_ICR-1,10.58052/IEPRS00CW,Liquid>aqueous,See_FTICR_folder,N/A
N/A,RC2_0011_ICR-2,10.58052/IEPRS00CW,Liquid>aqueous,See_FTICR_folder,N/A
N/A,RC2_0011_ICR-3,10.58052/IEPRS00CW,Liquid>aqueous,See_FTICR_folder,N/A
N/A,RC2_0012_ICR-1,10.58052/IEPRS00CX,Liquid>aqueous,See_FTICR_folder,N/A
N/A,RC2_0012_ICR-2,10.58052/IEPRS00CX,Liquid>aqueous,See_FTICR_folder,N/A
N/A,RC2_0012_ICR-3,10.58052/IEPRS00CX,Liquid>aqueous,See_FTICR_folder,N/A
N/A,RC2_0013_ICR-1,10.58052/IEPRS00CM,Liquid>aqueous,See_FTICR_folder,N/A
N/A,RC2_0013_ICR-2,10.58052/IEPRS00CM,Liquid>aqueous,See_FTICR_folder,N/A
N/A,RC2_0013_ICR-3,10.58052/IEPRS00CM,Liquid>aqueous,See_FTICR_folder,N/A
N/A,RC2_0014_ICR-1,10.58052/IEPRS00CN,Liquid>aqueous,See_FTICR_folder,N/A
N/A,RC2_0014_ICR-2,10.58052/IEPRS00CN,Liquid>aqueous,See_FTICR_folder,N/A
N/A,RC2_0014_ICR-3,10.58052/IEPRS00CN,Liquid>aqueous,See_FTICR_folder,N/A
N/A,RC2_0015_ICR-1,10.58052/IEPRS00CO,Liquid>aqueous,See_FTICR_folder,N/A
N/A,RC2_0015_ICR-2,10.58052/IEPRS00CO,Liquid>aqueous,See_FTICR_folder,N/A
N/A,RC2_0015_ICR-3,10.58052/IEPRS00CO,Liquid>aqueous,See_FTICR_folder,N/A
N/A,RC2_0016_ICR-1,10.58052/IEPRS00CP,Liquid>aqueous,See_FTICR_folder,N/A
N/A,RC2_0016_ICR-2,10.58052/IEPRS00CP,Liquid>aqueous,See_FTICR_folder,N/A
N/A,RC2_0016_ICR-3,10.58052/IEPRS00CP,Liquid>aqueous,See_FTICR_folder,N/A
N/A,RC2_0017_ICR-1,10.58052/IEPRS00CQ,Liquid>aqueous,See_FTICR_folder,N/A
N/A,RC2_0017_ICR-2,10.58052/IEPRS00CQ,Liquid>aqueous,See_FTICR_folder,N/A
N/A,RC2_0017_ICR-3,10.58052/IEPRS00CQ,Liquid>aqueous,See_FTICR_folder,N/A
N/A,RC2_0018_ICR-1,10.58052/IEPRS00CR,Liquid>aqueous,See_FTICR_folder,N/A
N/A,RC2_0018_ICR-2,10.58052/IEPRS00CR,Liquid>aqueous,See_FTICR_folder,N/A
N/A,RC2_0018_ICR-3,10.58052/IEPRS00CR,Liquid>aqueous,See_FTICR_folder,N/A
N/A,RC2_0019_ICR-1,10.58052/IEPRS00CG,Liquid>aqueous,See_FTICR_folder,N/A
N/A,RC2_0019_ICR-2,10.58052/IEPRS00CG,Liquid>aqueous,See_FTICR_folder,N/A
N/A,RC2_0019_ICR-3,10.58052/IEPRS00CG,Liquid>aqueous,See_FTICR_folder,N/A
N/A,RC2_0020_ICR-1,10.58052/IEPRS00CH,Liquid>aqueous,See_FTICR_folder,N/A
N/A,RC2_0020_ICR-2,10.58052/IEPRS00CH,Liquid>aqueous,See_FTICR_folder,N/A
N/A,RC2_0020_ICR-3,10.58052/IEPRS00CH,Liquid>aqueous,See_FTICR_folder,N/A
N/A,RC2_0021_ICR-1,10.58052/IEPRS00CI,Liquid>aqueous,See_FTICR_folder,N/A
N/A,RC2_0021_ICR-2,10.58052/IEPRS00CI,Liquid>aqueous,See_FTICR_folder,N/A
N/A,RC2_0021_ICR-3,10.58052/IEPRS00CI,Liquid>aqueous,See_FTICR_folder,N/A
N/A,RC2_0022_ICR-1,10.58052/IEPRS00CJ,Liquid>aqueous,See_FTICR_folder,N/A
N/A,RC2_0022_ICR-2,10.58052/IEPRS00CJ,Liquid>aqueous,See_FTICR_folder,N/A
N/A,RC2_0022_ICR-3,10.58052/IEPRS00CJ,Liquid>aqueous,See_FTICR_folder,N/A
N/A,RC2_0023_ICR-1,10.58052/IEPRS00CK,Liquid>aqueous,See_FTICR_folder,N/A
N/A,RC2_0023_ICR-2,10.58052/IEPRS00CK,Liquid>aqueous,See_FTICR_folder,N/A
N/A,RC2_0023_ICR-3,10.58052/IEPRS00CK,Liquid>aqueous,See_FTICR_folder,N/A
N/A,RC2_0024_ICR-1,10.58052/IEPRS00CL,Liquid>aqueous,See_FTICR_folder,N/A
N/A,RC2_0024_ICR-2,10.58052/IEPRS00CL,Liquid>aqueous,See_FTICR_folder,N/A
N/A,RC2_0024_ICR-3,10.58052/IEPRS00CL,Liquid>aqueous,See_FTICR_folder,N/A
N/A,RC2_0025_ICR-1,10.58052/IEPRS00CA,Liquid>aqueous,See_FTICR_folder,N/A
N/A,RC2_0025_ICR-2,10.58052/IEPRS00CA,Liquid>aqueous,See_FTICR_folder,N/A
N/A,RC2_0025_ICR-3,10.58052/IEPRS00CA,Liquid>aqueous,See_FTICR_folder,N/A
N/A,RC2_0026_ICR-1,10.58052/IEPRS00CB,Liquid>aqueous,See_FTICR_folder,N/A
N/A,RC2_0026_ICR-2,10.58052/IEPRS00CB,Liquid>aqueous,See_FTICR_folder,N/A
N/A,RC2_0026_ICR-3,10.58052/IEPRS00CB,Liquid>aqueous,See_FTICR_folder,N/A
N/A,RC2_0027_ICR-1,10.58052/IEPRS00CC,Liquid>aqueous,See_FTICR_folder,N/A
N/A,RC2_0027_ICR-2,10.58052/IEPRS00CC,Liquid>aqueous,See_FTICR_folder,N/A
N/A,RC2_0027_ICR-3,10.58052/IEPRS00CC,Liquid>aqueous,See_FTICR_folder,N/A
N/A,RC2_0028_ICR-1,10.58052/IEPRS00CD,Liquid>aqueous,See_FTICR_folder,N/A
N/A,RC2_0028_ICR-2,10.58052/IEPRS00CD,Liquid>aqueous,See_FTICR_folder,N/A
N/A,RC2_0028_ICR-3,10.58052/IEPRS00CD,Liquid>aqueous,See_FTICR_folder,N/A
N/A,RC2_0029_ICR-1,10.58052/IEPRS00CE,Liquid>aqueous,See_FTICR_folder,N/A
N/A,RC2_0029_ICR-2,10.58052/IEPRS00CE,Liquid>aqueous,See_FTICR_folder,N/A
N/A,RC2_0029_ICR-3,10.58052/IEPRS00CE,Liquid>aqueous,See_FTICR_folder,N/A
N/A,RC2_0030_ICR-1,10.58052/IEPRS00CF,Liquid>aqueous,See_FTICR_folder,N/A
N/A,RC2_0030_ICR-2,10.58052/IEPRS00CF,Liquid>aqueous,See_FTICR_folder,N/A
N/A,RC2_0030_ICR-3,10.58052/IEPRS00CF,Liquid>aqueous,See_FTICR_folder,N/A
N/A,RC2_0031_ICR-1,10.58052/IEPRS00C4,Liquid>aqueous,See_FTICR_folder,N/A
N/A,RC2_0031_ICR-2,10.58052/IEPRS00C4,Liquid>aqueous,See_FTICR_folder,N/A
N/A,RC2_0031_ICR-3,10.58052/IEPRS00C4,Liquid>aqueous,See_FTICR_folder,N/A
N/A,RC2_0032_ICR-1,10.58052/IEPRS00C5,Liquid>aqueous,See_FTICR_folder,N/A
N/A,RC2_0032_ICR-2,10.58052/IEPRS00C5,Liquid>aqueous,See_FTICR_folder,N/A
N/A,RC2_0032_ICR-3,10.58052/IEPRS00C5,Liquid>aqueous,See_FTICR_folder,N/A
N/A,RC2_0033_ICR-1,10.58052/IEPRS00C6,Liquid>aqueous,See_FTICR_folder,N/A
N/A,RC2_0033_ICR-2,10.58052/IEPRS00C6,Liquid>aqueous,See_FTICR_folder,N/A
N/A,RC2_0033_ICR-3,10.58052/IEPRS00C6,Liquid>aqueous,See_FTICR_folder,N/A
N/A,RC2_0034_ICR-1,10.58052/IEPRS00C7,Liquid>aqueous,See_FTICR_folder,N/A
N/A,RC2_0034_ICR-2,10.58052/IEPRS00C7,Liquid>aqueous,See_FTICR_folder,N/A
N/A,RC2_0034_ICR-3,10.58052/IEPRS00C7,Liquid>aqueous,See_FTICR_folder,N/A
N/A,RC2_0035_ICR-1,10.58052/IEPRS00C8,Liquid>aqueous,See_FTICR_folder,N/A
N/A,RC2_0035_ICR-2,10.58052/IEPRS00C8,Liquid>aqueous,See_FTICR_folder,N/A
N/A,RC2_0035_ICR-3,10.58052/IEPRS00C8,Liquid>aqueous,See_FTICR_folder,N/A
N/A,RC2_0036_ICR-1,10.58052/IEPRS00C9,Liquid>aqueous,See_FTICR_folder,N/A
N/A,RC2_0036_ICR-3,10.58052/IEPRS00C9,Liquid>aqueous,See_FTICR_folder,N/A
N/A,RC2_0037_ICR-1,10.58052/IEPRS00BY,Liquid>aqueous,See_FTICR_folder,N/A
N/A,RC2_0037_ICR-2,10.58052/IEPRS00BY,Liquid>aqueous,See_FTICR_folder,N/A
N/A,RC2_0037_ICR-3,10.58052/IEPRS00BY,Liquid>aqueous,See_FTICR_folder,N/A
N/A,RC2_0038_ICR-1,10.58052/IEPRS00BZ,Liquid>aqueous,See_FTICR_folder,N/A
N/A,RC2_0038_ICR-2,10.58052/IEPRS00BZ,Liquid>aqueous,See_FTICR_folder,N/A
N/A,RC2_0038_ICR-3,10.58052/IEPRS00BZ,Liquid>aqueous,See_FTICR_folder,N/A
N/A,RC2_0039_ICR-1,10.58052/IEPRS00C0,Liquid>aqueous,See_FTICR_folder,N/A
N/A,RC2_0039_ICR-2,10.58052/IEPRS00C0,Liquid>aqueous,See_FTICR_folder,N/A
N/A,RC2_0039_ICR-3,10.58052/IEPRS00C0,Liquid>aqueous,See_FTICR_folder,N/A
N/A,RC2_0040_ICR-1,10.58052/IEPRS00C1,Liquid>aqueous,See_FTICR_folder,N/A
N/A,RC2_0040_ICR-2,10.58052/IEPRS00C1,Liquid>aqueous,See_FTICR_folder,N/A
N/A,RC2_0040_ICR-3,10.58052/IEPRS00C1,Liquid>aqueous,See_FTICR_folder,N/A
N/A,RC2_0041_ICR-1,10.58052/IEPRS00C2,Liquid>aqueous,See_FTICR_folder,N/A
N/A,RC2_0041_ICR-2,10.58052/IEPRS00C2,Liquid>aqueous,See_FTICR_folder,N/A
N/A,RC2_0041_ICR-3,10.58052/IEPRS00C2,Liquid>aqueous,See_FTICR_folder,N/A
N/A,RC2_0042_ICR-1,10.58052/IEPRS00C3,Liquid>aqueous,See_FTICR_folder,N/A
N/A,RC2_0042_ICR-2,10.58052/IEPRS00C3,Liquid>aqueous,See_FTICR_folder,N/A
N/A,RC2_0042_ICR-3,10.58052/IEPRS00C3,Liquid>aqueous,See_FTICR_folder,N/A
N/A,RC2_0043_ICR-1,10.58052/IEPRS00BT,Liquid>aqueous,See_FTICR_folder,N/A
N/A,RC2_0043_ICR-2,10.58052/IEPRS00BT,Liquid>aqueous,See_FTICR_folder,N/A
N/A,RC2_0043_ICR-3,10.58052/IEPRS00BT,Liquid>aqueous,See_FTICR_folder,N/A
N/A,RC2_0044_ICR-1,10.58052/IEPRS00BU,Liquid>aqueous,See_FTICR_folder,N/A
N/A,RC2_0044_ICR-2,10.58052/IEPRS00BU,Liquid>aqueous,See_FTICR_folder,N/A
N/A,RC2_0044_ICR-3,10.58052/IEPRS00BU,Liquid>aqueous,See_FTICR_folder,N/A
N/A,RC2_0045_ICR-1,10.58052/IEPRS00BV,Liquid>aqueous,See_FTICR_folder,N/A
N/A,RC2_0045_ICR-2,10.58052/IEPRS00BV,Liquid>aqueous,See_FTICR_folder,N/A
N/A,RC2_0045_ICR-3,10.58052/IEPRS00BV,Liquid>aqueous,See_FTICR_folder,N/A
N/A,RC2_0046_ICR-1,10.58052/IEPRS00BW,Liquid>aqueous,See_FTICR_folder,N/A
N/A,RC2_0046_ICR-2,10.58052/IEPRS00BW,Liquid>aqueous,See_FTICR_folder,N/A
N/A,RC2_0046_ICR-3,10.58052/IEPRS00BW,Liquid>aqueous,See_FTICR_folder,N/A
N/A,RC2_0048_ICR-1,10.58052/IEPRS00BX,Liquid>aqueous,See_FTICR_folder,N/A
N/A,RC2_0048_ICR-2,10.58052/IEPRS00BX,Liquid>aqueous,See_FTICR_folder,N/A
N/A,RC2_0048_ICR-3,10.58052/IEPRS00BX,Liquid>aqueous,See_FTICR_folder,N/A
N/A,RC2_0049_ICR-1,10.58052/IEPRS00D4,Liquid>aqueous,See_FTICR_folder,N/A
N/A,RC2_0049_ICR-2,10.58052/IEPRS00D4,Liquid>aqueous,See_FTICR_folder,N/A
N/A,RC2_0049_ICR-3,10.58052/IEPRS00D4,Liquid>aqueous,See_FTICR_folder,N/A
N/A,RC2_0050_ICR-1,10.58052/IEPRS00D5,Liquid>aqueous,See_FTICR_folder,N/A
N/A,RC2_0050_ICR-2,10.58052/IEPRS00D5,Liquid>aqueous,See_FTICR_folder,N/A
N/A,RC2_0050_ICR-3,10.58052/IEPRS00D5,Liquid>aqueous,See_FTICR_folder,N/A
N/A,RC2_0051_ICR-1,10.58052/IEPRS00D6,Liquid>aqueous,See_FTICR_folder,N/A
N/A,RC2_0051_ICR-2,10.58052/IEPRS00D6,Liquid>aqueous,See_FTICR_folder,N/A
N/A,RC2_0051_ICR-3,10.58052/IEPRS00D6,Liquid>aqueous,See_FTICR_folder,N/A
N/A,RC2_0052_ICR-1,10.58052/IEPRS00D7,Liquid>aqueous,See_FTICR_folder,N/A
N/A,RC2_0052_ICR-2,10.58052/IEPRS00D7,Liquid>aqueous,See_FTICR_folder,N/A
N/A,RC2_0052_ICR-3,10.58052/IEPRS00D7,Liquid>aqueous,See_FTICR_folder,N/A
N/A,RC2_0053_ICR-1,10.58052/IEPRS00D8,Liquid>aqueous,See_FTICR_folder,N/A
N/A,RC2_0053_ICR-2,10.58052/IEPRS00D8,Liquid>aqueous,See_FTICR_folder,N/A
N/A,RC2_0053_ICR-3,10.58052/IEPRS00D8,Liquid>aqueous,See_FTICR_folder,N/A
N/A,RC2_0054_ICR-1,10.58052/IEPRS00D9,Liquid>aqueous,See_FTICR_folder,N/A
N/A,RC2_0054_ICR-2,10.58052/IEPRS00D9,Liquid>aqueous,See_FTICR_folder,N/A
N/A,RC2_0054_ICR-3,10.58052/IEPRS00D9,Liquid>aqueous,See_FTICR_folder,N/A
N/A,RC2_0055_ICR-1,10.58052/IEPRS00DA,Liquid>aqueous,See_FTICR_folder,N/A
N/A,RC2_0055_ICR-2,10.58052/IEPRS00DA,Liquid>aqueous,See_FTICR_folder,N/A
N/A,RC2_0055_ICR-3,10.58052/IEPRS00DA,Liquid>aqueous,See_FTICR_folder,N/A
N/A,RC2_0056_ICR-1,10.58052/IEPRS00DB,Liquid>aqueous,See_FTICR_folder,N/A
N/A,RC2_0056_ICR-2,10.58052/IEPRS00DB,Liquid>aqueous,See_FTICR_folder,N/A
N/A,RC2_0056_ICR-3,10.58052/IEPRS00DB,Liquid>aqueous,See_FTICR_folder,N/A
N/A,RC2_0057_ICR-1,10.58052/IEPRS00DC,Liquid>aqueous,See_FTICR_folder,N/A
N/A,RC2_0057_ICR-2,10.58052/IEPRS00DC,Liquid>aqueous,See_FTICR_folder,N/A
N/A,RC2_0057_ICR-3,10.58052/IEPRS00DC,Liquid>aqueous,See_FTICR_folder,N/A
N/A,RC2_0058_ICR-1,10.58052/IEPRS00DD,Liquid>aqueous,See_FTICR_folder,N/A
N/A,RC2_0058_ICR-2,10.58052/IEPRS00DD,Liquid>aqueous,See_FTICR_folder,N/A
N/A,RC2_0058_ICR-3,10.58052/IEPRS00DD,Liquid>aqueous,See_FTICR_folder,N/A
N/A,RC2_0059_ICR-1,10.58052/IEPRS00DE,Liquid>aqueous,See_FTICR_folder,N/A
N/A,RC2_0059_ICR-2,10.58052/IEPRS00DE,Liquid>aqueous,See_FTICR_folder,N/A
N/A,RC2_0059_ICR-3,10.58052/IEPRS00DE,Liquid>aqueous,See_FTICR_folder,N/A
N/A,RC2_0060_ICR-1,10.58052/IEPRS00DF,Liquid>aqueous,See_FTICR_folder,N/A
N/A,RC2_0060_ICR-2,10.58052/IEPRS00DF,Liquid>aqueous,See_FTICR_folder,N/A
N/A,RC2_0060_ICR-3,10.58052/IEPRS00DF,Liquid>aqueous,See_FTICR_folder,N/A
N/A,RC2_0061_ICR-1,10.58052/IEPRS00DG,Liquid>aqueous,See_FTICR_folder,N/A
N/A,RC2_0061_ICR-2,10.58052/IEPRS00DG,Liquid>aqueous,See_FTICR_folder,N/A
N/A,RC2_0061_ICR-3,10.58052/IEPRS00DG,Liquid>aqueous,See_FTICR_folder,N/A
N/A,RC2_0062_ICR-1,10.58052/IEPRS00DH,Liquid>aqueous,See_FTICR_folder,N/A
N/A,RC2_0062_ICR-2,10.58052/IEPRS00DH,Liquid>aqueous,See_FTICR_folder,N/A
N/A,RC2_0062_ICR-3,10.58052/IEPRS00DH,Liquid>aqueous,See_FTICR_folder,N/A
N/A,RC2_0063_ICR-1,10.58052/IEPRS00DI,Liquid>aqueous,See_FTICR_folder,N/A
N/A,RC2_0063_ICR-2,10.58052/IEPRS00DI,Liquid>aqueous,See_FTICR_folder,N/A
N/A,RC2_0063_ICR-3,10.58052/IEPRS00DI,Liquid>aqueous,See_FTICR_folder,N/A
N/A,RC2_0064_ICR-1,10.58052/IEPRS00DJ,Liquid>aqueous,See_FTICR_folder,N/A
N/A,RC2_0064_ICR-2,10.58052/IEPRS00DJ,Liquid>aqueous,See_FTICR_folder,N/A
N/A,RC2_0064_ICR-3,10.58052/IEPRS00DJ,Liquid>aqueous,See_FTICR_folder,N/A
N/A,RC2_0065_ICR-1,10.58052/IEPRS00DK,Liquid>aqueous,See_FTICR_folder,N/A
N/A,RC2_0065_ICR-2,10.58052/IEPRS00DK,Liquid>aqueous,See_FTICR_folder,N/A
N/A,RC2_0065_ICR-3,10.58052/IEPRS00DK,Liquid>aqueous,See_FTICR_folder,N/A
N/A,RC2_0066_ICR-1,10.58052/IEPRS00DL,Liquid>aqueous,See_FTICR_folder,N/A
N/A,RC2_0066_ICR-2,10.58052/IEPRS00DL,Liquid>aqueous,See_FTICR_folder,N/A
N/A,RC2_0066_ICR-3,10.58052/IEPRS00DL,Liquid>aqueous,See_FTICR_folder,N/A
N/A,RC2_0067_ICR-1,10.58052/IEPRS00DM,Liquid>aqueous,See_FTICR_folder,N/A
N/A,RC2_0067_ICR-2,10.58052/IEPRS00DM,Liquid>aqueous,See_FTICR_folder,N/A
N/A,RC2_0067_ICR-3,10.58052/IEPRS00DM,Liquid>aqueous,See_FTICR_folder,N/A
N/A,RC2_0068_ICR-1,10.58052/IEPRS00DN,Liquid>aqueous,See_FTICR_folder,N/A
N/A,RC2_0068_ICR-2,10.58052/IEPRS00DN,Liquid>aqueous,See_FTICR_folder,N/A
N/A,RC2_0068_ICR-3,10.58052/IEPRS00DN,Liquid>aqueous,See_FTICR_folder,N/A
N/A,RC2_0069_ICR-1,10.58052/IEPRS00DO,Liquid>aqueous,See_FTICR_folder,N/A
N/A,RC2_0069_ICR-2,10.58052/IEPRS00DO,Liquid>aqueous,See_FTICR_folder,N/A
N/A,RC2_0069_ICR-3,10.58052/IEPRS00DO,Liquid>aqueous,See_FTICR_folder,N/A
N/A,RC2_0070_ICR-1,10.58052/IEPRS00DP,Liquid>aqueous,See_FTICR_folder,N/A
N/A,RC2_0070_ICR-2,10.58052/IEPRS00DP,Liquid>aqueous,See_FTICR_folder,N/A
N/A,RC2_0070_ICR-3,10.58052/IEPRS00DP,Liquid>aqueous,See_FTICR_folder,N/A
N/A,RC2_0071_ICR-1,10.58052/IEPRS00DQ,Liquid>aqueous,See_FTICR_folder,N/A
N/A,RC2_0071_ICR-2,10.58052/IEPRS00DQ,Liquid>aqueous,See_FTICR_folder,N/A
N/A,RC2_0071_ICR-3,10.58052/IEPRS00DQ,Liquid>aqueous,See_FTICR_folder,N/A
N/A,RC2_0072_ICR-1,10.58052/IEPRS00DR,Liquid>aqueous,See_FTICR_folder,N/A
N/A,RC2_0072_ICR-2,10.58052/IEPRS00DR,Liquid>aqueous,See_FTICR_folder,N/A
N/A,RC2_0072_ICR-3,10.58052/IEPRS00DR,Liquid>aqueous,See_FTICR_folder,N/A
N/A,RC2_0073_ICR-1,10.58052/IEPRS00DX,Liquid>aqueous,See_FTICR_folder,N/A
N/A,RC2_0073_ICR-2,10.58052/IEPRS00DX,Liquid>aqueous,See_FTICR_folder,N/A
N/A,RC2_0073_ICR-3,10.58052/IEPRS00DX,Liquid>aqueous,See_FTICR_folder,N/A
N/A,RC2_0074_ICR-1,10.58052/IEPRS00DW,Liquid>aqueous,See_FTICR_folder,N/A
N/A,RC2_0074_ICR-2,10.58052/IEPRS00DW,Liquid>aqueous,See_FTICR_folder,N/A
N/A,RC2_0074_ICR-3,10.58052/IEPRS00DW,Liquid>aqueous,See_FTICR_folder,N/A
N/A,RC2_0075_ICR-1,10.58052/IEPRS00DV,Liquid>aqueous,See_FTICR_folder,N/A
N/A,RC2_0075_ICR-2,10.58052/IEPRS00DV,Liquid>aqueous,See_FTICR_folder,N/A
N/A,RC2_0075_ICR-3,10.58052/IEPRS00DV,Liquid>aqueous,See_FTICR_folder,N/A
N/A,RC2_0076_ICR-1,10.58052/IEPRS00DU,Liquid>aqueous,See_FTICR_folder,N/A
N/A,RC2_0076_ICR-2,10.58052/IEPRS00DU,Liquid>aqueous,See_FTICR_folder,N/A
N/A,RC2_0076_ICR-3,10.58052/IEPRS00DU,Liquid>aqueous,See_FTICR_folder,N/A
N/A,RC2_0077_ICR-1,10.58052/IEPRS00DT,Liquid>aqueous,See_FTICR_folder,N/A
N/A,RC2_0077_ICR-2,10.58052/IEPRS00DT,Liquid>aqueous,See_FTICR_folder,N/A
N/A,RC2_0077_ICR-3,10.58052/IEPRS00DT,Liquid>aqueous,See_FTICR_folder,N/A
N/A,RC2_0078_ICR-1,10.58052/IEPRS00DS,Liquid>aqueous,See_FTICR_folder,N/A
N/A,RC2_0078_ICR-2,10.58052/IEPRS00DS,Liquid>aqueous,See_FTICR_folder,N/A
N/A,RC2_0078_ICR-3,10.58052/IEPRS00DS,Liquid>aqueous,See_FTICR_folder,N/A
N/A,RC2_0079_ICR-1,10.58052/IEPRS00DY,Liquid>aqueous,See_FTICR_folder,N/A
N/A,RC2_0079_ICR-2,10.58052/IEPRS00DY,Liquid>aqueous,See_FTICR_folder,N/A
N/A,RC2_0079_ICR-3,10.58052/IEPRS00DY,Liquid>aqueous,See_FTICR_folder,N/A
N/A,RC2_0080_ICR-1,10.58052/IEPRS00DZ,Liquid>aqueous,See_FTICR_folder,N/A
N/A,RC2_0080_ICR-2,10.58052/IEPRS00DZ,Liquid>aqueous,See_FTICR_folder,N/A
N/A,RC2_0080_ICR-3,10.58052/IEPRS00DZ,Liquid>aqueous,See_FTICR_folder,N/A
N/A,RC2_0081_ICR-1,10.58052/IEPRS00E0,Liquid>aqueous,See_FTICR_folder,N/A
N/A,RC2_0081_ICR-2,10.58052/IEPRS00E0,Liquid>aqueous,See_FTICR_folder,N/A
N/A,RC2_0081_ICR-3,10.58052/IEPRS00E0,Liquid>aqueous,See_FTICR_folder,N/A
N/A,RC2_0082_ICR-1,10.58052/IEPRS00E1,Liquid>aqueous,See_FTICR_folder,N/A
N/A,RC2_0082_ICR-2,10.58052/IEPRS00E1,Liquid>aqueous,See_FTICR_folder,N/A
N/A,RC2_0082_ICR-3,10.58052/IEPRS00E1,Liquid>aqueous,See_FTICR_folder,N/A
N/A,RC2_0083_ICR-1,10.58052/IEPRS00E2,Liquid>aqueous,See_FTICR_folder,N/A
N/A,RC2_0083_ICR-2,10.58052/IEPRS00E2,Liquid>aqueous,See_FTICR_folder,N/A
N/A,RC2_0083_ICR-3,10.58052/IEPRS00E2,Liquid>aqueous,See_FTICR_folder,N/A
N/A,RC2_0084_ICR-1,10.58052/IEPRS00E3,Liquid>aqueous,See_FTICR_folder,N/A
N/A,RC2_0084_ICR-2,10.58052/IEPRS00E3,Liquid>aqueous,See_FTICR_folder,N/A
N/A,RC2_0084_ICR-3,10.58052/IEPRS00E3,Liquid>aqueous,See_FTICR_folder,N/A
N/A,RC2_0085_ICR-1,10.58052/IEPRS00E4,Liquid>aqueous,See_FTICR_folder,N/A
N/A,RC2_0085_ICR-2,10.58052/IEPRS00E4,Liquid>aqueous,See_FTICR_folder,N/A
N/A,RC2_0085_ICR-3,10.58052/IEPRS00E4,Liquid>aqueous,See_FTICR_folder,N/A
N/A,RC2_0086_ICR-1,10.58052/IEPRS00E5,Liquid>aqueous,See_FTICR_folder,N/A
N/A,RC2_0086_ICR-2,10.58052/IEPRS00E5,Liquid>aqueous,See_FTICR_folder,N/A
N/A,RC2_0086_ICR-3,10.58052/IEPRS00E5,Liquid>aqueous,See_FTICR_folder,N/A
N/A,RC2_0087_ICR-1,10.58052/IEPRS00E6,Liquid>aqueous,See_FTICR_folder,N/A
N/A,RC2_0087_ICR-2,10.58052/IEPRS00E6,Liquid>aqueous,See_FTICR_folder,N/A
N/A,RC2_0087_ICR-3,10.58052/IEPRS00E6,Liquid>aqueous,See_FTICR_folder,N/A
N/A,RC2_0088_ICR-1,10.58052/IEPRS00E7,Liquid>aqueous,See_FTICR_folder,N/A
N/A,RC2_0088_ICR-2,10.58052/IEPRS00E7,Liquid>aqueous,See_FTICR_folder,N/A
N/A,RC2_0088_ICR-3,10.58052/IEPRS00E7,Liquid>aqueous,See_FTICR_folder,N/A
N/A,RC2_0089_ICR-1,10.58052/IEPRS00E8,Liquid>aqueous,See_FTICR_folder,N/A
N/A,RC2_0089_ICR-2,10.58052/IEPRS00E8,Liquid>aqueous,See_FTICR_folder,N/A
N/A,RC2_0089_ICR-3,10.58052/IEPRS00E8,Liquid>aqueous,See_FTICR_folder,N/A
N/A,RC2_0090_ICR-1,10.58052/IEPRS00E9,Liquid>aqueous,See_FTICR_folder,N/A
N/A,RC2_0090_ICR-2,10.58052/IEPRS00E9,Liquid>aqueous,See_FTICR_folder,N/A
N/A,RC2_0090_ICR-3,10.58052/IEPRS00E9,Liquid>aqueous,See_FTICR_folder,N/A
N/A,RC2_0091_ICR-1,10.58052/IEPRS00EF,Liquid>aqueous,See_FTICR_folder,N/A
N/A,RC2_0091_ICR-2,10.58052/IEPRS00EF,Liquid>aqueous,See_FTICR_folder,N/A
N/A,RC2_0091_ICR-3,10.58052/IEPRS00EF,Liquid>aqueous,See_FTICR_folder,N/A
N/A,RC2_0092_ICR-1,10.58052/IEPRS00EE,Liquid>aqueous,See_FTICR_folder,N/A
N/A,RC2_0092_ICR-2,10.58052/IEPRS00EE,Liquid>aqueous,See_FTICR_folder,N/A
N/A,RC2_0092_ICR-3,10.58052/IEPRS00EE,Liquid>aqueous,See_FTICR_folder,N/A
N/A,RC2_0093_ICR-1,10.58052/IEPRS00ED,Liquid>aqueous,See_FTICR_folder,N/A
N/A,RC2_0093_ICR-2,10.58052/IEPRS00ED,Liquid>aqueous,See_FTICR_folder,N/A
N/A,RC2_0093_ICR-3,10.58052/IEPRS00ED,Liquid>aqueous,See_FTICR_folder,N/A
N/A,RC2_0094_ICR-1,10.58052/IEPRS00EC,Liquid>aqueous,See_FTICR_folder,N/A
N/A,RC2_0094_ICR-2,10.58052/IEPRS00EC,Liquid>aqueous,See_FTICR_folder,N/A
N/A,RC2_0094_ICR-3,10.58052/IEPRS00EC,Liquid>aqueous,See_FTICR_folder,N/A
N/A,RC2_0095_ICR-1,10.58052/IEPRS00EB,Liquid>aqueous,See_FTICR_folder,N/A
N/A,RC2_0095_ICR-2,10.58052/IEPRS00EB,Liquid>aqueous,See_FTICR_folder,N/A
N/A,RC2_0095_ICR-3,10.58052/IEPRS00EB,Liquid>aqueous,See_FTICR_folder,N/A
N/A,RC2_0096_ICR-1,10.58052/IEPRS00EA,Liquid>aqueous,See_FTICR_folder,N/A
N/A,RC2_0096_ICR-2,10.58052/IEPRS00EA,Liquid>aqueous,See_FTICR_folder,N/A
N/A,RC2_0096_ICR-3,10.58052/IEPRS00EA,Liquid>aqueous,See_FTICR_folder,N/A
N/A,RC2_0097_ICR-1,10.58052/IEPRS00EG,Liquid>aqueous,See_FTICR_folder,N/A
N/A,RC2_0097_ICR-2,10.58052/IEPRS00EG,Liquid>aqueous,See_FTICR_folder,N/A
N/A,RC2_0097_ICR-3,10.58052/IEPRS00EG,Liquid>aqueous,See_FTICR_folder,N/A
N/A,RC2_0098_ICR-1,10.58052/IEPRS00EH,Liquid>aqueous,See_FTICR_folder,N/A
N/A,RC2_0098_ICR-2,10.58052/IEPRS00EH,Liquid>aqueous,See_FTICR_folder,N/A
N/A,RC2_0098_ICR-3,10.58052/IEPRS00EH,Liquid>aqueous,See_FTICR_folder,N/A
N/A,RC2_0099_ICR-1,10.58052/IEPRS00EI,Liquid>aqueous,See_FTICR_folder,N/A
N/A,RC2_0099_ICR-2,10.58052/IEPRS00EI,Liquid>aqueous,See_FTICR_folder,N/A
N/A,RC2_0099_ICR-3,10.58052/IEPRS00EI,Liquid>aqueous,See_FTICR_folder,N/A
N/A,RC2_0100_ICR-1,10.58052/IEPRS00EJ,Liquid>aqueous,See_FTICR_folder,N/A
N/A,RC2_0100_ICR-2,10.58052/IEPRS00EJ,Liquid>aqueous,See_FTICR_folder,N/A
N/A,RC2_0100_ICR-3,10.58052/IEPRS00EJ,Liquid>aqueous,See_FTICR_folder,N/A
N/A,RC2_0101_ICR-1,10.58052/IEPRS00EO,Liquid>aqueous,See_FTICR_folder,N/A
N/A,RC2_0101_ICR-2,10.58052/IEPRS00EO,Liquid>aqueous,See_FTICR_folder,N/A
N/A,RC2_0101_ICR-3,10.58052/IEPRS00EO,Liquid>aqueous,See_FTICR_folder,N/A
N/A,RC2_0103_ICR-1,10.58052/IEPRS00EN,Liquid>aqueous,See_FTICR_folder,N/A
N/A,RC2_0103_ICR-2,10.58052/IEPRS00EN,Liquid>aqueous,See_FTICR_folder,N/A
N/A,RC2_0103_ICR-3,10.58052/IEPRS00EN,Liquid>aqueous,See_FTICR_folder,N/A
N/A,RC2_0104_ICR-1,10.58052/IEPRS00EM,Liquid>aqueous,See_FTICR_folder,N/A
N/A,RC2_0104_ICR-2,10.58052/IEPRS00EM,Liquid>aqueous,See_FTICR_folder,N/A
N/A,RC2_0104_ICR-3,10.58052/IEPRS00EM,Liquid>aqueous,See_FTICR_folder,N/A
N/A,RC2_0105_ICR-1,10.58052/IEPRS00EL,Liquid>aqueous,See_FTICR_folder,N/A
N/A,RC2_0105_ICR-2,10.58052/IEPRS00EL,Liquid>aqueous,See_FTICR_folder,N/A
N/A,RC2_0105_ICR-3,10.58052/IEPRS00EL,Liquid>aqueous,See_FTICR_folder,N/A
N/A,RC2_0106_ICR-1,10.58052/IEPRS00EK,Liquid>aqueous,See_FTICR_folder,N/A
N/A,RC2_0106_ICR-2,10.58052/IEPRS00EK,Liquid>aqueous,See_FTICR_folder,N/A
N/A,RC2_0106_ICR-3,10.58052/IEPRS00EK,Liquid>aqueous,See_FTICR_folder,N/A
N/A,RC2_0107_ICR-1,10.58052/IEPRS00SZ,Liquid>aqueous,See_FTICR_folder,N/A
N/A,RC2_0107_ICR-2,10.58052/IEPRS00SZ,Liquid>aqueous,See_FTICR_folder,N/A
N/A,RC2_0107_ICR-3,10.58052/IEPRS00SZ,Liquid>aqueous,See_FTICR_folder,N/A
N/A,RC2_0108_ICR-1,10.58052/IEPRS00T1,Liquid>aqueous,See_FTICR_folder,N/A
N/A,RC2_0108_ICR-2,10.58052/IEPRS00T1,Liquid>aqueous,See_FTICR_folder,N/A
N/A,RC2_0108_ICR-3,10.58052/IEPRS00T1,Liquid>aqueous,See_FTICR_folder,N/A
N/A,RC2_0109_ICR-1,10.58052/IEPRS00T3,Liquid>aqueous,See_FTICR_folder,N/A
N/A,RC2_0109_ICR-2,10.58052/IEPRS00T3,Liquid>aqueous,See_FTICR_folder,N/A
N/A,RC2_0109_ICR-3,10.58052/IEPRS00T3,Liquid>aqueous,See_FTICR_folder,N/A
N/A,RC2_0110_ICR-1,10.58052/IEPRS00T5,Liquid>aqueous,See_FTICR_folder,N/A
N/A,RC2_0110_ICR-2,10.58052/IEPRS00T5,Liquid>aqueous,See_FTICR_folder,N/A
N/A,RC2_0110_ICR-3,10.58052/IEPRS00T5,Liquid>aqueous,See_FTICR_folder,N/A
N/A,RC2_0111_ICR-1,10.58052/IEPRS00T7,Liquid>aqueous,See_FTICR_folder,N/A
N/A,RC2_0111_ICR-2,10.58052/IEPRS00T7,Liquid>aqueous,See_FTICR_folder,N/A
N/A,RC2_0111_ICR-3,10.58052/IEPRS00T7,Liquid>aqueous,See_FTICR_folder,N/A
N/A,RC2_0112_ICR-1,10.58052/IEPRS00T9,Liquid>aqueous,See_FTICR_folder,N/A
N/A,RC2_0112_ICR-2,10.58052/IEPRS00T9,Liquid>aqueous,See_FTICR_folder,N/A
N/A,RC2_0112_ICR-3,10.58052/IEPRS00T9,Liquid>aqueous,See_FTICR_folder,N/A
N/A,RC2_0113_ICR-1,10.58052/IEPRS00EU,Liquid>aqueous,See_FTICR_folder,N/A
N/A,RC2_0113_ICR-2,10.58052/IEPRS00EU,Liquid>aqueous,See_FTICR_folder,N/A
N/A,RC2_0113_ICR-3,10.58052/IEPRS00EU,Liquid>aqueous,See_FTICR_folder,N/A
N/A,RC2_0114_ICR-1,10.58052/IEPRS00ET,Liquid>aqueous,See_FTICR_folder,N/A
N/A,RC2_0114_ICR-2,10.58052/IEPRS00ET,Liquid>aqueous,See_FTICR_folder,N/A
N/A,RC2_0114_ICR-3,10.58052/IEPRS00ET,Liquid>aqueous,See_FTICR_folder,N/A
N/A,RC2_0115_ICR-1,10.58052/IEPRS00ES,Liquid>aqueous,See_FTICR_folder,N/A
N/A,RC2_0115_ICR-2,10.58052/IEPRS00ES,Liquid>aqueous,See_FTICR_folder,N/A
N/A,RC2_0115_ICR-3,10.58052/IEPRS00ES,Liquid>aqueous,See_FTICR_folder,N/A
N/A,RC2_0116_ICR-1,10.58052/IEPRS00ER,Liquid>aqueous,See_FTICR_folder,N/A
N/A,RC2_0116_ICR-2,10.58052/IEPRS00ER,Liquid>aqueous,See_FTICR_folder,N/A
N/A,RC2_0116_ICR-3,10.58052/IEPRS00ER,Liquid>aqueous,See_FTICR_folder,N/A
N/A,RC2_0117_ICR-1,10.58052/IEPRS00EQ,Liquid>aqueous,See_FTICR_folder,N/A
N/A,RC2_0117_ICR-2,10.58052/IEPRS00EQ,Liquid>aqueous,See_FTICR_folder,N/A
N/A,RC2_0117_ICR-3,10.58052/IEPRS00EQ,Liquid>aqueous,See_FTICR_folder,N/A
N/A,RC2_0118_ICR-1,10.58052/IEPRS00EP,Liquid>aqueous,See_FTICR_folder,N/A
N/A,RC2_0118_ICR-2,10.58052/IEPRS00EP,Liquid>aqueous,See_FTICR_folder,N/A
N/A,RC2_0118_ICR-3,10.58052/IEPRS00EP,Liquid>aqueous,See_FTICR_folder,N/A
N/A,RC2_0119_ICR-1,10.58052/IEPRS00FB,Liquid>aqueous,See_FTICR_folder,N/A
N/A,RC2_0119_ICR-2,10.58052/IEPRS00FB,Liquid>aqueous,See_FTICR_folder,N/A
N/A,RC2_0119_ICR-3,10.58052/IEPRS00FB,Liquid>aqueous,See_FTICR_folder,N/A
N/A,RC2_0120_ICR-1,10.58052/IEPRS00FA,Liquid>aqueous,See_FTICR_folder,N/A
N/A,RC2_0120_ICR-2,10.58052/IEPRS00FA,Liquid>aqueous,See_FTICR_folder,N/A
N/A,RC2_0120_ICR-3,10.58052/IEPRS00FA,Liquid>aqueous,See_FTICR_folder,N/A
N/A,RC2_0121_ICR-1,10.58052/IEPRS00F9,Liquid>aqueous,See_FTICR_folder,N/A
N/A,RC2_0121_ICR-2,10.58052/IEPRS00F9,Liquid>aqueous,See_FTICR_folder,N/A
N/A,RC2_0121_ICR-3,10.58052/IEPRS00F9,Liquid>aqueous,See_FTICR_folder,N/A
N/A,RC2_0122_ICR-1,10.58052/IEPRS00F8,Liquid>aqueous,See_FTICR_folder,N/A
N/A,RC2_0122_ICR-2,10.58052/IEPRS00F8,Liquid>aqueous,See_FTICR_folder,N/A
N/A,RC2_0122_ICR-3,10.58052/IEPRS00F8,Liquid>aqueous,See_FTICR_folder,N/A
N/A,RC2_0123_ICR-1,10.58052/IEPRS00FC,Liquid>aqueous,See_FTICR_folder,N/A
N/A,RC2_0123_ICR-2,10.58052/IEPRS00FC,Liquid>aqueous,See_FTICR_folder,N/A
N/A,RC2_0123_ICR-3,10.58052/IEPRS00FC,Liquid>aqueous,See_FTICR_folder,N/A
N/A,RC2_0124_ICR-1,10.58052/IEPRS00F7,Liquid>aqueous,See_FTICR_folder,N/A
N/A,RC2_0124_ICR-2,10.58052/IEPRS00F7,Liquid>aqueous,See_FTICR_folder,N/A
N/A,RC2_0124_ICR-3,10.58052/IEPRS00F7,Liquid>aqueous,See_FTICR_folder,N/A
N/A,RC2_0125_ICR-1,10.58052/IEPRS00F0,Liquid>aqueous,See_FTICR_folder,N/A
N/A,RC2_0125_ICR-2,10.58052/IEPRS00F0,Liquid>aqueous,See_FTICR_folder,N/A
N/A,RC2_0125_ICR-3,10.58052/IEPRS00F0,Liquid>aqueous,See_FTICR_folder,N/A
N/A,RC2_0126_ICR-1,10.58052/IEPRS00EZ,Liquid>aqueous,See_FTICR_folder,N/A
N/A,RC2_0126_ICR-2,10.58052/IEPRS00EZ,Liquid>aqueous,See_FTICR_folder,N/A
N/A,RC2_0126_ICR-3,10.58052/IEPRS00EZ,Liquid>aqueous,See_FTICR_folder,N/A
N/A,RC2_0127_ICR-1,10.58052/IEPRS00EY,Liquid>aqueous,See_FTICR_folder,N/A
N/A,RC2_0127_ICR-2,10.58052/IEPRS00EY,Liquid>aqueous,See_FTICR_folder,N/A
N/A,RC2_0127_ICR-3,10.58052/IEPRS00EY,Liquid>aqueous,See_FTICR_folder,N/A
N/A,RC2_0128_ICR-1,10.58052/IEPRS00EX,Liquid>aqueous,See_FTICR_folder,N/A
N/A,RC2_0128_ICR-2,10.58052/IEPRS00EX,Liquid>aqueous,See_FTICR_folder,N/A
N/A,RC2_0128_ICR-3,10.58052/IEPRS00EX,Liquid>aqueous,See_FTICR_folder,N/A
N/A,RC2_0129_ICR-1,10.58052/IEPRS00EW,Liquid>aqueous,See_FTICR_folder,N/A
N/A,RC2_0129_ICR-2,10.58052/IEPRS00EW,Liquid>aqueous,See_FTICR_folder,N/A
N/A,RC2_0129_ICR-3,10.58052/IEPRS00EW,Liquid>aqueous,See_FTICR_folder,N/A
N/A,RC2_0130_ICR-1,10.58052/IEPRS00EV,Liquid>aqueous,See_FTICR_folder,N/A
N/A,RC2_0130_ICR-2,10.58052/IEPRS00EV,Liquid>aqueous,See_FTICR_folder,N/A
N/A,RC2_0130_ICR-3,10.58052/IEPRS00EV,Liquid>aqueous,See_FTICR_folder,N/A
N/A,RC2_0131_ICR-1,10.58052/IEPRS00F6,Liquid>aqueous,See_FTICR_folder,N/A
N/A,RC2_0131_ICR-2,10.58052/IEPRS00F6,Liquid>aqueous,See_FTICR_folder,N/A
N/A,RC2_0131_ICR-3,10.58052/IEPRS00F6,Liquid>aqueous,See_FTICR_folder,N/A
N/A,RC2_0132_ICR-1,10.58052/IEPRS00F5,Liquid>aqueous,See_FTICR_folder,N/A
N/A,RC2_0132_ICR-2,10.58052/IEPRS00F5,Liquid>aqueous,See_FTICR_folder,N/A
N/A,RC2_0132_ICR-3,10.58052/IEPRS00F5,Liquid>aqueous,See_FTICR_folder,N/A
N/A,RC2_0133_ICR-1,10.58052/IEPRS00F4,Liquid>aqueous,See_FTICR_folder,N/A
N/A,RC2_0133_ICR-2,10.58052/IEPRS00F4,Liquid>aqueous,See_FTICR_folder,N/A
N/A,RC2_0133_ICR-3,10.58052/IEPRS00F4,Liquid>aqueous,See_FTICR_folder,N/A
N/A,RC2_0134_ICR-1,10.58052/IEPRS00F3,Liquid>aqueous,See_FTICR_folder,N/A
N/A,RC2_0134_ICR-2,10.58052/IEPRS00F3,Liquid>aqueous,See_FTICR_folder,N/A
N/A,RC2_0134_ICR-3,10.58052/IEPRS00F3,Liquid>aqueous,See_FTICR_folder,N/A
N/A,RC2_0135_ICR-1,10.58052/IEPRS00F2,Liquid>aqueous,See_FTICR_folder,N/A
N/A,RC2_0135_ICR-2,10.58052/IEPRS00F2,Liquid>aqueous,See_FTICR_folder,N/A
N/A,RC2_0135_ICR-3,10.58052/IEPRS00F2,Liquid>aqueous,See_FTICR_folder,N/A
N/A,RC2_0136_ICR-1,10.58052/IEPRS00F1,Liquid>aqueous,See_FTICR_folder,N/A
N/A,RC2_0136_ICR-2,10.58052/IEPRS00F1,Liquid>aqueous,See_FTICR_folder,N/A
N/A,RC2_0136_ICR-3,10.58052/IEPRS00F1,Liquid>aqueous,See_FTICR_folder,N/A
N/A,RC2_0137_ICR-1,10.58052/IEPRS00FI,Liquid>aqueous,See_FTICR_folder,N/A
N/A,RC2_0137_ICR-2,10.58052/IEPRS00FI,Liquid>aqueous,See_FTICR_folder,N/A
N/A,RC2_0137_ICR-3,10.58052/IEPRS00FI,Liquid>aqueous,See_FTICR_folder,N/A
N/A,RC2_0138_ICR-1,10.58052/IEPRS00FH,Liquid>aqueous,See_FTICR_folder,N/A
N/A,RC2_0138_ICR-2,10.58052/IEPRS00FH,Liquid>aqueous,See_FTICR_folder,N/A
N/A,RC2_0138_ICR-3,10.58052/IEPRS00FH,Liquid>aqueous,See_FTICR_folder,N/A
N/A,RC2_0139_ICR-1,10.58052/IEPRS00FG,Liquid>aqueous,See_FTICR_folder,N/A
N/A,RC2_0139_ICR-2,10.58052/IEPRS00FG,Liquid>aqueous,See_FTICR_folder,N/A
N/A,RC2_0139_ICR-3,10.58052/IEPRS00FG,Liquid>aqueous,See_FTICR_folder,N/A
N/A,RC2_0140_ICR-1,10.58052/IEPRS00FF,Liquid>aqueous,See_FTICR_folder,N/A
N/A,RC2_0140_ICR-2,10.58052/IEPRS00FF,Liquid>aqueous,See_FTICR_folder,N/A
N/A,RC2_0140_ICR-3,10.58052/IEPRS00FF,Liquid>aqueous,See_FTICR_folder,N/A
N/A,RC2_0141_ICR-1,10.58052/IEPRS00FE,Liquid>aqueous,See_FTICR_folder,N/A
N/A,RC2_0141_ICR-2,10.58052/IEPRS00FE,Liquid>aqueous,See_FTICR_folder,N/A
N/A,RC2_0141_ICR-3,10.58052/IEPRS00FE,Liquid>aqueous,See_FTICR_folder,N/A
N/A,RC2_0142_ICR-1,10.58052/IEPRS00FD,Liquid>aqueous,See_FTICR_folder,N/A
N/A,RC2_0142_ICR-2,10.58052/IEPRS00FD,Liquid>aqueous,See_FTICR_folder,N/A
N/A,RC2_0142_ICR-3,10.58052/IEPRS00FD,Liquid>aqueous,See_FTICR_folder,N/A
N/A,RC2_0143_ICR-1,10.58052/IEPRS00FO,Liquid>aqueous,See_FTICR_folder,N/A
N/A,RC2_0143_ICR-2,10.58052/IEPRS00FO,Liquid>aqueous,See_FTICR_folder,N/A
N/A,RC2_0143_ICR-3,10.58052/IEPRS00FO,Liquid>aqueous,See_FTICR_folder,N/A
N/A,RC2_0144_ICR-1,10.58052/IEPRS00FN,Liquid>aqueous,See_FTICR_folder,N/A
N/A,RC2_0144_ICR-2,10.58052/IEPRS00FN,Liquid>aqueous,See_FTICR_folder,N/A
N/A,RC2_0144_ICR-3,10.58052/IEPRS00FN,Liquid>aqueous,See_FTICR_folder,N/A
N/A,RC2_0145_ICR-1,10.58052/IEPRS00FM,Liquid>aqueous,See_FTICR_folder,N/A
N/A,RC2_0145_ICR-2,10.58052/IEPRS00FM,Liquid>aqueous,See_FTICR_folder,N/A
N/A,RC2_0145_ICR-3,10.58052/IEPRS00FM,Liquid>aqueous,See_FTICR_folder,N/A
N/A,RC2_0146_ICR-1,10.58052/IEPRS00FL,Liquid>aqueous,See_FTICR_folder,N/A
N/A,RC2_0146_ICR-2,10.58052/IEPRS00FL,Liquid>aqueous,See_FTICR_folder,N/A
N/A,RC2_0146_ICR-3,10.58052/IEPRS00FL,Liquid>aqueous,See_FTICR_folder,N/A
N/A,RC2_0147_ICR-1,10.58052/IEPRS00FK,Liquid>aqueous,See_FTICR_folder,N/A
N/A,RC2_0147_ICR-2,10.58052/IEPRS00FK,Liquid>aqueous,See_FTICR_folder,N/A
N/A,RC2_0147_ICR-3,10.58052/IEPRS00FK,Liquid>aqueous,See_FTICR_folder,N/A
N/A,RC2_0148_ICR-1,10.58052/IEPRS00FJ,Liquid>aqueous,See_FTICR_folder,N/A
N/A,RC2_0148_ICR-2,10.58052/IEPRS00FJ,Liquid>aqueous,See_FTICR_folder,N/A
N/A,RC2_0148_ICR-3,10.58052/IEPRS00FJ,Liquid>aqueous,See_FTICR_folder,N/A
N/A,RC2_0149_ICR-1,10.58052/IEPRS00FS,Liquid>aqueous,See_FTICR_folder,N/A
N/A,RC2_0149_ICR-2,10.58052/IEPRS00FS,Liquid>aqueous,See_FTICR_folder,N/A
N/A,RC2_0149_ICR-3,10.58052/IEPRS00FS,Liquid>aqueous,See_FTICR_folder,N/A
N/A,RC2_0150_ICR-1,10.58052/IEPRS00FU,Liquid>aqueous,See_FTICR_folder,N/A
N/A,RC2_0150_ICR-2,10.58052/IEPRS00FU,Liquid>aqueous,See_FTICR_folder,N/A
N/A,RC2_0150_ICR-3,10.58052/IEPRS00FU,Liquid>aqueous,See_FTICR_folder,N/A
N/A,RC2_0151_ICR-1,10.58052/IEPRS00FT,Liquid>aqueous,See_FTICR_folder,N/A
N/A,RC2_0151_ICR-2,10.58052/IEPRS00FT,Liquid>aqueous,See_FTICR_folder,N/A
N/A,RC2_0151_ICR-3,10.58052/IEPRS00FT,Liquid>aqueous,See_FTICR_folder,N/A
N/A,RC2_0152_ICR-1,10.58052/IEPRS00FR,Liquid>aqueous,See_FTICR_folder,N/A
N/A,RC2_0152_ICR-2,10.58052/IEPRS00FR,Liquid>aqueous,See_FTICR_folder,N/A
N/A,RC2_0152_ICR-3,10.58052/IEPRS00FR,Liquid>aqueous,See_FTICR_folder,N/A
N/A,RC2_0153_ICR-1,10.58052/IEPRS00FP,Liquid>aqueous,See_FTICR_folder,N/A
N/A,RC2_0153_ICR-2,10.58052/IEPRS00FP,Liquid>aqueous,See_FTICR_folder,N/A
N/A,RC2_0153_ICR-3,10.58052/IEPRS00FP,Liquid>aqueous,See_FTICR_folder,N/A
N/A,RC2_0154_ICR-1,10.58052/IEPRS00FQ,Liquid>aqueous,See_FTICR_folder,N/A
N/A,RC2_0154_ICR-2,10.58052/IEPRS00FQ,Liquid>aqueous,See_FTICR_folder,N/A
N/A,RC2_0154_ICR-3,10.58052/IEPRS00FQ,Liquid>aqueous,See_FTICR_folder,N/A
N/A,RC2_0155_ICR-1,10.58052/IEPRS00G0,Liquid>aqueous,See_FTICR_folder,N/A
N/A,RC2_0155_ICR-2,10.58052/IEPRS00G0,Liquid>aqueous,See_FTICR_folder,N/A
N/A,RC2_0155_ICR-3,10.58052/IEPRS00G0,Liquid>aqueous,See_FTICR_folder,N/A
N/A,RC2_0156_ICR-1,10.58052/IEPRS00FZ,Liquid>aqueous,See_FTICR_folder,N/A
N/A,RC2_0156_ICR-2,10.58052/IEPRS00FZ,Liquid>aqueous,See_FTICR_folder,N/A
N/A,RC2_0156_ICR-3,10.58052/IEPRS00FZ,Liquid>aqueous,See_FTICR_folder,N/A
N/A,RC2_0157_ICR-1,10.58052/IEPRS00FY,Liquid>aqueous,See_FTICR_folder,N/A
N/A,RC2_0157_ICR-2,10.58052/IEPRS00FY,Liquid>aqueous,See_FTICR_folder,N/A
N/A,RC2_0157_ICR-3,10.58052/IEPRS00FY,Liquid>aqueous,See_FTICR_folder,N/A
N/A,RC2_0158_ICR-1,10.58052/IEPRS00FX,Liquid>aqueous,See_FTICR_folder,N/A
N/A,RC2_0158_ICR-2,10.58052/IEPRS00FX,Liquid>aqueous,See_FTICR_folder,N/A
N/A,RC2_0158_ICR-3,10.58052/IEPRS00FX,Liquid>aqueous,See_FTICR_folder,N/A
N/A,RC2_0159_ICR-1,10.58052/IEPRS00FW,Liquid>aqueous,See_FTICR_folder,N/A
N/A,RC2_0159_ICR-2,10.58052/IEPRS00FW,Liquid>aqueous,See_FTICR_folder,N/A
N/A,RC2_0159_ICR-3,10.58052/IEPRS00FW,Liquid>aqueous,See_FTICR_folder,N/A
N/A,RC2_0160_ICR-1,10.58052/IEPRS00FV,Liquid>aqueous,See_FTICR_folder,N/A
N/A,RC2_0160_ICR-2,10.58052/IEPRS00FV,Liquid>aqueous,See_FTICR_folder,N/A
N/A,RC2_0160_ICR-3,10.58052/IEPRS00FV,Liquid>aqueous,See_FTICR_folder,N/A
N/A,RC2_0163_ICR-1,10.58052/IEPRS00G1,Liquid>aqueous,See_FTICR_folder,N/A
N/A,RC2_0163_ICR-2,10.58052/IEPRS00G1,Liquid>aqueous,See_FTICR_folder,N/A
N/A,RC2_0163_ICR-3,10.58052/IEPRS00G1,Liquid>aqueous,See_FTICR_folder,N/A
N/A,RC2_0164_ICR-1,10.58052/IEPRS00G2,Liquid>aqueous,See_FTICR_folder,N/A
N/A,RC2_0164_ICR-2,10.58052/IEPRS00G2,Liquid>aqueous,See_FTICR_folder,N/A
N/A,RC2_0164_ICR-3,10.58052/IEPRS00G2,Liquid>aqueous,See_FTICR_folder,N/A
N/A,RC2_0165_ICR-1,10.58052/IEPRS00G3,Liquid>aqueous,See_FTICR_folder,N/A
N/A,RC2_0165_ICR-2,10.58052/IEPRS00G3,Liquid>aqueous,See_FTICR_folder,N/A
N/A,RC2_0165_ICR-3,10.58052/IEPRS00G3,Liquid>aqueous,See_FTICR_folder,N/A
N/A,RC2_0166_ICR-1,10.58052/IEPRS00G4,Liquid>aqueous,See_FTICR_folder,N/A
N/A,RC2_0166_ICR-2,10.58052/IEPRS00G4,Liquid>aqueous,See_FTICR_folder,N/A
N/A,RC2_0166_ICR-3,10.58052/IEPRS00G4,Liquid>aqueous,See_FTICR_folder,N/A
N/A,RC2_0167_ICR-1,10.58052/IEPRS00G5,Liquid>aqueous,See_FTICR_folder,N/A
N/A,RC2_0167_ICR-2,10.58052/IEPRS00G5,Liquid>aqueous,See_FTICR_folder,N/A
N/A,RC2_0167_ICR-3,10.58052/IEPRS00G5,Liquid>aqueous,See_FTICR_folder,N/A
N/A,RC2_0177_ICR-1,10.58052/IEPRS00G6,Liquid>aqueous,See_FTICR_folder,N/A
N/A,RC2_0177_ICR-2,10.58052/IEPRS00G6,Liquid>aqueous,See_FTICR_folder,N/A
N/A,RC2_0177_ICR-3,10.58052/IEPRS00G6,Liquid>aqueous,See_FTICR_folder,N/A
N/A,RC2_0178_ICR-1,10.58052/IEPRS00G7,Liquid>aqueous,See_FTICR_folder,N/A
N/A,RC2_0178_ICR-2,10.58052/IEPRS00G7,Liquid>aqueous,See_FTICR_folder,N/A
N/A,RC2_0178_ICR-3,10.58052/IEPRS00G7,Liquid>aqueous,See_FTICR_folder,N/A
N/A,RC2_0179_ICR-1,10.58052/IEPRS00GA,Liquid>aqueous,See_FTICR_folder,N/A
N/A,RC2_0179_ICR-2,10.58052/IEPRS00GA,Liquid>aqueous,See_FTICR_folder,N/A
N/A,RC2_0179_ICR-3,10.58052/IEPRS00GA,Liquid>aqueous,See_FTICR_folder,N/A
N/A,RC2_0183_ICR-1,10.58052/IEPRS00G9,Liquid>aqueous,See_FTICR_folder,N/A
N/A,RC2_0183_ICR-2,10.58052/IEPRS00G9,Liquid>aqueous,See_FTICR_folder,N/A
N/A,RC2_0183_ICR-3,10.58052/IEPRS00G9,Liquid>aqueous,See_FTICR_folder,N/A
N/A,RC2_0184_ICR-1,10.58052/IEPRS00G8,Liquid>aqueous,See_FTICR_folder,N/A
N/A,RC2_0184_ICR-2,10.58052/IEPRS00G8,Liquid>aqueous,See_FTICR_folder,N/A
N/A,RC2_0184_ICR-3,10.58052/IEPRS00G8,Liquid>aqueous,See_FTICR_folder,N/A
N/A,RC2_0187_ICR-1,10.58052/IEPRS00GB,Liquid>aqueous,See_FTICR_folder,N/A
N/A,RC2_0187_ICR-2,10.58052/IEPRS00GB,Liquid>aqueous,See_FTICR_folder,N/A
N/A,RC2_0187_ICR-3,10.58052/IEPRS00GB,Liquid>aqueous,See_FTICR_folder,N/A
N/A,RC2_0188_ICR-1,10.58052/IEPRS00GC,Liquid>aqueous,See_FTICR_folder,N/A
N/A,RC2_0188_ICR-2,10.58052/IEPRS00GC,Liquid>aqueous,See_FTICR_folder,N/A
N/A,RC2_0188_ICR-3,10.58052/IEPRS00GC,Liquid>aqueous,See_FTICR_folder,N/A
N/A,RC2_0189_ICR-1,10.58052/IEPRS00GD,Liquid>aqueous,See_FTICR_folder,N/A
N/A,RC2_0189_ICR-2,10.58052/IEPRS00GD,Liquid>aqueous,See_FTICR_folder,N/A
N/A,RC2_0189_ICR-3,10.58052/IEPRS00GD,Liquid>aqueous,See_FTICR_folder,N/A
N/A,RC2_0190_ICR-1,10.58052/IEPRS00GE,Liquid>aqueous,See_FTICR_folder,N/A
N/A,RC2_0190_ICR-2,10.58052/IEPRS00GE,Liquid>aqueous,See_FTICR_folder,N/A
N/A,RC2_0190_ICR-3,10.58052/IEPRS00GE,Liquid>aqueous,See_FTICR_folder,N/A
N/A,RC2_0191_ICR-1,10.58052/IEPRS00GF,Liquid>aqueous,See_FTICR_folder,N/A
N/A,RC2_0191_ICR-2,10.58052/IEPRS00GF,Liquid>aqueous,See_FTICR_folder,N/A
N/A,RC2_0191_ICR-3,10.58052/IEPRS00GF,Liquid>aqueous,See_FTICR_folder,N/A
N/A,RC2_0192_ICR-1,10.58052/IEPRS00GG,Liquid>aqueous,See_FTICR_folder,N/A
N/A,RC2_0192_ICR-2,10.58052/IEPRS00GG,Liquid>aqueous,See_FTICR_folder,N/A
N/A,RC2_0192_ICR-3,10.58052/IEPRS00GG,Liquid>aqueous,See_FTICR_folder,N/A
N/A,RC2_0193_ICR-1,10.58052/IEPRS00GH,Liquid>aqueous,See_FTICR_folder,N/A
N/A,RC2_0193_ICR-2,10.58052/IEPRS00GH,Liquid>aqueous,See_FTICR_folder,N/A
N/A,RC2_0193_ICR-3,10.58052/IEPRS00GH,Liquid>aqueous,See_FTICR_folder,N/A
N/A,RC2_0194_ICR-1,10.58052/IEPRS00GI,Liquid>aqueous,See_FTICR_folder,N/A
N/A,RC2_0194_ICR-2,10.58052/IEPRS00GI,Liquid>aqueous,See_FTICR_folder,N/A
N/A,RC2_0194_ICR-3,10.58052/IEPRS00GI,Liquid>aqueous,See_FTICR_folder,N/A
N/A,RC2_0195_ICR-1,10.58052/IEPRS00L9,Liquid>aqueous,See_FTICR_folder,N/A
N/A,RC2_0195_ICR-2,10.58052/IEPRS00L9,Liquid>aqueous,See_FTICR_folder,N/A
N/A,RC2_0195_ICR-3,10.58052/IEPRS00L9,Liquid>aqueous,See_FTICR_folder,N/A
N/A,RC2_0196_ICR-1,10.58052/IEPRS00LA,Liquid>aqueous,See_FTICR_folder,N/A
N/A,RC2_0196_ICR-2,10.58052/IEPRS00LA,Liquid>aqueous,See_FTICR_folder,N/A
N/A,RC2_0196_ICR-3,10.58052/IEPRS00LA,Liquid>aqueous,See_FTICR_folder,N/A
N/A,RC2_0197_ICR-1,10.58052/IEPRS00LB,Liquid>aqueous,See_FTICR_folder,N/A
N/A,RC2_0197_ICR-2,10.58052/IEPRS00LB,Liquid>aqueous,See_FTICR_folder,N/A
N/A,RC2_0197_ICR-3,10.58052/IEPRS00LB,Liquid>aqueous,See_FTICR_folder,N/A
N/A,RC2_0198_ICR-1,10.58052/IEPRS00LC,Liquid>aqueous,See_FTICR_folder,N/A
N/A,RC2_0198_ICR-2,10.58052/IEPRS00LC,Liquid>aqueous,See_FTICR_folder,N/A
N/A,RC2_0198_ICR-3,10.58052/IEPRS00LC,Liquid>aqueous,See_FTICR_folder,N/A
N/A,RC2_0199_ICR-1,10.58052/IEPRS00LD,Liquid>aqueous,See_FTICR_folder,N/A
N/A,RC2_0199_ICR-2,10.58052/IEPRS00LD,Liquid>aqueous,See_FTICR_folder,N/A
N/A,RC2_0199_ICR-3,10.58052/IEPRS00LD,Liquid>aqueous,See_FTICR_folder,N/A
N/A,RC2_0200_ICR-1,10.58052/IEPRS00LE,Liquid>aqueous,See_FTICR_folder,N/A
N/A,RC2_0200_ICR-2,10.58052/IEPRS00LE,Liquid>aqueous,See_FTICR_folder,N/A
N/A,RC2_0200_ICR-3,10.58052/IEPRS00LE,Liquid>aqueous,See_FTICR_folder,N/A
N/A,RC2_0201_ICR-1,10.58052/IEPRS00LF,Liquid>aqueous,See_FTICR_folder,N/A
N/A,RC2_0201_ICR-2,10.58052/IEPRS00LF,Liquid>aqueous,See_FTICR_folder,N/A
N/A,RC2_0201_ICR-3,10.58052/IEPRS00LF,Liquid>aqueous,See_FTICR_folder,N/A
N/A,RC2_0202_ICR-1,10.58052/IEPRS00LG,Liquid>aqueous,See_FTICR_folder,N/A
N/A,RC2_0202_ICR-2,10.58052/IEPRS00LG,Liquid>aqueous,See_FTICR_folder,N/A
N/A,RC2_0202_ICR-3,10.58052/IEPRS00LG,Liquid>aqueous,See_FTICR_folder,N/A
N/A,RC2_0203_ICR-1,10.58052/IEPRS00LH,Liquid>aqueous,See_FTICR_folder,N/A
N/A,RC2_0203_ICR-2,10.58052/IEPRS00LH,Liquid>aqueous,See_FTICR_folder,N/A
N/A,RC2_0203_ICR-3,10.58052/IEPRS00LH,Liquid>aqueous,See_FTICR_folder,N/A
N/A,RC2_0204_ICR-1,10.58052/IEPRS00LI,Liquid>aqueous,See_FTICR_folder,N/A
N/A,RC2_0204_ICR-2,10.58052/IEPRS00LI,Liquid>aqueous,See_FTICR_folder,N/A
N/A,RC2_0204_ICR-3,10.58052/IEPRS00LI,Liquid>aqueous,See_FTICR_folder,N/A
N/A,RC2_0205_ICR-1,10.58052/IEPRS00LJ,Liquid>aqueous,See_FTICR_folder,N/A
N/A,RC2_0205_ICR-2,10.58052/IEPRS00LJ,Liquid>aqueous,See_FTICR_folder,N/A
N/A,RC2_0205_ICR-3,10.58052/IEPRS00LJ,Liquid>aqueous,See_FTICR_folder,N/A
N/A,RC2_0206_ICR-1,10.58052/IEPRS00LK,Liquid>aqueous,See_FTICR_folder,N/A
N/A,RC2_0206_ICR-2,10.58052/IEPRS00LK,Liquid>aqueous,See_FTICR_folder,N/A
N/A,RC2_0206_ICR-3,10.58052/IEPRS00LK,Liquid>aqueous,See_FTICR_folder,N/A
N/A,RC2_0207_ICR-1,10.58052/IEPRS00LL,Liquid>aqueous,See_FTICR_folder,N/A
N/A,RC2_0207_ICR-2,10.58052/IEPRS00LL,Liquid>aqueous,See_FTICR_folder,N/A
N/A,RC2_0207_ICR-3,10.58052/IEPRS00LL,Liquid>aqueous,See_FTICR_folder,N/A
N/A,RC2_0208_ICR-1,10.58052/IEPRS00LM,Liquid>aqueous,See_FTICR_folder,N/A
N/A,RC2_0208_ICR-2,10.58052/IEPRS00LM,Liquid>aqueous,See_FTICR_folder,N/A
N/A,RC2_0208_ICR-3,10.58052/IEPRS00LM,Liquid>aqueous,See_FTICR_folder,N/A
N/A,RC2_0209_ICR-1,10.58052/IEPRS00LN,Liquid>aqueous,See_FTICR_folder,N/A
N/A,RC2_0209_ICR-2,10.58052/IEPRS00LN,Liquid>aqueous,See_FTICR_folder,N/A
N/A,RC2_0209_ICR-3,10.58052/IEPRS00LN,Liquid>aqueous,See_FTICR_folder,N/A
N/A,RC2_0210_ICR-1,10.58052/IEPRS00LO,Liquid>aqueous,See_FTICR_folder,N/A
N/A,RC2_0210_ICR-2,10.58052/IEPRS00LO,Liquid>aqueous,See_FTICR_folder,N/A
N/A,RC2_0210_ICR-3,10.58052/IEPRS00LO,Liquid>aqueous,See_FTICR_folder,N/A
N/A,RC2_0211_ICR-1,10.58052/IEPRS00LP,Liquid>aqueous,See_FTICR_folder,N/A
N/A,RC2_0211_ICR-2,10.58052/IEPRS00LP,Liquid>aqueous,See_FTICR_folder,N/A
N/A,RC2_0211_ICR-3,10.58052/IEPRS00LP,Liquid>aqueous,See_FTICR_folder,N/A
#End_Data,,,,,
