#Columns,13,,,,,,,,,,,,
#Header_Rows,12,,,,,,,,,,,,
Field_Name,Sample_Name,IGSN,Material,Mean_00691_DIC_mg_per_L_as_C,Mean_00940_Cl_mg_per_L,Mean_71851_NO3_mg_per_L_as_NO3,Mean_71856_NO2_mg_per_L_as_NO2,Mean_00653_PO4_mg_per_L_as_PO4,Mean_00945_SO4_mg_per_L_as_SO4,Mean_00681_NPOC_mg_per_L_as_C,Mean_00602_TN_mg_per_L_as_N,00530_TSS_mg_per_L,Mean_Missing_Reps
Unit,N/A,N/A,N/A,milligrams_per_liter,milligrams_per_liter,milligrams_per_liter,milligrams_per_liter,milligrams_per_liter,milligrams_per_liter,milligrams_per_liter,milligrams_per_liter,milligrams_per_liter,N/A
Unit_Basis,N/A,N/A,N/A,as_Carbon,as_Chloride,as_Nitrate,as_Nitrite,as_Phosphate,as_Sulfate,as_dissolvable_Carbon,as_dissolvable_Nitrogen,as_mg_solids_per_L_water,N/A
MethodID_Analysis,N/A,N/A,N/A,DIC_T_AN_001,ION_T_AN_001,ION_T_AN_001,ION_T_AN_001,ION_T_AN_001,ION_T_AN_001,NPOC_T_AN_000,TN_T_AN_000,TSS_T_AN_000,N/A
MethodID_Inspection,N/A,N/A,N/A,DIC_T_IN_001,ION_T_IN_001,ION_T_IN_001,ION_T_IN_001,ION_T_IN_001,ION_T_IN_001,NPOC_T_IN_000,TN_T_IN_000,TSS_T_IN_000,N/A
MethodID_Storage,N/A,N/A,N/A,DIC_T_ST_001,ION_T_ST_001,ION_T_ST_001,ION_T_ST_001,ION_T_ST_001,ION_T_ST_001,NPOC_T_ST_000,TN_T_ST_000,TSS_T_ST_000,N/A
MethodID_Preservation,N/A,N/A,N/A,DIC_T_PRES_001,ION_T_PRES_001,ION_T_PRES_001,ION_T_PRES_001,ION_T_PRES_001,ION_T_PRES_001,NPOC_T_PRES_000,TN_T_PRES_000,TSS_T_PRES_000,N/A
MethodID_Preparation,N/A,N/A,N/A,DIC_T_PREP_001,ION_T_PREP_001,ION_T_PREP_001,ION_T_PREP_001,ION_T_PREP_001,ION_T_PREP_001,NPOC_T_PREP_000,TN_T_PREP_000,TSS_T_PREP_000,N/A
MethodID_DataProcessing,N/A,N/A,N/A,DIC_T_DP_001,ION_T_DP_001,ION_T_DP_001,ION_T_DP_001,ION_T_DP_001,ION_T_DP_001,NPOC_T_DP_000,TN_T_DP_000,TSS_T_DP_000,N/A
Analysis_DetectionLimit,-9999,-9999,-9999,0.13-0.19,0.44,0.13,0.01,-9999,0.004-0.04,0.08-0.09,0.06-0.07,1,N/A
Analysis_Precision,-9999,-9999,-9999,-9999,-9999,-9999,-9999,-9999,-9999,-9999,-9999,-9999,N/A
Data_Status,N/A,N/A,N/A,ready_to_use,ready_to_use,ready_to_use,ready_to_use,ready_to_use,ready_to_use,ready_to_use,ready_to_use,ready_to_use,N/A
#Start_Data,RC2_0001_Water,10.58052/IEPRS00CY,Liquid>aqueous,-9999,0.817,0.993,-9999,-9999,2.243,1,0.223,61,TRUE
N/A,RC2_0002_Water,10.58052/IEPRS00CZ,Liquid>aqueous,-9999,-9999,-9999,-9999,-9999,-9999,2.487,0.193,20,TRUE
N/A,RC2_0003_Water,10.58052/IEPRS00D0,Liquid>aqueous,-9999,1.34,0.217,-9999,-9999,2.273,1.85,-9999,21,TRUE
N/A,RC2_0004_Water,10.58052/IEPRS00D1,Liquid>aqueous,-9999,2.133,0.573,-9999,-9999,2.267,1.853,0.203,21.3,TRUE
N/A,RC2_0005_Water,10.58052/IEPRS00D2,Liquid>aqueous,-9999,2.807,1.283,-9999,-9999,3.35,2.103,0.427,-9999,TRUE
N/A,RC2_0006_Water,10.58052/IEPRS00D3,Liquid>aqueous,-9999,2.987,1.507,-9999,-9999,3.72,2.157,0.477,81.2,TRUE
N/A,RC2_0007_Water,10.58052/IEPRS00CS,Liquid>aqueous,5.79,0.653,0.59,-9999,-9999,2.17,0.823,0.14,510,TRUE
N/A,RC2_0008_Water,10.58052/IEPRS00CT,Liquid>aqueous,6.375,0.625,0.53,-9999,-9999,1.105,1.753,0.15,507,TRUE
N/A,RC2_0009_Water,10.58052/IEPRS00CU,Liquid>aqueous,6.9,1.327,-9999,-9999,-9999,2.33,1.493,-9999,494,TRUE
N/A,RC2_0010_Water,10.58052/IEPRS00CV,Liquid>aqueous,9.89,2.537,0.627,-9999,-9999,2.89,1.607,0.203,362,TRUE
N/A,RC2_0011_Water,10.58052/IEPRS00CW,Liquid>aqueous,13.075,3.79,1.585,-9999,-9999,4.905,1.87,0.377,518,TRUE
N/A,RC2_0012_Water,10.58052/IEPRS00CX,Liquid>aqueous,13.92,3.35,1.793,-9999,-9999,5.133,1.98,0.483,122,TRUE
N/A,RC2_0013_Water,10.58052/IEPRS00CM,Liquid>aqueous,-9999,0.585,0.575,-9999,-9999,2.115,0.783,0.14,15.7,TRUE
N/A,RC2_0014_Water,10.58052/IEPRS00CN,Liquid>aqueous,-9999,0.577,0.73,-9999,-9999,1.07,1.54,0.205,9.46,TRUE
N/A,RC2_0015_Water,10.58052/IEPRS00CO,Liquid>aqueous,-9999,1.13,-9999,-9999,-9999,2.243,1.327,0.065,12.9,TRUE
N/A,RC2_0016_Water,10.58052/IEPRS00CP,Liquid>aqueous,-9999,2.217,0.593,-9999,-9999,2.803,1.657,0.191,13.9,TRUE
N/A,RC2_0017_Water,10.58052/IEPRS00CQ,Liquid>aqueous,-9999,3.223,1.67,-9999,-9999,4.657,1.827,0.431,26.3,TRUE
N/A,RC2_0018_Water,10.58052/IEPRS00CR,Liquid>aqueous,-9999,3.787,2.273,-9999,-9999,5.677,1.803,0.515,45.7,TRUE
N/A,RC2_0019_Water,10.58052/IEPRS00CG,Liquid>aqueous,-9999,0.527,0.547,-9999,-9999,2.03,0.867,0.197,8.68,TRUE
N/A,RC2_0020_Water,10.58052/IEPRS00CH,Liquid>aqueous,-9999,0.55,0.697,-9999,-9999,1.04,1.513,0.24,62,TRUE
N/A,RC2_0021_Water,10.58052/IEPRS00CI,Liquid>aqueous,-9999,0.837,-9999,-9999,-9999,1.887,1.31,0.12,7.9,TRUE
N/A,RC2_0022_Water,10.58052/IEPRS00CJ,Liquid>aqueous,-9999,2.33,0.583,-9999,-9999,2.8,1.643,0.25,7.51,TRUE
N/A,RC2_0023_Water,10.58052/IEPRS00CK,Liquid>aqueous,-9999,4.237,-9999,-9999,-9999,6.367,1.913,0.547,8.04,TRUE
N/A,RC2_0024_Water,10.58052/IEPRS00CL,Liquid>aqueous,-9999,4.64,-9999,-9999,-9999,7.993,1.907,0.647,17.8,TRUE
N/A,RC2_0025_Water,10.58052/IEPRS00CA,Liquid>aqueous,4.903,0.467,0.42,-9999,-9999,1.95,0.85,0.173,19.2,TRUE
N/A,RC2_0026_Water,10.58052/IEPRS00CB,Liquid>aqueous,5.94,0.577,0.763,-9999,-9999,1.027,1.307,0.257,10.1,TRUE
N/A,RC2_0027_Water,10.58052/IEPRS00CC,Liquid>aqueous,5.8,0.79,0.17,-9999,-9999,1.945,1.213,0.137,9.44,TRUE
N/A,RC2_0028_Water,10.58052/IEPRS00CD,Liquid>aqueous,9.643,2.013,0.557,-9999,-9999,2.53,1.557,0.243,8.9,TRUE
N/A,RC2_0029_Water,10.58052/IEPRS00CE,Liquid>aqueous,12.53,2.347,1.067,-9999,-9999,3.323,1.793,0.43,8.13,TRUE
N/A,RC2_0030_Water,10.58052/IEPRS00CF,Liquid>aqueous,13.08,2.817,1.577,-9999,-9999,4.58,1.81,0.513,19.8,TRUE
N/A,RC2_0031_Water,10.58052/IEPRS00C4,Liquid>aqueous,4.66,-9999,0.423,-9999,-9999,1.723,0.77,0.12,8.39,TRUE
N/A,RC2_0032_Water,10.58052/IEPRS00C5,Liquid>aqueous,5.623,0.517,0.743,-9999,-9999,0.98,1.243,0.2,6.4,TRUE
N/A,RC2_0033_Water,10.58052/IEPRS00C6,Liquid>aqueous,6.097,1.107,-9999,-9999,-9999,2.293,1.117,-9999,10.8,TRUE
N/A,RC2_0034_Water,10.58052/IEPRS00C7,Liquid>aqueous,9.143,2.05,0.355,-9999,-9999,2.5,1.337,0.157,16.1,TRUE
N/A,RC2_0035_Water,10.58052/IEPRS00C8,Liquid>aqueous,12.59,3.35,1.35,-9999,-9999,4.79,1.553,0.367,122,TRUE
N/A,RC2_0036_Water,10.58052/IEPRS00C9,Liquid>aqueous,14.05,3.627,1.6,-9999,-9999,5.74,1.585,0.43,36.5,TRUE
N/A,RC2_0037_Water,10.58052/IEPRS00BY,Liquid>aqueous,3.39,-9999,0.317,-9999,-9999,1.457,1.58,0.12,42.6,TRUE
N/A,RC2_0038_Water,10.58052/IEPRS00BZ,Liquid>aqueous,4.94,0.467,0.7,-9999,-9999,0.833,1.323,0.17,17.4,TRUE
N/A,RC2_0039_Water,10.58052/IEPRS00C0,Liquid>aqueous,4.593,0.663,0.243,-9999,-9999,1.847,1.507,0.11,60.5,TRUE
N/A,RC2_0040_Water,10.58052/IEPRS00C1,Liquid>aqueous,7.613,1.52,0.447,-9999,-9999,2.15,1.593,0.167,34.6,TRUE
N/A,RC2_0041_Water,10.58052/IEPRS00C2,Liquid>aqueous,11.803,2.827,1.2,-9999,-9999,4.47,1.62,0.34,9.24,TRUE
N/A,RC2_0042_Water,10.58052/IEPRS00C3,Liquid>aqueous,13.09,3.36,1.55,-9999,-9999,5.49,1.583,0.427,12,TRUE
N/A,RC2_0043_Water,10.58052/IEPRS00BT,Liquid>aqueous,4.893,-9999,0.225,-9999,-9999,1.61,0.593,-9999,6.33,TRUE
N/A,RC2_0044_Water,10.58052/IEPRS00BU,Liquid>aqueous,6.27,0.507,0.387,-9999,-9999,0.923,1.043,0.137,2.33,TRUE
N/A,RC2_0045_Water,10.58052/IEPRS00BV,Liquid>aqueous,6.283,1.317,-9999,-9999,-9999,2.523,1.073,-9999,20.1,TRUE
N/A,RC2_0046_Water,10.58052/IEPRS00BW,Liquid>aqueous,9.7,1.717,0.995,-9999,-9999,2.14,1.393,0.24,10.5,TRUE
N/A,RC2_0048_Water,10.58052/IEPRS00BX,Liquid>aqueous,16.17,4.68,2.82,-9999,-9999,9.053,1.687,0.653,4.39,TRUE
N/A,RC2_0049_Water,10.58052/IEPRS00D4,Liquid>aqueous,12.08,3.16,1.513,-9999,-9999,4.683,1.627,0.433,4.36,TRUE
N/A,RC2_0050_Water,10.58052/IEPRS00D5,Liquid>aqueous,4.317,-9999,0.16,-9999,-9999,1.37,0.7,-9999,3.24,TRUE
N/A,RC2_0051_Water,10.58052/IEPRS00D6,Liquid>aqueous,6.17,0.523,0.32,-9999,-9999,1.003,1.1,0.11,2.8,TRUE
N/A,RC2_0052_Water,10.58052/IEPRS00D7,Liquid>aqueous,5.783,1.117,-9999,-9999,-9999,2.37,1.02,-9999,6.99,TRUE
N/A,RC2_0053_Water,10.58052/IEPRS00D8,Liquid>aqueous,8.653,1.783,0.467,-9999,-9999,2.15,1.34,0.21,11,TRUE
N/A,RC2_0054_Water,10.58052/IEPRS00D9,Liquid>aqueous,12.963,3.447,1.82,-9999,-9999,5.693,1.763,0.5,14,TRUE
N/A,RC2_0055_Water,10.58052/IEPRS00DA,Liquid>aqueous,4.085,-9999,-9999,-9999,-9999,1.573,0.69,-9999,3.48,TRUE
N/A,RC2_0056_Water,10.58052/IEPRS00DB,Liquid>aqueous,6.553,0.547,0.193,-9999,-9999,1.113,0.97,-9999,3.44,TRUE
N/A,RC2_0057_Water,10.58052/IEPRS00DC,Liquid>aqueous,5.49,1.093,-9999,-9999,-9999,2.297,0.903,-9999,5.21,TRUE
N/A,RC2_0058_Water,10.58052/IEPRS00DD,Liquid>aqueous,7.94,1.777,0.397,-9999,-9999,2.287,1.227,0.147,10.1,TRUE
N/A,RC2_0059_Water,10.58052/IEPRS00DE,Liquid>aqueous,11.72,3.107,1.39,-9999,-9999,5.177,1.52,0.407,8.32,TRUE
N/A,RC2_0060_Water,10.58052/IEPRS00DF,Liquid>aqueous,14.813,3.91,1.94,-9999,-9999,8.167,1.51,0.527,7.91,TRUE
N/A,RC2_0061_Water,10.58052/IEPRS00DG,Liquid>aqueous,5.857,-9999,-9999,-9999,-9999,1.783,0.557,-9999,1.63,TRUE
N/A,RC2_0062_Water,10.58052/IEPRS00DH,Liquid>aqueous,7.933,0.68,-9999,-9999,-9999,1.357,0.937,-9999,2.01,TRUE
N/A,RC2_0063_Water,10.58052/IEPRS00DI,Liquid>aqueous,6.193,1.435,-9999,0.1,-9999,3.215,0.99,-9999,2.52,TRUE
N/A,RC2_0064_Water,10.58052/IEPRS00DJ,Liquid>aqueous,8.36,2.03,0.653,-9999,-9999,2.237,1.29,0.223,8.86,TRUE
N/A,RC2_0065_Water,10.58052/IEPRS00DK,Liquid>aqueous,20.603,6.395,4.395,0.16,-9999,11.645,1.897,1.24,6.67,TRUE
N/A,RC2_0066_Water,10.58052/IEPRS00DL,Liquid>aqueous,23.153,7.16,3.05,-9999,-9999,14.085,1.887,0.853,1.65,TRUE
N/A,RC2_0067_Water,10.58052/IEPRS00DM,Liquid>aqueous,6.617,0.56,-9999,-9999,-9999,1.78,0.473,-9999,2.48,TRUE
N/A,RC2_0068_Water,10.58052/IEPRS00DN,Liquid>aqueous,8.18,0.68,-9999,-9999,-9999,1.26,0.973,-9999,1.75,TRUE
N/A,RC2_0069_Water,10.58052/IEPRS00DO,Liquid>aqueous,6.527,1.517,-9999,-9999,-9999,2.41,1.037,-9999,4.99,TRUE
N/A,RC2_0070_Water,10.58052/IEPRS00DP,Liquid>aqueous,8.133,2.053,0.59,-9999,-9999,2.043,1.26,0.2,6.28,TRUE
N/A,RC2_0071_Water,10.58052/IEPRS00DQ,Liquid>aqueous,21.863,6.16,4.39,-9999,-9999,11.047,1.877,1.257,3.36,TRUE
N/A,RC2_0072_Water,10.58052/IEPRS00DR,Liquid>aqueous,22.75,6.293,2.553,-9999,-9999,12.107,1.933,0.803,1.5,TRUE
N/A,RC2_0073_Water,10.58052/IEPRS00DX,Liquid>aqueous,23.323,-9999,-9999,-9999,-9999,-9999,1.88,0.733,1.7,TRUE
N/A,RC2_0074_Water,10.58052/IEPRS00DW,Liquid>aqueous,22.71,-9999,-9999,-9999,-9999,-9999,1.813,1.247,16.5,TRUE
N/A,RC2_0075_Water,10.58052/IEPRS00DV,Liquid>aqueous,8.177,-9999,-9999,-9999,-9999,-9999,1.207,0.187,10.7,TRUE
N/A,RC2_0076_Water,10.58052/IEPRS00DU,Liquid>aqueous,6.76,-9999,-9999,-9999,-9999,-9999,0.97,-9999,68.1,TRUE
N/A,RC2_0077_Water,10.58052/IEPRS00DT,Liquid>aqueous,8.633,-9999,-9999,-9999,-9999,-9999,0.923,-9999,1.63,TRUE
N/A,RC2_0078_Water,10.58052/IEPRS00DS,Liquid>aqueous,7.243,-9999,-9999,-9999,-9999,-9999,0.443,-9999,0.84,TRUE
N/A,RC2_0079_Water,10.58052/IEPRS00DY,Liquid>aqueous,7.497,-9999,-9999,-9999,-9999,-9999,0.46,-9999,0.94,TRUE
N/A,RC2_0080_Water,10.58052/IEPRS00DZ,Liquid>aqueous,8.91,-9999,-9999,-9999,-9999,-9999,1.093,0.115,1.55,TRUE
N/A,RC2_0081_Water,10.58052/IEPRS00E0,Liquid>aqueous,6.63,-9999,-9999,-9999,-9999,-9999,1.067,-9999,2.3,TRUE
N/A,RC2_0082_Water,10.58052/IEPRS00E1,Liquid>aqueous,8.507,-9999,-9999,-9999,-9999,-9999,1.24,0.21,5.71,TRUE
N/A,RC2_0083_Water,10.58052/IEPRS00E2,Liquid>aqueous,20.3,-9999,-9999,-9999,-9999,-9999,1.817,1.257,16.3,TRUE
N/A,RC2_0084_Water,10.58052/IEPRS00E3,Liquid>aqueous,24.067,-9999,-9999,-9999,-9999,-9999,1.85,0.96,1.97,FALSE
N/A,RC2_0085_Water,10.58052/IEPRS00E4,Liquid>aqueous,8.453,-9999,-9999,-9999,-9999,-9999,0.727,0.1,14.3,TRUE
N/A,RC2_0086_Water,10.58052/IEPRS00E5,Liquid>aqueous,9.253,-9999,-9999,-9999,-9999,-9999,1.107,0.11,1.6,TRUE
N/A,RC2_0087_Water,10.58052/IEPRS00E6,Liquid>aqueous,6.543,-9999,-9999,-9999,-9999,-9999,1.193,-9999,7.04,TRUE
N/A,RC2_0088_Water,10.58052/IEPRS00E7,Liquid>aqueous,9.1,-9999,-9999,-9999,-9999,-9999,1.483,0.253,159,TRUE
N/A,RC2_0089_Water,10.58052/IEPRS00E8,Liquid>aqueous,23.223,-9999,-9999,-9999,-9999,-9999,2.007,1.467,-9999,TRUE
N/A,RC2_0090_Water,10.58052/IEPRS00E9,Liquid>aqueous,24.697,-9999,-9999,-9999,-9999,-9999,1.98,1.02,-9999,TRUE
N/A,RC2_0091_Water,10.58052/IEPRS00EF,Liquid>aqueous,8.05,-9999,-9999,-9999,-9999,-9999,0.393,-9999,2.1,TRUE
N/A,RC2_0092_Water,10.58052/IEPRS00EE,Liquid>aqueous,9.297,-9999,-9999,-9999,-9999,-9999,0.837,-9999,-9999,TRUE
N/A,RC2_0093_Water,10.58052/IEPRS00ED,Liquid>aqueous,6.377,-9999,-9999,-9999,-9999,-9999,1.06,0.13,4.19,TRUE
N/A,RC2_0094_Water,10.58052/IEPRS00EC,Liquid>aqueous,9.513,-9999,-9999,-9999,-9999,-9999,1.247,0.24,5.17,TRUE
N/A,RC2_0095_Water,10.58052/IEPRS00EB,Liquid>aqueous,23.873,-9999,-9999,-9999,-9999,-9999,1.81,1.683,3.78,TRUE
N/A,RC2_0096_Water,10.58052/IEPRS00EA,Liquid>aqueous,26.607,-9999,-9999,-9999,-9999,-9999,1.813,1.293,5.48,TRUE
N/A,RC2_0097_Water,10.58052/IEPRS00EG,Liquid>aqueous,26.703,-9999,-9999,-9999,-9999,-9999,1.79,1.247,15.3,TRUE
N/A,RC2_0098_Water,10.58052/IEPRS00EH,Liquid>aqueous,22.21,-9999,-9999,-9999,-9999,-9999,1.76,1.387,5.19,TRUE
N/A,RC2_0099_Water,10.58052/IEPRS00EI,Liquid>aqueous,10.683,-9999,-9999,-9999,-9999,-9999,1.417,0.277,7.46,TRUE
N/A,RC2_0100_Water,10.58052/IEPRS00EJ,Liquid>aqueous,6.493,-9999,-9999,-9999,-9999,-9999,1.003,0.117,13.6,TRUE
N/A,RC2_0101_Water,10.58052/IEPRS00EO,Liquid>aqueous,24.515,-9999,-9999,-9999,-9999,-9999,0.437,-9999,0.6,TRUE
N/A,RC2_0103_Water,10.58052/IEPRS00EN,Liquid>aqueous,29.385,-9999,-9999,-9999,-9999,-9999,1,0.125,15.3,TRUE
N/A,RC2_0104_Water,10.58052/IEPRS00EM,Liquid>aqueous,8.203,-9999,-9999,-9999,-9999,-9999,1.38,0.297,6.08,TRUE
N/A,RC2_0105_Water,10.58052/IEPRS00EL,Liquid>aqueous,7.54,-9999,-9999,-9999,-9999,-9999,1.737,1.337,12,TRUE
N/A,RC2_0106_Water,10.58052/IEPRS00EK,Liquid>aqueous,10.36,-9999,-9999,-9999,-9999,-9999,1.933,1.353,11.2,TRUE
N/A,RC2_0107_Water,10.58052/IEPRS00SZ,Liquid>aqueous,10.18,0.943,-9999,-9999,-9999,2.357,0.453,-9999,0.68,TRUE
N/A,RC2_0108_Water,10.58052/IEPRS00T1,Liquid>aqueous,21.497,1.503,-9999,-9999,-9999,1.783,0.837,-9999,0.92,TRUE
N/A,RC2_0109_Water,10.58052/IEPRS00T3,Liquid>aqueous,7.395,2.355,-9999,-9999,-9999,3.443,0.99,-9999,6.66,TRUE
N/A,RC2_0110_Water,10.58052/IEPRS00T5,Liquid>aqueous,9.71,4.24,1.05,0.04,-9999,4.585,1.497,0.383,5.65,TRUE
N/A,RC2_0111_Water,10.58052/IEPRS00T7,Liquid>aqueous,11.665,7.06,5.043,-9999,-9999,10.93,1.63,1.36,13.1,TRUE
N/A,RC2_0112_Water,10.58052/IEPRS00T9,Liquid>aqueous,9.13,8.113,5.243,-9999,-9999,13.5,1.657,1.323,8.6,TRUE
N/A,RC2_0113_Water,10.58052/IEPRS00EU,Liquid>aqueous,8.153,0.917,-9999,-9999,-9999,2.44,0.8,-9999,3.24,TRUE
N/A,RC2_0114_Water,10.58052/IEPRS00ET,Liquid>aqueous,9.17,1.493,-9999,-9999,-9999,1.707,1.003,-9999,0.9,TRUE
N/A,RC2_0115_Water,10.58052/IEPRS00ES,Liquid>aqueous,6.743,2.443,-9999,-9999,-9999,3.433,1.23,0.1,5.87,TRUE
N/A,RC2_0116_Water,10.58052/IEPRS00ER,Liquid>aqueous,13.573,3.837,1.1,-9999,-9999,4.34,1.64,0.37,7.54,TRUE
N/A,RC2_0117_Water,10.58052/IEPRS00EQ,Liquid>aqueous,22.29,7.37,5.723,-9999,-9999,11.35,1.867,1.277,5.05,TRUE
N/A,RC2_0118_Water,10.58052/IEPRS00EP,Liquid>aqueous,24.933,8.753,5.59,-9999,-9999,14.867,1.98,1.18,10.1,TRUE
N/A,RC2_0119_Water,10.58052/IEPRS00FB,Liquid>aqueous,8.157,1.057,-9999,-9999,-9999,2.267,0.64,-9999,0.49,TRUE
N/A,RC2_0120_Water,10.58052/IEPRS00FA,Liquid>aqueous,9.32,1.507,-9999,-9999,-9999,1.64,1.033,-9999,0.5,TRUE
N/A,RC2_0121_Water,10.58052/IEPRS00F9,Liquid>aqueous,6.903,2.813,0.155,-9999,-9999,3.253,1.15,0.1,4.65,TRUE
N/A,RC2_0122_Water,10.58052/IEPRS00F8,Liquid>aqueous,13.947,4.477,1.077,-9999,-9999,4.69,1.753,0.383,6.09,TRUE
N/A,RC2_0123_Water,10.58052/IEPRS00FC,Liquid>aqueous,24.743,10.393,5.4,0.04,-9999,13.923,1.887,1.467,9.76,TRUE
N/A,RC2_0124_Water,10.58052/IEPRS00F7,Liquid>aqueous,27.503,10.337,5.15,-9999,-9999,15.97,1.79,1.227,3.89,TRUE
N/A,RC2_0125_Water,10.58052/IEPRS00F0,Liquid>aqueous,8.303,0.903,-9999,-9999,-9999,2.103,0.463,-9999,4.87,TRUE
N/A,RC2_0126_Water,10.58052/IEPRS00EZ,Liquid>aqueous,9.267,1.71,-9999,-9999,-9999,1.46,0.797,-9999,21.1,TRUE
N/A,RC2_0127_Water,10.58052/IEPRS00EY,Liquid>aqueous,7.137,3.07,-9999,-9999,-9999,2.98,0.953,-9999,5.06,TRUE
N/A,RC2_0128_Water,10.58052/IEPRS00EX,Liquid>aqueous,14.19,5.483,1.067,-9999,-9999,4.78,1.397,-9999,6.32,TRUE
N/A,RC2_0129_Water,10.58052/IEPRS00EW,Liquid>aqueous,25.203,9.947,4.92,-9999,-9999,13.153,1.587,-9999,5.17,TRUE
N/A,RC2_0130_Water,10.58052/IEPRS00EV,Liquid>aqueous,27.893,10.777,4.597,-9999,-9999,15.62,1.727,-9999,2.72,TRUE
N/A,RC2_0131_Water,10.58052/IEPRS00F6,Liquid>aqueous,8.327,1.515,-9999,-9999,-9999,2.017,0.557,-9999,0.44,TRUE
N/A,RC2_0132_Water,10.58052/IEPRS00F5,Liquid>aqueous,9.177,1.7,-9999,-9999,-9999,1.513,0.773,-9999,1.03,TRUE
N/A,RC2_0133_Water,10.58052/IEPRS00F4,Liquid>aqueous,7.45,1.83,-9999,-9999,-9999,1.877,0.92,-9999,4.08,TRUE
N/A,RC2_0134_Water,10.58052/IEPRS00F3,Liquid>aqueous,16.727,4.993,1.18,0.08,-9999,4.96,1.307,-9999,5.95,TRUE
N/A,RC2_0135_Water,10.58052/IEPRS00F2,Liquid>aqueous,23.16,8.637,4.28,-9999,-9999,10.327,1.463,-9999,7.38,TRUE
N/A,RC2_0136_Water,10.58052/IEPRS00F1,Liquid>aqueous,27.147,8.563,4.04,0.09,-9999,12.257,1.68,-9999,23.1,TRUE
N/A,RC2_0137_Water,10.58052/IEPRS00FI,Liquid>aqueous,6.95,1.123,-9999,-9999,-9999,2.37,0.967,0.147,1.23,TRUE
N/A,RC2_0138_Water,10.58052/IEPRS00FH,Liquid>aqueous,8.453,1.603,-9999,-9999,-9999,1.457,1.61,0.163,1.04,TRUE
N/A,RC2_0139_Water,10.58052/IEPRS00FG,Liquid>aqueous,7.623,2.413,-9999,-9999,-9999,3.077,1.12,0.145,7.77,TRUE
N/A,RC2_0140_Water,10.58052/IEPRS00FF,Liquid>aqueous,15.873,5.453,1.177,0.06,-9999,4.723,1.343,0.48,4.59,TRUE
N/A,RC2_0141_Water,10.58052/IEPRS00FE,Liquid>aqueous,24.847,8.58,4.293,0.065,-9999,10.75,1.537,1.35,13.4,TRUE
N/A,RC2_0142_Water,10.58052/IEPRS00FD,Liquid>aqueous,26.693,9.073,4.717,-9999,-9999,13.11,1.63,1.48,8.66,TRUE
N/A,RC2_0143_Water,10.58052/IEPRS00FO,Liquid>aqueous,5.913,1.093,0.14,-9999,-9999,2.027,0.987,0.13,1.78,TRUE
N/A,RC2_0144_Water,10.58052/IEPRS00FN,Liquid>aqueous,7.957,1.275,0.175,-9999,-9999,1.38,1.42,0.163,2.04,TRUE
N/A,RC2_0145_Water,10.58052/IEPRS00FM,Liquid>aqueous,7.173,1.847,-9999,-9999,-9999,3.037,1.07,0.143,21.1,TRUE
N/A,RC2_0146_Water,10.58052/IEPRS00FL,Liquid>aqueous,15.173,5.837,1.327,0.05,-9999,5.207,1.363,0.457,3.78,TRUE
N/A,RC2_0147_Water,10.58052/IEPRS00FK,Liquid>aqueous,23.257,7.963,3.91,0.05,-9999,10.493,1.397,1.303,6.64,TRUE
N/A,RC2_0148_Water,10.58052/IEPRS00FJ,Liquid>aqueous,24.767,8.383,4.403,-9999,-9999,12.327,1.48,1.22,6.37,TRUE
N/A,RC2_0149_Water,10.58052/IEPRS00FS,Liquid>aqueous,4.867,-9999,-9999,-9999,-9999,-9999,1,0.645,3.87,TRUE
N/A,RC2_0150_Water,10.58052/IEPRS00FU,Liquid>aqueous,5.953,-9999,-9999,-9999,-9999,-9999,1.763,0.13,2.79,TRUE
N/A,RC2_0151_Water,10.58052/IEPRS00FT,Liquid>aqueous,5.083,-9999,-9999,-9999,-9999,-9999,1.563,0.665,12.1,TRUE
N/A,RC2_0152_Water,10.58052/IEPRS00FR,Liquid>aqueous,9.207,-9999,-9999,-9999,-9999,-9999,1.607,0.265,11.7,TRUE
N/A,RC2_0153_Water,10.58052/IEPRS00FP,Liquid>aqueous,12.163,-9999,-9999,-9999,-9999,-9999,2.137,0.115,33.1,TRUE
N/A,RC2_0154_Water,10.58052/IEPRS00FQ,Liquid>aqueous,11.6,-9999,-9999,-9999,-9999,-9999,2.143,0.26,41.1,TRUE
N/A,RC2_0155_Water,10.58052/IEPRS00G0,Liquid>aqueous,4.947,1.385,0.255,-9999,-9999,2.055,0.82,0.137,5.57,TRUE
N/A,RC2_0156_Water,10.58052/IEPRS00FZ,Liquid>aqueous,5.957,1.41,0.375,-9999,-9999,1.055,1.75,0.193,1.67,TRUE
N/A,RC2_0157_Water,10.58052/IEPRS00FY,Liquid>aqueous,5.51,1.735,-9999,-9999,-9999,2.87,1.37,0.685,2.21,TRUE
N/A,RC2_0158_Water,10.58052/IEPRS00FX,Liquid>aqueous,9.753,4.193,0.803,-9999,-9999,3.445,1.41,0.34,6.71,TRUE
N/A,RC2_0159_Water,10.58052/IEPRS00FW,Liquid>aqueous,13.49,-9999,-9999,-9999,-9999,-9999,1.64,0.657,26.4,TRUE
N/A,RC2_0160_Water,10.58052/IEPRS00FV,Liquid>aqueous,13.07,5.7,2.4,-9999,-9999,6.23,1.653,0.66,28.9,TRUE
N/A,RC2_0163_Water,10.58052/IEPRS00G1,Liquid>aqueous,6.27,1.93,-9999,-9999,-9999,2.58,1.06,0.11,2.55,TRUE
N/A,RC2_0164_Water,10.58052/IEPRS00G2,Liquid>aqueous,12.213,5.72,0.957,-9999,-9999,3.8,1.097,0.317,5.43,TRUE
N/A,RC2_0165_Water,10.58052/IEPRS00G3,Liquid>aqueous,17.335,8.03,3.067,-9999,-9999,7.913,1.2,0.86,3.72,TRUE
N/A,RC2_0166_Water,10.58052/IEPRS00G4,Liquid>aqueous,20.097,6.737,3.43,-9999,-9999,9.037,1.247,0.997,6.5,TRUE
N/A,RC2_0167_Water,10.58052/IEPRS00G5,Liquid>aqueous,21.71,7.593,4.213,-9999,-9999,10.743,1.743,1.267,-9999,TRUE
N/A,RC2_0177_Water,10.58052/IEPRS00G6,Liquid>aqueous,15.977,6.19,3.303,0.04,-9999,6.78,3.127,1.035,63,TRUE
N/A,RC2_0178_Water,10.58052/IEPRS00G7,Liquid>aqueous,19.97,7.643,4.113,0.04,-9999,10.057,1.883,1.22,7.05,TRUE
N/A,RC2_0179_Water,10.58052/IEPRS00GA,Liquid>aqueous,11.237,5.457,0.657,-9999,-9999,3.85,1.347,0.257,4.76,TRUE
N/A,RC2_0183_Water,10.58052/IEPRS00G9,Liquid>aqueous,15.063,7.807,2.01,-9999,-9999,5.847,1.5,0.677,10.5,TRUE
N/A,RC2_0184_Water,10.58052/IEPRS00G8,Liquid>aqueous,15.577,7.653,2.477,-9999,-9999,6.703,1.53,0.737,13.2,TRUE
N/A,RC2_0187_Water,10.58052/IEPRS00GB,Liquid>aqueous,16.087,2.44,-9999,0.04,-9999,3.183,1.563,-9999,4.53,TRUE
N/A,RC2_0188_Water,10.58052/IEPRS00GC,Liquid>aqueous,15.52,7.183,1.517,-9999,-9999,4.103,3.127,0.727,51.5,TRUE
N/A,RC2_0189_Water,10.58052/IEPRS00GD,Liquid>aqueous,15.075,7.857,2.233,-9999,-9999,7.007,1.877,1.075,5.77,TRUE
N/A,RC2_0190_Water,10.58052/IEPRS00GE,Liquid>aqueous,12.32,7.735,3,-9999,-9999,8.305,1.527,0.85,28.7,TRUE
N/A,RC2_0191_Water,10.58052/IEPRS00GF,Liquid>aqueous,18.44,8.46,2.657,0.05,-9999,8.423,1.383,0.933,16.5,TRUE
N/A,RC2_0192_Water,10.58052/IEPRS00GG,Liquid>aqueous,16.48,8.07,2.147,0.04,-9999,6.49,1.46,0.783,81,TRUE
N/A,RC2_0193_Water,10.58052/IEPRS00GH,Liquid>aqueous,6.4,1.5,0.303,-9999,-9999,2.74,3.363,0.257,91.7,TRUE
N/A,RC2_0194_Water,10.58052/IEPRS00GI,Liquid>aqueous,9.257,4.427,0.56,-9999,-9999,2.957,2.82,0.323,98.6,TRUE
N/A,RC2_0195_Water,10.58052/IEPRS00L9,Liquid>aqueous,7.333,0.975,0.235,-9999,-9999,1.045,1.653,0.167,15,TRUE
N/A,RC2_0196_Water,10.58052/IEPRS00LA,Liquid>aqueous,6.353,2.01,0.143,-9999,-9999,2.7,1.723,0.175,6.51,TRUE
N/A,RC2_0197_Water,10.58052/IEPRS00LB,Liquid>aqueous,10.61,4.425,0.495,-9999,-9999,2.685,1.75,0.253,7.09,TRUE
N/A,RC2_0198_Water,10.58052/IEPRS00LC,Liquid>aqueous,13.573,5.325,1.47,-9999,-9999,4.73,1.823,0.563,10.3,TRUE
N/A,RC2_0199_Water,10.58052/IEPRS00LD,Liquid>aqueous,13.497,5.933,1.817,-9999,-9999,5.54,1.657,0.583,29.8,TRUE
N/A,RC2_0200_Water,10.58052/IEPRS00LE,Liquid>aqueous,6.787,0.923,0.283,-9999,-9999,1.92,0.867,0.147,3.64,TRUE
N/A,RC2_0201_Water,10.58052/IEPRS00LF,Liquid>aqueous,7.35,1.03,0.13,-9999,-9999,0.963,2.333,0.15,5.24,TRUE
N/A,RC2_0202_Water,10.58052/IEPRS00LG,Liquid>aqueous,7.787,1.767,-9999,-9999,-9999,2.683,2,0.123,8.57,TRUE
N/A,RC2_0203_Water,10.58052/IEPRS00LH,Liquid>aqueous,11.297,4.677,0.293,-9999,-9999,2.87,1.803,0.2,9.41,TRUE
N/A,RC2_0204_Water,10.58052/IEPRS00LI,Liquid>aqueous,15.8,6.48,1.41,-9999,-9999,5.043,1.763,0.44,19.2,TRUE
N/A,RC2_0205_Water,10.58052/IEPRS00LJ,Liquid>aqueous,16.567,5.68,1.533,-9999,-9999,5.277,1.737,0.687,10.6,TRUE
N/A,RC2_0206_Water,10.58052/IEPRS00LK,Liquid>aqueous,6.23,-9999,-9999,-9999,-9999,-9999,0.717,0.157,5.79,FALSE
N/A,RC2_0207_Water,10.58052/IEPRS00LL,Liquid>aqueous,7.067,-9999,-9999,-9999,-9999,-9999,1.703,0.17,12.15,FALSE
N/A,RC2_0208_Water,10.58052/IEPRS00LM,Liquid>aqueous,7.063,-9999,-9999,-9999,-9999,-9999,1.433,0.147,16.52,FALSE
N/A,RC2_0209_Water,10.58052/IEPRS00LN,Liquid>aqueous,9.583,-9999,-9999,-9999,-9999,-9999,1.58,0.207,7.1,FALSE
N/A,RC2_0210_Water,10.58052/IEPRS00LO,Liquid>aqueous,13.687,-9999,-9999,-9999,-9999,-9999,1.723,0.41,4.04,FALSE
N/A,RC2_0211_Water,10.58052/IEPRS00LP,Liquid>aqueous,-9999,-9999,-9999,-9999,-9999,-9999,1.747,0.467,22.87,TRUE
#End_Data,,,,,,,,,,,,,
