File_Name,File_Description,Standard,Date_Start,Date_End,Missing_Value_Codes,File_Path
v3_readme_RC2_Sample.pdf,Data package level readme. Contains data package summary; acknowledgements; and contact information.,N/A,-9999,-9999,N/A,/v3_RC2_TemporalStudy_2021-2022_SampleData
v3_RC2_Sample_dd.csv,Data dictionary that defines columns headers across all csv files contained in the data package.,ESS-DIVE CSV v1,-9999,-9999,"""N/A""; ""-9999""; """"; ""NA"" ",/v3_RC2_TemporalStudy_2021-2022_SampleData
v3_RC2_Sample_flmd.csv,File-level metadata that lists and describes all of the files contained in the data package.,ESS-DIVE CSV v1; ESS-DIVE FLMD v1,-9999,-9999,"""N/A""; ""-9999""; """"; ""NA"" ",/v3_RC2_TemporalStudy_2021-2022_SampleData
RC2_Temporal_Sampling_Protocol.pdf,Step-by-step instructions used to complete the sampling in the field.,N/A,-9999,-9999,N/A,/v3_RC2_TemporalStudy_2021-2022_SampleData
RC2_Temporal_Sensor_Protocol.pdf,Step-by-step instructions used to complete the sensor deployment in the field.,N/A,-9999,-9999,N/A,/v3_RC2_TemporalStudy_2021-2022_SampleData
v2_RC2_DIC_2021-2022.csv,Dissolved inorganic carbon (DIC) from water samples. Methods information is embedded with methods codes that are defined in v*_RC2_Methods_Codes.csv. The file follows the ESS-DIVE Reporting Format for Soil; Sediment; and Water Chemistry data (Boye et al. 2022).,ESS-DIVE CSV v1; ESS-DIVE Water-Soil-Sediment Chem v1, 2021-04-20, 2022-04-07,"""N/A""; ""-9999""; """"; ""NA"" ",/v3_RC2_TemporalStudy_2021-2022_SampleData
v2_RC2_FTICR_2021-2022.csv,Methods information for FTICR is embedded with methods codes in this file and difined in v*_RC2_Methods_Codes.csv. FTICR data can be found in the FTICR folder. The file follows the ESS-DIVE Reporting Format for Soil; Sediment; and Water Chemistry data (Boye et al. 2022).,ESS-DIVE CSV v1; ESS-DIVE Water-Soil-Sediment Chem v1, 2021-04-20, 2022-04-07,"""N/A""; ""-9999""; """"; ""NA"" ",/v3_RC2_TemporalStudy_2021-2022_SampleData
v2_RC2_Ions_2021-2022.csv,Ions from water samples. Methods information is embedded with methods codes that are defined in v*_RC2_Methods_Codes.csv. The file follows the ESS-DIVE Reporting Format for Soil; Sediment; and Water Chemistry data (Boye et al. 2022).,ESS-DIVE CSV v1; ESS-DIVE Water-Soil-Sediment Chem v1, 2021-04-20, 2022-04-07,"""N/A""; ""-9999""; """"; ""NA"" ",/v3_RC2_TemporalStudy_2021-2022_SampleData
v2_RC2_Methods_Codes_2021-2022.csv,Definitions of methods codes used in chemistry data. The file follows the ESS-DIVE Reporting Format for Soil; Sediment; and Water Chemistry data (Boye et al. 2022).,ESS-DIVE CSV v1; ESS-DIVE Water-Soil-Sediment Chem v1,-9999,-9999,"""N/A""; ""-9999""; """"; ""NA"" ",/v3_RC2_TemporalStudy_2021-2022_SampleData
v2_RC2_NPOC_TN_2021-2022.csv,Dissolved organic carbon (DOC; reported as non-purgeable organic carbon; NPOC) and total dissolved nitrogen (TN) from water samples. Methods information is embedded with methods codes that are defined in v*_RC2_Methods_Codes.csv. The file follows the ESS-DIVE Reporting Format for Soil; Sediment; and Water Chemistry data (Boye et al. 2022).,ESS-DIVE CSV v1; ESS-DIVE Water-Soil-Sediment Chem v1, 2021-04-20, 2022-04-07,"""N/A""; ""-9999""; """"; ""NA"" ",/v3_RC2_TemporalStudy_2021-2022_SampleData
v2_RC2_Sample_Data_Summary_2021-2022.csv,"Mean dissolved organic carbon (DOC; reported as non-purgeable organic carbon; NPOC); total dissolved nitrogen (TN);  dissolved inorganic carbon (DIC); total suspended solids (TSS); and ions from water samples. For each sampling event (e.g. RC2_0005); the  values of each of the three biological replicates for a given measurement (e.g. RC2_0005_OCN-1; RC2_0005_OCN-2; RC2_0005_OCN-3) are averaged. Any replicate values that were an outlier (using distance-based outlier detection) or above/below the limit of detection are not included in the mean. The ""Mean_Missing_Reps"" column indicates if a mean does not include all three replicates using a TRUE/FALSE flag where TRUE indicates one or more replicates are missing from the mean. Some sample types were not collected with replicates (i.e. TSS) and therefore the value reported in this file are the same as in the individual analyte file. This file was previously called ""RC2_NPOC_TN_DIC_TSS_Ions_Summary_2021-2022.csv"".",ESS-DIVE CSV v1; ESS-DIVE Water-Soil-Sediment Chem v1, 2021-04-20, 2022-04-07,"""N/A""; ""-9999""; """"; ""NA"" ",/v3_RC2_TemporalStudy_2021-2022_SampleData
v2_RC2_Sample_IGSN-Mapping.csv,File that maps between sample names and registered International Generic Sample Numbers (IGSNs). Includes metadata required by ESS-DIVE Reporting Format for Sample ID and Metadata (Damerow et al. 2020). Some fields are repeated from the field metadata. Sampling occurred at slightly different coordinates within the same relative location. One latitude and one longitude for each site is provided. In compliance with the ESS-DIVE Location Metadata Reporting Format (Crystal-Ornelas et al. 2022) the Submission_Contact_Name; Submission_Contact_Email; Location_ID; Description; Latitude; and Longitude can all be found in the Dataset Metadata associated with this data package (and found on the ESS-DIVE landing page). The Location_ID; Latitude; and Longitude can also be found in WHONDRS_STL_IGSN-Mapping.csv as Locality; Latitude; and Longitude; respectively. There is no separate file associated with the ESS-DIVE Location Metadata Reporting Format.,ESS-DIVE CSV v1; ESS-DIVE Sample v1; ESS-DIVE Location v1,-9999,-9999,"""N/A""; ""-9999""; """"; ""NA"" ",/v3_RC2_TemporalStudy_2021-2022_SampleData
v2_RC2_TSS_2021-2022.csv,Total suspended solids (TSS) from water samples. Methods information is embedded with methods codes that are defined in v*_RC2_Methods_Codes.csv. The file follows the ESS-DIVE Reporting Format for Soil; Sediment; and Water Chemistry data (Boye et al. 2022).,ESS-DIVE CSV v1; ESS-DIVE Water-Soil-Sediment Chem v1, 2021-04-20, 2022-04-07,"""N/A""; ""-9999""; """"; ""NA"" ",/v3_RC2_TemporalStudy_2021-2022_SampleData
v3_RC2_Sample_Field_Metadata.csv,Sample metadata including sample name information for each vial used during the campaign and accompanying information captured in the field (i.e. coordinates; date; stream name).,ESS-DIVE CSV v1, 2021-04-20, 2022-04-07,"""N/A""; ""-9999""; """"; ""NA"" ",/v3_RC2_TemporalStudy_2021-2022_SampleData
RC2_*.xml,"Raw FTICR-MS instrument files. The asterisk * indicates the sample name; followed by a hyphen and the replicate indicator (1; 2; or 3); followed by ""_p"" and the ion accumulation time (IAT). Each sample had three replicates. FTICR methods information can be found in v*_RC2_FTICR_2021-2022.csv and v*_RC2_Methods_Codes_2021-2022.csv.",N/A, 2021-04-20, 2022-04-07,N/A,/v3_RC2_TemporalStudy_2021-2022_SampleData/FTICR/FTICR_Data
Formularity_Log_Processing_v2.R,R script to process FTICR-MS data.,N/A,-9999,-9999,N/A,/v3_RC2_TemporalStudy_2021-2022_SampleData/FTICR/FTICR_Instructions
FTICR_Instructions-Report_Generation_SOP_v3.pdf,Instructions for working with FTICR data.,N/A,-9999,-9999,N/A,/v3_RC2_TemporalStudy_2021-2022_SampleData/FTICR/FTICR_Instructions
Hawkes_neg.ref,Calibration file needed to process FTICR-MS data.,N/A,-9999,-9999,N/A,/v3_RC2_TemporalStudy_2021-2022_SampleData/FTICR/FTICR_Instructions
